{
  "job_type": "GPU training",
  "start_time": 1765038462.0607822,
  "end_time": 1765132575.4589458,
  "wall_clock_sec": 94113.39816355705,
  "cpu_percent_avg": 18.68789808917179,
  "cpu_percent_peak": 24.8,
  "ram_used_MB_avg": 41753.61265324836,
  "ram_used_MB_peak": 52366.913536,
  "gpu_util_avg": 33.78089171974522,
  "gpu_util_peak": 100.0,
  "gpu_mem_MB_avg": 8380.955148392184,
  "gpu_mem_MB_peak": 25699.680256,
  "gpu": {
    "enabled": true,
    "index": 0,
    "name": "NVIDIA GeForce RTX 3090",
    "mem_total_MB": 25769.803776,
    "samples": 785
  },
  "samples": 785,
  "interval_sec": 120.0,
  "runtime": {
    "initial": {
      "epoch": 0
    },
    "current": {
      "epoch": 3577
    }
  },
  "metadata": {}
}