{
  "job_type": "GPU training",
  "start_time": 1763398061.136913,
  "end_time": 1763407823.3671522,
  "wall_clock_sec": 9762.230239152908,
  "cpu_percent_avg": 5.571084337349398,
  "cpu_percent_peak": 14.3,
  "ram_used_MB_avg": 255809.5189744577,
  "ram_used_MB_peak": 260652.25728,
  "gpu_util_avg": 50.373493975903614,
  "gpu_util_peak": 97.0,
  "gpu_mem_MB_avg": 8874.622975999995,
  "gpu_mem_MB_peak": 8874.622976,
  "gpu": {
    "enabled": true,
    "index": 0,
    "name": "Quadro RTX 6000",
    "mem_total_MB": 25769.803776,
    "samples": 83
  },
  "samples": 83,
  "interval_sec": 120.0,
  "runtime": {
    "initial": {
      "idx": 0
    },
    "current": {
      "idx": 59
    }
  },
  "metadata": {}
}