{
  "job_type": "GPU training",
  "start_time": 1765243722.4985561,
  "end_time": 1765243949.8274298,
  "wall_clock_sec": 227.32887363433838,
  "cpu_percent_avg": 6.333333333333333,
  "cpu_percent_peak": 10.7,
  "ram_used_MB_avg": 206238.8210346667,
  "ram_used_MB_peak": 221389.979648,
  "gpu_util_avg": 0.0,
  "gpu_util_peak": 0.0,
  "gpu_mem_MB_avg": 716.701696,
  "gpu_mem_MB_peak": 716.701696,
  "gpu": {
    "enabled": true,
    "index": 0,
    "name": "Quadro RTX 6000",
    "mem_total_MB": 25769.803776,
    "samples": 3
  },
  "samples": 3,
  "interval_sec": 120.0,
  "runtime": {
    "initial": {
      "idx": 0
    },
    "current": {
      "idx": 59
    }
  },
  "metadata": {}
}