{
  "job_type": "GPU training",
  "start_time": 1763429094.5913088,
  "end_time": 1763578016.3955393,
  "wall_clock_sec": 148921.80423045158,
  "cpu_percent_avg": 9.582942603071949,
  "cpu_percent_peak": 15.2,
  "ram_used_MB_avg": 11927.639310693614,
  "ram_used_MB_peak": 21349.822464,
  "gpu_util_avg": 82.38722716248989,
  "gpu_util_peak": 100.0,
  "gpu_mem_MB_avg": 12005.576078176233,
  "gpu_mem_MB_peak": 25000.476672,
  "gpu": {
    "enabled": true,
    "index": 0,
    "name": "NVIDIA GeForce RTX 3090",
    "mem_total_MB": 25769.803776,
    "samples": 1237
  },
  "samples": 1237,
  "interval_sec": 120.0,
  "runtime": {
    "initial": {
      "epoch": 0
    },
    "current": {
      "epoch": 5561
    }
  },
  "metadata": {}
}