{
  "job_type": "GPU training",
  "start_time": 1763410229.6932206,
  "end_time": 1763507674.7944212,
  "wall_clock_sec": 97445.1012005806,
  "cpu_percent_avg": 5.446592317224265,
  "cpu_percent_peak": 7.7,
  "ram_used_MB_avg": 162014.18414980912,
  "ram_used_MB_peak": 273553.965056,
  "gpu_util_avg": 77.28252788104089,
  "gpu_util_peak": 100.0,
  "gpu_mem_MB_avg": 8650.660558195794,
  "gpu_mem_MB_peak": 25765.085184,
  "gpu": {
    "enabled": true,
    "index": 0,
    "name": "Quadro RTX 6000",
    "mem_total_MB": 25769.803776,
    "samples": 807
  },
  "samples": 807,
  "interval_sec": 120.0,
  "runtime": {
    "initial": {
      "idx": 0
    },
    "current": {
      "idx": 59
    }
  },
  "metadata": {}
}