{
  "job_type": "GPU training",
  "start_time": 1765243785.2541487,
  "end_time": 1765286178.6545682,
  "wall_clock_sec": 42393.40041947365,
  "cpu_percent_avg": 11.216101694915258,
  "cpu_percent_peak": 20.0,
  "ram_used_MB_avg": 232690.34693279106,
  "ram_used_MB_peak": 274741.731328,
  "gpu_util_avg": 2.384180790960452,
  "gpu_util_peak": 100.0,
  "gpu_mem_MB_avg": 1040.865708112997,
  "gpu_mem_MB_peak": 12628.525056,
  "gpu": {
    "enabled": true,
    "index": 0,
    "name": "Quadro RTX 6000",
    "mem_total_MB": 25769.803776,
    "samples": 354
  },
  "samples": 354,
  "interval_sec": 120.0,
  "runtime": {
    "initial": {
      "epoch": 0
    },
    "current": {
      "epoch": 3207
    }
  },
  "metadata": {}
}