{
  "job_type": "GPU training",
  "start_time": 1763428961.1269677,
  "end_time": 1763481419.3615146,
  "wall_clock_sec": 52458.234546899796,
  "cpu_percent_avg": 10.04462242562929,
  "cpu_percent_peak": 10.2,
  "ram_used_MB_avg": 12130.434425263158,
  "ram_used_MB_peak": 12448.260096,
  "gpu_util_avg": 81.8741418764302,
  "gpu_util_peak": 100.0,
  "gpu_mem_MB_avg": 11738.80832,
  "gpu_mem_MB_peak": 11738.80832,
  "gpu": {
    "enabled": true,
    "index": 0,
    "name": "NVIDIA GeForce RTX 3090",
    "mem_total_MB": 25769.803776,
    "samples": 437
  },
  "samples": 437,
  "interval_sec": 120.0,
  "runtime": {
    "initial": {
      "epoch": 0
    },
    "current": {
      "epoch": 3793
    }
  },
  "metadata": {}
}