{
  "job_type": "GPU training",
  "start_time": 1761849740.4387648,
  "end_time": 1761920806.1997764,
  "wall_clock_sec": 71065.7610116005,
  "cpu_percent_avg": 6.727824620573355,
  "cpu_percent_peak": 10.2,
  "ram_used_MB_avg": 9603.032773720068,
  "ram_used_MB_peak": 13868.027904,
  "gpu_util_avg": 12.684654300168635,
  "gpu_util_peak": 100.0,
  "gpu_mem_MB_avg": 1857.58045506914,
  "gpu_mem_MB_peak": 18409.848832,
  "gpu": {
    "enabled": true,
    "index": 0,
    "name": "NVIDIA GeForce RTX 3090",
    "mem_total_MB": 25769.803776,
    "samples": 593
  },
  "samples": 593,
  "interval_sec": 120.0,
  "runtime": {
    "initial": {
      "epoch": 0
    },
    "current": {
      "epoch": 2965
    }
  },
  "metadata": {}
}