{
  "job_type": "GPU training",
  "start_time": 1763598832.529103,
  "end_time": 1763601814.6085541,
  "wall_clock_sec": 2982.079451084137,
  "cpu_percent_avg": 5.234615384615386,
  "cpu_percent_peak": 7.1,
  "ram_used_MB_avg": 216468.29174153847,
  "ram_used_MB_peak": 217424.330752,
  "gpu_util_avg": 91.03846153846153,
  "gpu_util_peak": 100.0,
  "gpu_mem_MB_avg": 20018.243426461533,
  "gpu_mem_MB_peak": 20018.888704,
  "gpu": {
    "enabled": true,
    "index": 0,
    "name": "Quadro RTX 6000",
    "mem_total_MB": 25769.803776,
    "samples": 26
  },
  "samples": 26,
  "interval_sec": 120.0,
  "runtime": {
    "initial": {
      "idx": 0
    },
    "current": {
      "idx": 59
    }
  },
  "metadata": {}
}