{
  "job_type": "GPU training",
  "start_time": 1765410517.0370493,
  "end_time": 1765448821.7569075,
  "wall_clock_sec": 38304.719858169556,
  "cpu_percent_avg": 10.144062500000038,
  "cpu_percent_peak": 15.0,
  "ram_used_MB_avg": 32091.435212800017,
  "ram_used_MB_peak": 38605.06624,
  "gpu_util_avg": 76.534375,
  "gpu_util_peak": 98.0,
  "gpu_mem_MB_avg": 16410.411008000025,
  "gpu_mem_MB_peak": 16410.411008,
  "gpu": {
    "enabled": true,
    "index": 0,
    "name": "NVIDIA GeForce RTX 3090",
    "mem_total_MB": 25769.803776,
    "samples": 320
  },
  "samples": 320,
  "interval_sec": 120.0,
  "runtime": {
    "initial": {
      "epoch": 22787
    },
    "current": {
      "epoch": 25615
    }
  },
  "metadata": {}
}