{
  "job_type": "GPU training",
  "start_time": 1758530665.4750435,
  "end_time": 1758552153.2458913,
  "wall_clock_sec": 21487.770847797394,
  "cpu_percent_avg": 10.113333333333333,
  "cpu_percent_peak": 12.5,
  "ram_used_MB_avg": 24524.914824533334,
  "ram_used_MB_peak": 24588.414976,
  "gpu_util_avg": null,
  "gpu_util_peak": null,
  "gpu_mem_MB_avg": null,
  "gpu_mem_MB_peak": null,
  "samples": 180,
  "interval_sec": 120.0,
  "metadata": {}
}