{
  "job_type": "GPU training",
  "start_time": 1762486707.533769,
  "end_time": 1762491617.2652516,
  "wall_clock_sec": 4909.731482744217,
  "cpu_percent_avg": 31.742857142857144,
  "cpu_percent_peak": 53.6,
  "ram_used_MB_avg": 409577.15846095234,
  "ram_used_MB_peak": 438740.56192,
  "gpu_util_avg": 0.0,
  "gpu_util_peak": 0.0,
  "gpu_mem_MB_avg": 773.3247999999994,
  "gpu_mem_MB_peak": 773.3248,
  "gpu": {
    "enabled": true,
    "index": 0,
    "name": "Quadro RTX 6000",
    "mem_total_MB": 25769.803776,
    "samples": 42
  },
  "samples": 42,
  "interval_sec": 120.0,
  "runtime": {
    "initial": {
      "idx": 10
    },
    "current": {
      "idx": 39
    }
  },
  "metadata": {}
}