{
  "job_type": "GPU training",
  "start_time": 1764872847.8155704,
  "end_time": 1764947276.687526,
  "wall_clock_sec": 74428.87195563316,
  "cpu_percent_avg": 10.086774193548388,
  "cpu_percent_peak": 11.0,
  "ram_used_MB_avg": 12573.005176567742,
  "ram_used_MB_peak": 13071.306752,
  "gpu_util_avg": 85.66935483870968,
  "gpu_util_peak": 100.0,
  "gpu_mem_MB_avg": 16844.099399019353,
  "gpu_mem_MB_peak": 16870.539264,
  "gpu": {
    "enabled": true,
    "index": 0,
    "name": "NVIDIA GeForce RTX 3090",
    "mem_total_MB": 25769.803776,
    "samples": 620
  },
  "samples": 620,
  "interval_sec": 120.0,
  "runtime": {
    "initial": {
      "epoch": 0
    },
    "current": {
      "epoch": 2549
    }
  },
  "metadata": {}
}