{
  "job_type": "GPU training",
  "start_time": 1763416283.4419637,
  "end_time": 1763468582.6580048,
  "wall_clock_sec": 52299.216041088104,
  "cpu_percent_avg": 3.9422273781902617,
  "cpu_percent_peak": 7.1,
  "ram_used_MB_avg": 261146.14163185155,
  "ram_used_MB_peak": 287751.74144,
  "gpu_util_avg": 33.756380510440835,
  "gpu_util_peak": 100.0,
  "gpu_mem_MB_avg": 5034.862045549885,
  "gpu_mem_MB_peak": 25119.162368,
  "gpu": {
    "enabled": true,
    "index": 0,
    "name": "Quadro RTX 6000",
    "mem_total_MB": 25769.803776,
    "samples": 431
  },
  "samples": 431,
  "interval_sec": 120.0,
  "runtime": {
    "initial": {
      "idx": 0
    },
    "current": {
      "idx": 32
    }
  },
  "metadata": {}
}