{
  "job_type": "GPU training",
  "start_time": 1765038557.8406148,
  "end_time": 1765182286.9225216,
  "wall_clock_sec": 143729.0819067955,
  "cpu_percent_avg": 18.5511278195486,
  "cpu_percent_peak": 25.4,
  "ram_used_MB_avg": 41637.69879354383,
  "ram_used_MB_peak": 54469.808128,
  "gpu_util_avg": 25.73182957393484,
  "gpu_util_peak": 100.0,
  "gpu_mem_MB_avg": 5890.281783391675,
  "gpu_mem_MB_peak": 25699.680256,
  "gpu": {
    "enabled": true,
    "index": 0,
    "name": "NVIDIA GeForce RTX 3090",
    "mem_total_MB": 25769.803776,
    "samples": 1197
  },
  "samples": 1197,
  "interval_sec": 120.0,
  "runtime": {
    "initial": {
      "epoch": 0
    },
    "current": {
      "epoch": 5463
    }
  },
  "metadata": {}
}