{
  "job_type": "GPU training",
  "start_time": 1762868084.418011,
  "end_time": 1762868204.447819,
  "wall_clock_sec": 120.0298080444336,
  "cpu_percent_avg": 9.850000000000001,
  "cpu_percent_peak": 14.3,
  "ram_used_MB_avg": 184625.79097600002,
  "ram_used_MB_peak": 184703.430656,
  "gpu_util_avg": 22.0,
  "gpu_util_peak": 26.0,
  "gpu_mem_MB_avg": 2990.014464,
  "gpu_mem_MB_peak": 3942.121472,
  "gpu": {
    "enabled": true,
    "index": 0,
    "name": "Quadro RTX 6000",
    "mem_total_MB": 25769.803776,
    "samples": 2
  },
  "samples": 2,
  "interval_sec": 120.0,
  "runtime": {
    "initial": {
      "idx": 0
    },
    "current": {
      "idx": 0
    }
  },
  "metadata": {}
}