{
  "job_type": "GPU training",
  "start_time": 1761483194.3927934,
  "end_time": 1761601445.1859205,
  "wall_clock_sec": 118250.79312705994,
  "cpu_percent_avg": 8.232251521298174,
  "cpu_percent_peak": 10.8,
  "ram_used_MB_avg": 24415.851659164302,
  "ram_used_MB_peak": 28148.690944,
  "gpu_util_avg": 61.817444219066935,
  "gpu_util_peak": 100.0,
  "gpu_mem_MB_avg": 12150.504873801217,
  "gpu_mem_MB_peak": 18411.945984,
  "gpu": {
    "enabled": true,
    "index": 0,
    "name": "NVIDIA GeForce RTX 3090",
    "mem_total_MB": 25769.803776,
    "samples": 986
  },
  "samples": 986,
  "interval_sec": 120.0,
  "runtime": {
    "initial": {
      "epoch": 0
    },
    "current": {
      "epoch": 2999
    }
  },
  "metadata": {}
}