{
  "job_type": "GPU training",
  "start_time": 1763343074.078751,
  "end_time": 1763352972.5259573,
  "wall_clock_sec": 9898.447206258774,
  "cpu_percent_avg": 9.403614457831322,
  "cpu_percent_peak": 10.3,
  "ram_used_MB_avg": 246014.0833187469,
  "ram_used_MB_peak": 260753.75616,
  "gpu_util_avg": 51.55421686746988,
  "gpu_util_peak": 97.0,
  "gpu_mem_MB_avg": 8874.622975999995,
  "gpu_mem_MB_peak": 8874.622976,
  "gpu": {
    "enabled": true,
    "index": 0,
    "name": "Quadro RTX 6000",
    "mem_total_MB": 25769.803776,
    "samples": 83
  },
  "samples": 83,
  "interval_sec": 120.0,
  "runtime": {
    "initial": {
      "idx": 0
    },
    "current": {
      "idx": 59
    }
  },
  "metadata": {}
}