{
  "job_type": "GPU training",
  "start_time": 1764239223.6854038,
  "end_time": 1764336205.2798133,
  "wall_clock_sec": 96981.59440946579,
  "cpu_percent_avg": 5.678888888888881,
  "cpu_percent_peak": 13.3,
  "ram_used_MB_avg": 214110.83697366936,
  "ram_used_MB_peak": 292637.630464,
  "gpu_util_avg": 95.70987654320987,
  "gpu_util_peak": 100.0,
  "gpu_mem_MB_avg": 20022.974266785426,
  "gpu_mem_MB_peak": 20029.374464,
  "gpu": {
    "enabled": true,
    "index": 0,
    "name": "Quadro RTX 6000",
    "mem_total_MB": 25769.803776,
    "samples": 810
  },
  "samples": 810,
  "interval_sec": 120.0,
  "runtime": {
    "initial": {
      "idx": 0
    },
    "current": {
      "idx": 59
    }
  },
  "metadata": {}
}