{
  "job_type": "GPU training",
  "start_time": 1758789438.5798924,
  "end_time": 1758793280.1450012,
  "wall_clock_sec": 3841.5651087760925,
  "cpu_percent_avg": 9.803030303030303,
  "cpu_percent_peak": 10.2,
  "ram_used_MB_avg": 25398.693639757577,
  "ram_used_MB_peak": 25552.257024,
  "gpu_util_avg": 99.87878787878788,
  "gpu_util_peak": 100.0,
  "gpu_mem_MB_avg": 3308.25728,
  "gpu_mem_MB_peak": 3308.25728,
  "gpu": {
    "enabled": true,
    "index": 0,
    "name": "NVIDIA GeForce RTX 3090",
    "mem_total_MB": 25769.803776,
    "samples": 33
  },
  "samples": 33,
  "interval_sec": 120.0,
  "runtime": {
    "initial": {
      "epoch": 0
    },
    "current": {
      "epoch": 9
    }
  },
  "metadata": {}
}