{
  "job_type": "GPU training",
  "start_time": 1763184623.5868452,
  "end_time": 1763282011.8443856,
  "wall_clock_sec": 97388.2575404644,
  "cpu_percent_avg": 4.782449494949491,
  "cpu_percent_peak": 7.1,
  "ram_used_MB_avg": 169084.0338411315,
  "ram_used_MB_peak": 297044.557824,
  "gpu_util_avg": 99.60227272727273,
  "gpu_util_peak": 100.0,
  "gpu_mem_MB_avg": 20750.21485769676,
  "gpu_mem_MB_peak": 20775.960576,
  "gpu": {
    "enabled": true,
    "index": 0,
    "name": "Quadro RTX 6000",
    "mem_total_MB": 25769.803776,
    "samples": 792
  },
  "samples": 792,
  "interval_sec": 120.0,
  "runtime": {
    "initial": {
      "idx": 0
    },
    "current": {
      "idx": 59
    }
  },
  "metadata": {}
}