{
  "job_type": "GPU training",
  "start_time": 1765410488.6771448,
  "end_time": 1765448912.3528304,
  "wall_clock_sec": 38423.67568564415,
  "cpu_percent_avg": 10.17663551401873,
  "cpu_percent_peak": 18.8,
  "ram_used_MB_avg": 32181.20140002491,
  "ram_used_MB_peak": 39007.5392,
  "gpu_util_avg": 75.96261682242991,
  "gpu_util_peak": 98.0,
  "gpu_mem_MB_avg": 16410.411008000025,
  "gpu_mem_MB_peak": 16410.411008,
  "gpu": {
    "enabled": true,
    "index": 0,
    "name": "NVIDIA GeForce RTX 3090",
    "mem_total_MB": 25769.803776,
    "samples": 321
  },
  "samples": 321,
  "interval_sec": 120.0,
  "runtime": {
    "initial": {
      "epoch": 22859
    },
    "current": {
      "epoch": 25686
    }
  },
  "metadata": {}
}