{
  "job_type": "GPU training",
  "start_time": 1765303444.4747796,
  "end_time": 1765307645.2572024,
  "wall_clock_sec": 4200.782422780991,
  "cpu_percent_avg": 17.116666666666664,
  "cpu_percent_peak": 19.3,
  "ram_used_MB_avg": 285501.9670186667,
  "ram_used_MB_peak": 306091.982848,
  "gpu_util_avg": 2.7777777777777777,
  "gpu_util_peak": 100.0,
  "gpu_mem_MB_avg": 1047.5856782222215,
  "gpu_mem_MB_peak": 12628.525056,
  "gpu": {
    "enabled": true,
    "index": 0,
    "name": "Quadro RTX 6000",
    "mem_total_MB": 25769.803776,
    "samples": 36
  },
  "samples": 36,
  "interval_sec": 120.0,
  "runtime": {
    "initial": {
      "epoch": 0
    },
    "current": {
      "epoch": 1002
    }
  },
  "metadata": {}
}