{
  "job_type": "GPU training",
  "start_time": 1761688355.1729372,
  "end_time": 1761688475.2121117,
  "wall_clock_sec": 120.03917455673218,
  "cpu_percent_avg": 4.05,
  "cpu_percent_peak": 8.1,
  "ram_used_MB_avg": 24761.264128000003,
  "ram_used_MB_peak": 25567.830016,
  "gpu_util_avg": 84.0,
  "gpu_util_peak": 84.0,
  "gpu_mem_MB_avg": 18044.944384,
  "gpu_mem_MB_peak": 18044.944384,
  "gpu": {
    "enabled": true,
    "index": 0,
    "name": "NVIDIA GeForce RTX 3090",
    "mem_total_MB": 25769.803776,
    "samples": 2
  },
  "samples": 2,
  "interval_sec": 120.0,
  "runtime": {
    "initial": {
      "epoch": 0
    },
    "current": {
      "epoch": 29
    }
  },
  "metadata": {}
}