{
  "job_type": "GPU training",
  "start_time": 1758487765.7703621,
  "end_time": 1758612776.6226504,
  "wall_clock_sec": 125010.85228824615,
  "cpu_percent_avg": 10.026679462571977,
  "cpu_percent_peak": 12.6,
  "ram_used_MB_avg": 24384.13485352783,
  "ram_used_MB_peak": 26489.4464,
  "gpu_util_avg": null,
  "gpu_util_peak": null,
  "gpu_mem_MB_avg": null,
  "gpu_mem_MB_peak": null,
  "samples": 1042,
  "interval_sec": 120.0,
  "metadata": {}
}