{
  "job_type": "GPU training",
  "start_time": 1760984848.2937617,
  "end_time": 1760994451.6355572,
  "wall_clock_sec": 9603.341795444489,
  "cpu_percent_avg": 5.0358024691358025,
  "cpu_percent_peak": 5.2,
  "ram_used_MB_avg": 20543.0496268642,
  "ram_used_MB_peak": 20632.338432,
  "gpu_util_avg": 83.07407407407408,
  "gpu_util_peak": 99.0,
  "gpu_mem_MB_avg": 3909.19084562963,
  "gpu_mem_MB_peak": 3952.082944,
  "gpu": {
    "enabled": true,
    "index": 0,
    "name": "NVIDIA GeForce RTX 3090",
    "mem_total_MB": 25769.803776,
    "samples": 81
  },
  "samples": 81,
  "interval_sec": 120.0,
  "runtime": {
    "initial": {
      "epoch": 0
    },
    "current": {
      "epoch": 144
    }
  },
  "metadata": {}
}