{
  "job_type": "GPU training",
  "start_time": 1760702886.3636243,
  "end_time": 1760873213.0370016,
  "wall_clock_sec": 170326.67337727547,
  "cpu_percent_avg": 7.599506694855531,
  "cpu_percent_peak": 8.4,
  "ram_used_MB_avg": 21531.91440453277,
  "ram_used_MB_peak": 21921.296384,
  "gpu_util_avg": 0.0,
  "gpu_util_peak": 0.0,
  "gpu_mem_MB_avg": 477.822976,
  "gpu_mem_MB_peak": 477.822976,
  "gpu": {
    "enabled": true,
    "index": 0,
    "name": "NVIDIA GeForce RTX 3090",
    "mem_total_MB": 25769.803776,
    "samples": 1419
  },
  "samples": 1419,
  "interval_sec": 120.0,
  "runtime": {
    "initial": {
      "epoch": 0
    },
    "current": {
      "epoch": 1822
    }
  },
  "metadata": {}
}