{
  "job_type": "GPU training",
  "start_time": 1761223153.2887206,
  "end_time": 1761261570.8448668,
  "wall_clock_sec": 38417.55614614487,
  "cpu_percent_avg": 10.202180685358256,
  "cpu_percent_peak": 50.0,
  "ram_used_MB_avg": 24372.697145420563,
  "ram_used_MB_peak": 24732.151808,
  "gpu_util_avg": 95.4797507788162,
  "gpu_util_peak": 98.0,
  "gpu_mem_MB_avg": 2714.066459115265,
  "gpu_mem_MB_peak": 2721.05472,
  "gpu": {
    "enabled": true,
    "index": 0,
    "name": "NVIDIA GeForce RTX 3090",
    "mem_total_MB": 25769.803776,
    "samples": 321
  },
  "samples": 321,
  "interval_sec": 120.0,
  "runtime": {
    "initial": {
      "epoch": 0
    },
    "current": {
      "epoch": 659
    }
  },
  "metadata": {}
}