{
  "job_type": "GPU training",
  "start_time": 1763099892.4841988,
  "end_time": 1763109724.006047,
  "wall_clock_sec": 9831.521848201752,
  "cpu_percent_avg": 3.6397590361445813,
  "cpu_percent_peak": 7.7,
  "ram_used_MB_avg": 189640.8034883855,
  "ram_used_MB_peak": 198985.957376,
  "gpu_util_avg": 95.83132530120481,
  "gpu_util_peak": 100.0,
  "gpu_mem_MB_avg": 4015.1680555180715,
  "gpu_mem_MB_peak": 9048.686592,
  "gpu": {
    "enabled": true,
    "index": 0,
    "name": "Quadro RTX 6000",
    "mem_total_MB": 25769.803776,
    "samples": 83
  },
  "samples": 83,
  "interval_sec": 120.0,
  "runtime": {
    "initial": {
      "idx": 0
    },
    "current": {
      "idx": 59
    }
  },
  "metadata": {}
}