{
  "job_type": "GPU training",
  "start_time": 1764800173.6870143,
  "end_time": 1764851265.050122,
  "wall_clock_sec": 51091.363107681274,
  "cpu_percent_avg": 10.084037558685447,
  "cpu_percent_peak": 11.0,
  "ram_used_MB_avg": 12851.684568338029,
  "ram_used_MB_peak": 13235.146752,
  "gpu_util_avg": 86.72065727699531,
  "gpu_util_peak": 100.0,
  "gpu_mem_MB_avg": 16786.029668957748,
  "gpu_mem_MB_peak": 16824.40192,
  "gpu": {
    "enabled": true,
    "index": 0,
    "name": "NVIDIA GeForce RTX 3090",
    "mem_total_MB": 25769.803776,
    "samples": 426
  },
  "samples": 426,
  "interval_sec": 120.0,
  "runtime": {
    "initial": {
      "epoch": 0
    },
    "current": {
      "epoch": 1756
    }
  },
  "metadata": {}
}