{
  "job_type": "GPU training",
  "start_time": 1761303717.1997745,
  "end_time": 1761313560.7379088,
  "wall_clock_sec": 9843.538134336472,
  "cpu_percent_avg": 9.972289156626506,
  "cpu_percent_peak": 10.2,
  "ram_used_MB_avg": 23526.255949108436,
  "ram_used_MB_peak": 23598.415872,
  "gpu_util_avg": 79.4578313253012,
  "gpu_util_peak": 100.0,
  "gpu_mem_MB_avg": 8329.555326457832,
  "gpu_mem_MB_peak": 8425.30816,
  "gpu": {
    "enabled": true,
    "index": 0,
    "name": "NVIDIA GeForce RTX 3090",
    "mem_total_MB": 25769.803776,
    "samples": 83
  },
  "samples": 83,
  "interval_sec": 120.0,
  "runtime": {
    "initial": {
      "epoch": 0
    },
    "current": {
      "epoch": 361
    }
  },
  "metadata": {}
}