{
  "job_type": "GPU training",
  "start_time": 1758789438.5798924,
  "end_time": 1758814170.2856817,
  "wall_clock_sec": 24731.70578932762,
  "cpu_percent_avg": 10.073429951690821,
  "cpu_percent_peak": 10.8,
  "ram_used_MB_avg": 25485.12346527536,
  "ram_used_MB_peak": 25743.425536,
  "gpu_util_avg": 99.77777777777777,
  "gpu_util_peak": 100.0,
  "gpu_mem_MB_avg": 3308.2572799999994,
  "gpu_mem_MB_peak": 3308.25728,
  "gpu": {
    "enabled": true,
    "index": 0,
    "name": "NVIDIA GeForce RTX 3090",
    "mem_total_MB": 25769.803776,
    "samples": 207
  },
  "samples": 207,
  "interval_sec": 120.0,
  "runtime": {
    "initial": {
      "epoch": 0
    },
    "current": {
      "epoch": 63
    }
  },
  "metadata": {}
}