{
  "job_type": "GPU training",
  "start_time": 1765229595.3719654,
  "end_time": 1765237997.7149522,
  "wall_clock_sec": 8402.342986822128,
  "cpu_percent_avg": 22.126760563380287,
  "cpu_percent_peak": 36.6,
  "ram_used_MB_avg": 42052.687785464805,
  "ram_used_MB_peak": 43382.689792,
  "gpu_util_avg": 76.69014084507042,
  "gpu_util_peak": 98.0,
  "gpu_mem_MB_avg": 16410.411008000006,
  "gpu_mem_MB_peak": 16410.411008,
  "gpu": {
    "enabled": true,
    "index": 0,
    "name": "NVIDIA GeForce RTX 3090",
    "mem_total_MB": 25769.803776,
    "samples": 71
  },
  "samples": 71,
  "interval_sec": 120.0,
  "runtime": {
    "initial": {
      "epoch": 9470
    },
    "current": {
      "epoch": 10079
    }
  },
  "metadata": {}
}