{
  "job_type": "GPU training",
  "start_time": 1762887670.594666,
  "end_time": 1762905075.2621338,
  "wall_clock_sec": 17404.667467832565,
  "cpu_percent_avg": 4.617808219178083,
  "cpu_percent_peak": 7.1,
  "ram_used_MB_avg": 200455.6024846027,
  "ram_used_MB_peak": 209814.704128,
  "gpu_util_avg": 20.397260273972602,
  "gpu_util_peak": 31.0,
  "gpu_mem_MB_avg": 1623.9353968219182,
  "gpu_mem_MB_peak": 3258.44992,
  "gpu": {
    "enabled": true,
    "index": 0,
    "name": "Quadro RTX 6000",
    "mem_total_MB": 25769.803776,
    "samples": 146
  },
  "samples": 146,
  "interval_sec": 120.0,
  "runtime": {
    "initial": {
      "idx": 0
    },
    "current": {
      "idx": 10
    }
  },
  "metadata": {}
}