{
  "job_type": "GPU training",
  "start_time": 1764008579.5148418,
  "end_time": 1764236357.7592838,
  "wall_clock_sec": 227778.24444198608,
  "cpu_percent_avg": 10.09878499735869,
  "cpu_percent_peak": 10.8,
  "ram_used_MB_avg": 12910.527580500793,
  "ram_used_MB_peak": 13646.00832,
  "gpu_util_avg": 83.37612255678816,
  "gpu_util_peak": 100.0,
  "gpu_mem_MB_avg": 11738.80832,
  "gpu_mem_MB_peak": 11738.80832,
  "gpu": {
    "enabled": true,
    "index": 0,
    "name": "NVIDIA GeForce RTX 3090",
    "mem_total_MB": 25769.803776,
    "samples": 1893
  },
  "samples": 1893,
  "interval_sec": 120.0,
  "runtime": {
    "initial": {
      "epoch": 0
    },
    "current": {
      "epoch": 8769
    }
  },
  "metadata": {}
}