{
  "job_type": "GPU training",
  "start_time": 1758732078.2897735,
  "end_time": 1758881872.065735,
  "wall_clock_sec": 149793.7759616375,
  "cpu_percent_avg": 10.091826923076923,
  "cpu_percent_peak": 11.0,
  "ram_used_MB_avg": 25504.49387651282,
  "ram_used_MB_peak": 25800.97024,
  "gpu_util_avg": 99.82532051282051,
  "gpu_util_peak": 100.0,
  "gpu_mem_MB_avg": 3308.25728,
  "gpu_mem_MB_peak": 3308.25728,
  "gpu": {
    "enabled": true,
    "index": 0,
    "name": "NVIDIA GeForce RTX 3090",
    "mem_total_MB": 25769.803776,
    "samples": 1248
  },
  "samples": 1248,
  "interval_sec": 120.0,
  "runtime": {
    "initial": {
      "epoch": 4
    },
    "current": {
      "epoch": 175
    }
  },
  "metadata": {}
}