{
  "job_type": "GPU training",
  "start_time": 1760951136.3506827,
  "end_time": 1760960020.0650442,
  "wall_clock_sec": 8883.714361429214,
  "cpu_percent_avg": 9.952,
  "cpu_percent_peak": 10.2,
  "ram_used_MB_avg": 24243.951643306667,
  "ram_used_MB_peak": 24392.339456,
  "gpu_util_avg": 83.05333333333333,
  "gpu_util_peak": 99.0,
  "gpu_mem_MB_avg": 3905.75947776,
  "gpu_mem_MB_peak": 3952.082944,
  "gpu": {
    "enabled": true,
    "index": 0,
    "name": "NVIDIA GeForce RTX 3090",
    "mem_total_MB": 25769.803776,
    "samples": 75
  },
  "samples": 75,
  "interval_sec": 120.0,
  "runtime": {
    "initial": {
      "epoch": 0
    },
    "current": {
      "epoch": 163
    }
  },
  "metadata": {}
}