{
  "job_type": "GPU training",
  "start_time": 1764882868.8410254,
  "end_time": 1764935454.348136,
  "wall_clock_sec": 52585.5071105957,
  "cpu_percent_avg": 11.181093394077443,
  "cpu_percent_peak": 17.5,
  "ram_used_MB_avg": 35956.703903781345,
  "ram_used_MB_peak": 43990.949888,
  "gpu_util_avg": 92.84054669703872,
  "gpu_util_peak": 100.0,
  "gpu_mem_MB_avg": 25621.558209020335,
  "gpu_mem_MB_peak": 25699.680256,
  "gpu": {
    "enabled": true,
    "index": 0,
    "name": "NVIDIA GeForce RTX 3090",
    "mem_total_MB": 25769.803776,
    "samples": 439
  },
  "samples": 439,
  "interval_sec": 120.0,
  "runtime": {
    "initial": {
      "epoch": 0
    },
    "current": {
      "epoch": 1724
    }
  },
  "metadata": {}
}