{
  "job_type": "GPU training",
  "start_time": 1758882480.7535844,
  "end_time": 1758899768.1172953,
  "wall_clock_sec": 17287.36371088028,
  "cpu_percent_avg": 10.021379310344827,
  "cpu_percent_peak": 10.8,
  "ram_used_MB_avg": 24543.505386813795,
  "ram_used_MB_peak": 24817.68448,
  "gpu_util_avg": 99.8,
  "gpu_util_peak": 100.0,
  "gpu_mem_MB_avg": 2488.270848,
  "gpu_mem_MB_peak": 2488.270848,
  "gpu": {
    "enabled": true,
    "index": 0,
    "name": "NVIDIA GeForce RTX 3090",
    "mem_total_MB": 25769.803776,
    "samples": 145
  },
  "samples": 145,
  "interval_sec": 120.0,
  "runtime": {
    "initial": {
      "epoch": 0
    },
    "current": {
      "epoch": 41
    }
  },
  "metadata": {}
}