{
  "job_type": "GPU training",
  "start_time": 1761223096.4907696,
  "end_time": 1761242067.9859116,
  "wall_clock_sec": 18971.495141983032,
  "cpu_percent_avg": 9.977358490566036,
  "cpu_percent_peak": 10.8,
  "ram_used_MB_avg": 24019.014868528302,
  "ram_used_MB_peak": 24307.89632,
  "gpu_util_avg": 95.12578616352201,
  "gpu_util_peak": 98.0,
  "gpu_mem_MB_avg": 2706.933154616352,
  "gpu_mem_MB_peak": 2721.05472,
  "gpu": {
    "enabled": true,
    "index": 0,
    "name": "NVIDIA GeForce RTX 3090",
    "mem_total_MB": 25769.803776,
    "samples": 159
  },
  "samples": 159,
  "interval_sec": 120.0,
  "runtime": {
    "initial": {
      "epoch": 0
    },
    "current": {
      "epoch": 1169
    }
  },
  "metadata": {}
}