{
  "job_type": "GPU training",
  "start_time": 1765327270.935717,
  "end_time": 1765352454.717678,
  "wall_clock_sec": 25183.781960964203,
  "cpu_percent_avg": 11.337440758293845,
  "cpu_percent_peak": 12.0,
  "ram_used_MB_avg": 148128.21878657816,
  "ram_used_MB_peak": 150935.26528,
  "gpu_util_avg": 85.9478672985782,
  "gpu_util_peak": 100.0,
  "gpu_mem_MB_avg": 14409.007104000044,
  "gpu_mem_MB_peak": 14409.007104,
  "gpu": {
    "enabled": true,
    "index": 0,
    "name": "Quadro RTX 6000",
    "mem_total_MB": 25769.803776,
    "samples": 211
  },
  "samples": 211,
  "interval_sec": 120.0,
  "runtime": {
    "initial": {
      "epoch": 0
    },
    "current": {
      "epoch": 5999
    }
  },
  "metadata": {}
}