{
  "job_type": "GPU training",
  "start_time": 1763376795.9006999,
  "end_time": 1763382275.4390159,
  "wall_clock_sec": 5479.538316011429,
  "cpu_percent_avg": 6.017391304347825,
  "cpu_percent_peak": 6.7,
  "ram_used_MB_avg": 186966.10913947833,
  "ram_used_MB_peak": 191782.739968,
  "gpu_util_avg": 93.93478260869566,
  "gpu_util_peak": 100.0,
  "gpu_mem_MB_avg": 13290.222102260868,
  "gpu_mem_MB_peak": 24909.447168,
  "gpu": {
    "enabled": true,
    "index": 0,
    "name": "Quadro RTX 6000",
    "mem_total_MB": 25769.803776,
    "samples": 46
  },
  "samples": 46,
  "interval_sec": 120.0,
  "runtime": {
    "initial": {
      "idx": 0
    },
    "current": {
      "idx": 3
    }
  },
  "metadata": {}
}