{
  "job_type": "GPU training",
  "start_time": 1763208835.9658525,
  "end_time": 1763306055.6411226,
  "wall_clock_sec": 97219.67527008057,
  "cpu_percent_avg": 5.375984752223632,
  "cpu_percent_peak": 14.3,
  "ram_used_MB_avg": 149259.4051532606,
  "ram_used_MB_peak": 240374.08768,
  "gpu_util_avg": 85.93011435832274,
  "gpu_util_peak": 100.0,
  "gpu_mem_MB_avg": 17775.2253550594,
  "gpu_mem_MB_peak": 20775.960576,
  "gpu": {
    "enabled": true,
    "index": 0,
    "name": "Quadro RTX 6000",
    "mem_total_MB": 25769.803776,
    "samples": 787
  },
  "samples": 787,
  "interval_sec": 120.0,
  "runtime": {
    "initial": {
      "idx": 0
    },
    "current": {
      "idx": 59
    }
  },
  "metadata": {}
}