{
  "job_type": "GPU training",
  "start_time": 1761303739.116708,
  "end_time": 1761349273.9884703,
  "wall_clock_sec": 45534.871762275696,
  "cpu_percent_avg": 10.072894736842105,
  "cpu_percent_peak": 10.8,
  "ram_used_MB_avg": 23592.02670484211,
  "ram_used_MB_peak": 23885.9264,
  "gpu_util_avg": 79.42105263157895,
  "gpu_util_peak": 100.0,
  "gpu_mem_MB_avg": 8425.302641178949,
  "gpu_mem_MB_peak": 8425.30816,
  "gpu": {
    "enabled": true,
    "index": 0,
    "name": "NVIDIA GeForce RTX 3090",
    "mem_total_MB": 25769.803776,
    "samples": 380
  },
  "samples": 380,
  "interval_sec": 120.0,
  "runtime": {
    "initial": {
      "epoch": 0
    },
    "current": {
      "epoch": 2675
    }
  },
  "metadata": {}
}