{
  "job_type": "GPU training",
  "start_time": 1765241279.7937784,
  "end_time": 1765241522.6747344,
  "wall_clock_sec": 242.88095593452454,
  "cpu_percent_avg": 16.0,
  "cpu_percent_peak": 21.4,
  "ram_used_MB_avg": 250371.997696,
  "ram_used_MB_peak": 253483.106304,
  "gpu_util_avg": 71.25,
  "gpu_util_peak": 95.0,
  "gpu_mem_MB_avg": 762.8390400000001,
  "gpu_mem_MB_peak": 888.66816,
  "gpu": {
    "enabled": true,
    "index": 0,
    "name": "Quadro RTX 6000",
    "mem_total_MB": 25769.803776,
    "samples": 4
  },
  "samples": 4,
  "interval_sec": 120.0,
  "runtime": {
    "initial": {
      "idx": 0
    },
    "current": {
      "idx": 59
    }
  },
  "metadata": {}
}