{
  "job_type": "GPU training",
  "start_time": 1763408959.6130283,
  "end_time": 1763505851.9098125,
  "wall_clock_sec": 96892.29678416252,
  "cpu_percent_avg": 5.494264339152099,
  "cpu_percent_peak": 20.0,
  "ram_used_MB_avg": 160255.53467499252,
  "ram_used_MB_peak": 256737.222656,
  "gpu_util_avg": 78.88403990024938,
  "gpu_util_peak": 100.0,
  "gpu_mem_MB_avg": 8912.513243610983,
  "gpu_mem_MB_peak": 25765.085184,
  "gpu": {
    "enabled": true,
    "index": 0,
    "name": "Quadro RTX 6000",
    "mem_total_MB": 25769.803776,
    "samples": 802
  },
  "samples": 802,
  "interval_sec": 120.0,
  "runtime": {
    "initial": {
      "idx": 0
    },
    "current": {
      "idx": 59
    }
  },
  "metadata": {}
}