{
  "job_type": "GPU training",
  "start_time": 1761046317.615754,
  "end_time": 1761049678.972734,
  "wall_clock_sec": 3361.356980085373,
  "cpu_percent_avg": 4.9206896551724135,
  "cpu_percent_peak": 5.2,
  "ram_used_MB_avg": 20723.835586206897,
  "ram_used_MB_peak": 20899.876864,
  "gpu_util_avg": 80.93103448275862,
  "gpu_util_peak": 99.0,
  "gpu_mem_MB_avg": 4295.968414896552,
  "gpu_mem_MB_peak": 4432.330752,
  "gpu": {
    "enabled": true,
    "index": 0,
    "name": "NVIDIA GeForce RTX 3090",
    "mem_total_MB": 25769.803776,
    "samples": 29
  },
  "samples": 29,
  "interval_sec": 120.0,
  "runtime": {
    "initial": {
      "epoch": 0
    },
    "current": {
      "epoch": 47
    }
  },
  "metadata": {}
}