{
  "job_type": "GPU training",
  "start_time": 1762985320.9794798,
  "end_time": 1763044732.6179297,
  "wall_clock_sec": 59411.6384499073,
  "cpu_percent_avg": 7.808906882591093,
  "cpu_percent_peak": 66.7,
  "ram_used_MB_avg": 12397.76431779757,
  "ram_used_MB_peak": 22620.319744,
  "gpu_util_avg": 36.72672064777328,
  "gpu_util_peak": 100.0,
  "gpu_mem_MB_avg": 9626.087805408908,
  "gpu_mem_MB_peak": 25248.661504,
  "gpu": {
    "enabled": true,
    "index": 0,
    "name": "NVIDIA GeForce RTX 3090",
    "mem_total_MB": 25769.803776,
    "samples": 494
  },
  "samples": 494,
  "interval_sec": 120.0,
  "runtime": {
    "initial": {
      "epoch": 0
    },
    "current": {
      "epoch": 6651
    }
  },
  "metadata": {}
}