{
  "job_type": "GPU training",
  "start_time": 1761759556.5905223,
  "end_time": 1761839039.1617157,
  "wall_clock_sec": 79482.57119345665,
  "cpu_percent_avg": 7.628808446455505,
  "cpu_percent_peak": 10.7,
  "ram_used_MB_avg": 11909.883060705883,
  "ram_used_MB_peak": 21546.037248,
  "gpu_util_avg": 83.63046757164405,
  "gpu_util_peak": 100.0,
  "gpu_mem_MB_avg": 11721.82342506184,
  "gpu_mem_MB_peak": 11738.80832,
  "gpu": {
    "enabled": true,
    "index": 0,
    "name": "NVIDIA GeForce RTX 3090",
    "mem_total_MB": 25769.803776,
    "samples": 663
  },
  "samples": 663,
  "interval_sec": 120.0,
  "runtime": {
    "initial": {
      "epoch": 0
    },
    "current": {
      "epoch": 2999
    }
  },
  "metadata": {}
}