{
  "job_type": "GPU training",
  "start_time": 1761303739.116708,
  "end_time": 1761346753.0157986,
  "wall_clock_sec": 43013.89909052849,
  "cpu_percent_avg": 10.071030640668523,
  "cpu_percent_peak": 10.8,
  "ram_used_MB_avg": 23590.179375064068,
  "ram_used_MB_peak": 23885.9264,
  "gpu_util_avg": 79.04456824512535,
  "gpu_util_peak": 100.0,
  "gpu_mem_MB_avg": 8425.302318350974,
  "gpu_mem_MB_peak": 8425.30816,
  "gpu": {
    "enabled": true,
    "index": 0,
    "name": "NVIDIA GeForce RTX 3090",
    "mem_total_MB": 25769.803776,
    "samples": 359
  },
  "samples": 359,
  "interval_sec": 120.0,
  "runtime": {
    "initial": {
      "epoch": 0
    },
    "current": {
      "epoch": 2527
    }
  },
  "metadata": {}
}