{
  "job_type": "GPU training",
  "start_time": 1764869600.8481305,
  "end_time": 1764961045.6985123,
  "wall_clock_sec": 91444.8503818512,
  "cpu_percent_avg": 9.903547963206307,
  "cpu_percent_peak": 11.0,
  "ram_used_MB_avg": 12393.995647495401,
  "ram_used_MB_peak": 13062.230016,
  "gpu_util_avg": 82.80289093298292,
  "gpu_util_peak": 100.0,
  "gpu_mem_MB_avg": 16267.390701498029,
  "gpu_mem_MB_peak": 16870.539264,
  "gpu": {
    "enabled": true,
    "index": 0,
    "name": "NVIDIA GeForce RTX 3090",
    "mem_total_MB": 25769.803776,
    "samples": 761
  },
  "samples": 761,
  "interval_sec": 120.0,
  "runtime": {
    "initial": {
      "epoch": 22
    },
    "current": {
      "epoch": 2324
    }
  },
  "metadata": {}
}