{
  "job_type": "GPU training",
  "start_time": 1765275711.478883,
  "end_time": 1765312927.8986173,
  "wall_clock_sec": 37216.41973423958,
  "cpu_percent_avg": 13.022508038585203,
  "cpu_percent_peak": 48.2,
  "ram_used_MB_avg": 51168.3308211447,
  "ram_used_MB_peak": 57835.061248,
  "gpu_util_avg": 76.37620578778134,
  "gpu_util_peak": 98.0,
  "gpu_mem_MB_avg": 16427.551516810305,
  "gpu_mem_MB_peak": 25760.497664,
  "gpu": {
    "enabled": true,
    "index": 0,
    "name": "NVIDIA GeForce RTX 3090",
    "mem_total_MB": 25769.803776,
    "samples": 311
  },
  "samples": 311,
  "interval_sec": 120.0,
  "runtime": {
    "initial": {
      "epoch": 10401
    },
    "current": {
      "epoch": 12163
    }
  },
  "metadata": {}
}