{
  "job_type": "GPU training",
  "start_time": 1758569941.414843,
  "end_time": 1758575343.337833,
  "wall_clock_sec": 5401.922989845276,
  "cpu_percent_avg": 10.969565217391304,
  "cpu_percent_peak": 50.0,
  "ram_used_MB_avg": 24352.69079930435,
  "ram_used_MB_peak": 24492.09344,
  "gpu_util_avg": null,
  "gpu_util_peak": null,
  "gpu_mem_MB_avg": null,
  "gpu_mem_MB_peak": null,
  "samples": 46,
  "interval_sec": 120.0,
  "metadata": {}
}