{
  "job_type": "GPU training",
  "start_time": 1765217026.4552221,
  "end_time": 1765227456.251293,
  "wall_clock_sec": 10429.796070814133,
  "cpu_percent_avg": 12.605681818181818,
  "cpu_percent_peak": 32.3,
  "ram_used_MB_avg": 43077.518196363635,
  "ram_used_MB_peak": 49905.95072,
  "gpu_util_avg": 72.9659090909091,
  "gpu_util_peak": 98.0,
  "gpu_mem_MB_avg": 16514.612503272714,
  "gpu_mem_MB_peak": 25580.142592,
  "gpu": {
    "enabled": true,
    "index": 0,
    "name": "NVIDIA GeForce RTX 3090",
    "mem_total_MB": 25769.803776,
    "samples": 88
  },
  "samples": 88,
  "interval_sec": 120.0,
  "runtime": {
    "initial": {
      "epoch": 8000
    },
    "current": {
      "epoch": 9999
    }
  },
  "metadata": {}
}