{
  "job_type": "GPU training",
  "start_time": 1761223153.2887206,
  "end_time": 1761247645.4656842,
  "wall_clock_sec": 24492.176963567734,
  "cpu_percent_avg": 10.256585365853658,
  "cpu_percent_peak": 50.0,
  "ram_used_MB_avg": 24185.989110009752,
  "ram_used_MB_peak": 24697.36448,
  "gpu_util_avg": 95.20975609756097,
  "gpu_util_peak": 98.0,
  "gpu_mem_MB_avg": 2710.112126126829,
  "gpu_mem_MB_peak": 2721.05472,
  "gpu": {
    "enabled": true,
    "index": 0,
    "name": "NVIDIA GeForce RTX 3090",
    "mem_total_MB": 25769.803776,
    "samples": 205
  },
  "samples": 205,
  "interval_sec": 120.0,
  "runtime": {
    "initial": {
      "epoch": 0
    },
    "current": {
      "epoch": 420
    }
  },
  "metadata": {}
}