{
  "job_type": "GPU training",
  "start_time": 1765275711.478883,
  "end_time": 1765285914.1508272,
  "wall_clock_sec": 10202.671944141388,
  "cpu_percent_avg": 13.945348837209307,
  "cpu_percent_peak": 48.2,
  "ram_used_MB_avg": 44906.51428911627,
  "ram_used_MB_peak": 51362.172928,
  "gpu_util_avg": 75.55813953488372,
  "gpu_util_peak": 98.0,
  "gpu_mem_MB_avg": 16231.701194418594,
  "gpu_mem_MB_peak": 16759.52128,
  "gpu": {
    "enabled": true,
    "index": 0,
    "name": "NVIDIA GeForce RTX 3090",
    "mem_total_MB": 25769.803776,
    "samples": 86
  },
  "samples": 86,
  "interval_sec": 120.0,
  "runtime": {
    "initial": {
      "epoch": 10401
    },
    "current": {
      "epoch": 10881
    }
  },
  "metadata": {}
}