{
  "job_type": "GPU training",
  "start_time": 1761046317.615754,
  "end_time": 1761057121.5979435,
  "wall_clock_sec": 10803.982189655304,
  "cpu_percent_avg": 5.043956043956043,
  "cpu_percent_peak": 5.2,
  "ram_used_MB_avg": 20805.533290901098,
  "ram_used_MB_peak": 20899.876864,
  "gpu_util_avg": 82.10989010989012,
  "gpu_util_peak": 99.0,
  "gpu_mem_MB_avg": 4388.8746225934065,
  "gpu_mem_MB_peak": 4432.330752,
  "gpu": {
    "enabled": true,
    "index": 0,
    "name": "NVIDIA GeForce RTX 3090",
    "mem_total_MB": 25769.803776,
    "samples": 91
  },
  "samples": 91,
  "interval_sec": 120.0,
  "runtime": {
    "initial": {
      "epoch": 0
    },
    "current": {
      "epoch": 152
    }
  },
  "metadata": {}
}