{
  "job_type": "GPU training",
  "start_time": 1763416283.4419637,
  "end_time": 1763429246.600183,
  "wall_clock_sec": 12963.158219337463,
  "cpu_percent_avg": 4.221100917431194,
  "cpu_percent_peak": 7.1,
  "ram_used_MB_avg": 250535.13449922932,
  "ram_used_MB_peak": 253324.955648,
  "gpu_util_avg": 22.165137614678898,
  "gpu_util_peak": 75.0,
  "gpu_mem_MB_avg": 3138.912255999999,
  "gpu_mem_MB_peak": 3138.912256,
  "gpu": {
    "enabled": true,
    "index": 0,
    "name": "Quadro RTX 6000",
    "mem_total_MB": 25769.803776,
    "samples": 109
  },
  "samples": 109,
  "interval_sec": 120.0,
  "runtime": {
    "initial": {
      "idx": 0
    },
    "current": {
      "idx": 8
    }
  },
  "metadata": {}
}