{
  "job_type": "GPU training",
  "start_time": 1761483194.3927934,
  "end_time": 1761563204.337212,
  "wall_clock_sec": 80009.94441866875,
  "cpu_percent_avg": 8.467016491754123,
  "cpu_percent_peak": 10.8,
  "ram_used_MB_avg": 23853.67912011994,
  "ram_used_MB_peak": 28148.690944,
  "gpu_util_avg": 46.035982008995504,
  "gpu_util_peak": 100.0,
  "gpu_mem_MB_avg": 9331.425108053974,
  "gpu_mem_MB_peak": 18411.945984,
  "gpu": {
    "enabled": true,
    "index": 0,
    "name": "NVIDIA GeForce RTX 3090",
    "mem_total_MB": 25769.803776,
    "samples": 667
  },
  "samples": 667,
  "interval_sec": 120.0,
  "runtime": {
    "initial": {
      "epoch": 0
    },
    "current": {
      "epoch": 2029
    }
  },
  "metadata": {}
}