{
  "job_type": "GPU training",
  "start_time": 1765038501.279121,
  "end_time": 1765196399.1640515,
  "wall_clock_sec": 157897.88493061066,
  "cpu_percent_avg": 18.9324714828895,
  "cpu_percent_peak": 28.0,
  "ram_used_MB_avg": 42183.38848627833,
  "ram_used_MB_peak": 80757.567488,
  "gpu_util_avg": 30.484410646387833,
  "gpu_util_peak": 100.0,
  "gpu_mem_MB_avg": 6834.450964635649,
  "gpu_mem_MB_peak": 25699.680256,
  "gpu": {
    "enabled": true,
    "index": 0,
    "name": "NVIDIA GeForce RTX 3090",
    "mem_total_MB": 25769.803776,
    "samples": 1315
  },
  "samples": 1315,
  "interval_sec": 120.0,
  "runtime": {
    "initial": {
      "epoch": 0
    },
    "current": {
      "epoch": 5999
    }
  },
  "metadata": {}
}