{
  "job_type": "GPU training",
  "start_time": 1765449500.2561767,
  "end_time": 1765540965.0689867,
  "wall_clock_sec": 91464.81280994415,
  "cpu_percent_avg": 16.37693315858426,
  "cpu_percent_peak": 47.0,
  "ram_used_MB_avg": 41022.14548902755,
  "ram_used_MB_peak": 69616.49664,
  "gpu_util_avg": 76.72083879423329,
  "gpu_util_peak": 99.0,
  "gpu_mem_MB_avg": 16407.044965662088,
  "gpu_mem_MB_peak": 18705.678336,
  "gpu": {
    "enabled": true,
    "index": 0,
    "name": "NVIDIA GeForce RTX 3090",
    "mem_total_MB": 25769.803776,
    "samples": 763
  },
  "samples": 763,
  "interval_sec": 120.0,
  "runtime": {
    "initial": {
      "epoch": 18646
    },
    "current": {
      "epoch": 22988
    }
  },
  "metadata": {}
}