{
  "job_type": "GPU training",
  "start_time": 1758731448.651455,
  "end_time": 1758788206.6089869,
  "wall_clock_sec": 56757.957531929016,
  "cpu_percent_avg": 10.049894291754756,
  "cpu_percent_peak": 10.8,
  "ram_used_MB_avg": 25497.681435061313,
  "ram_used_MB_peak": 25825.427456,
  "gpu_util_avg": 99.65327695560254,
  "gpu_util_peak": 100.0,
  "gpu_mem_MB_avg": 3302.2599739534885,
  "gpu_mem_MB_peak": 3308.25728,
  "gpu": {
    "enabled": true,
    "index": 0,
    "name": "NVIDIA GeForce RTX 3090",
    "mem_total_MB": 25769.803776,
    "samples": 473
  },
  "samples": 473,
  "interval_sec": 120.0,
  "runtime": {
    "initial": {
      "epoch": 4
    },
    "current": {
      "epoch": 67
    }
  },
  "metadata": {}
}