{
  "job_type": "GPU training",
  "start_time": 1765038492.3069897,
  "end_time": 1765182244.9752383,
  "wall_clock_sec": 143752.6682486534,
  "cpu_percent_avg": 18.547619047618785,
  "cpu_percent_peak": 27.9,
  "ram_used_MB_avg": 41615.6317560836,
  "ram_used_MB_peak": 54421.21728,
  "gpu_util_avg": 25.64828738512949,
  "gpu_util_peak": 100.0,
  "gpu_mem_MB_avg": 5886.514969022419,
  "gpu_mem_MB_peak": 25699.680256,
  "gpu": {
    "enabled": true,
    "index": 0,
    "name": "NVIDIA GeForce RTX 3090",
    "mem_total_MB": 25769.803776,
    "samples": 1197
  },
  "samples": 1197,
  "interval_sec": 120.0,
  "runtime": {
    "initial": {
      "epoch": 0
    },
    "current": {
      "epoch": 5471
    }
  },
  "metadata": {}
}