{
  "job_type": "GPU training",
  "start_time": 1762626742.983243,
  "end_time": 1762634890.9500966,
  "wall_clock_sec": 8147.966853618622,
  "cpu_percent_avg": 10.273913043478261,
  "cpu_percent_peak": 11.5,
  "ram_used_MB_avg": 323180.96826249274,
  "ram_used_MB_peak": 329559.28576,
  "gpu_util_avg": 4.057971014492754,
  "gpu_util_peak": 98.0,
  "gpu_mem_MB_avg": 1175.613261913043,
  "gpu_mem_MB_peak": 11271.667712,
  "gpu": {
    "enabled": true,
    "index": 0,
    "name": "Quadro RTX 6000",
    "mem_total_MB": 25769.803776,
    "samples": 69
  },
  "samples": 69,
  "interval_sec": 120.0,
  "runtime": {
    "initial": {
      "idx": 0
    },
    "current": {
      "idx": 49
    }
  },
  "metadata": {}
}