{
  "job_type": "GPU training",
  "start_time": 1762872760.757944,
  "end_time": 1762892778.7887926,
  "wall_clock_sec": 20018.030848503113,
  "cpu_percent_avg": 5.659880239520958,
  "cpu_percent_peak": 10.2,
  "ram_used_MB_avg": 7938.493703664671,
  "ram_used_MB_peak": 10954.059776,
  "gpu_util_avg": 9.754491017964073,
  "gpu_util_peak": 100.0,
  "gpu_mem_MB_avg": 1379.3185325988022,
  "gpu_mem_MB_peak": 12372.148224,
  "gpu": {
    "enabled": true,
    "index": 0,
    "name": "NVIDIA GeForce RTX 3090",
    "mem_total_MB": 25769.803776,
    "samples": 167
  },
  "samples": 167,
  "interval_sec": 120.0,
  "runtime": {
    "initial": {
      "epoch": 23
    },
    "current": {
      "epoch": 2287
    }
  },
  "metadata": {}
}