{
  "job_type": "GPU training",
  "start_time": 1763373739.3494687,
  "end_time": 1763382875.5359273,
  "wall_clock_sec": 9136.186458587646,
  "cpu_percent_avg": 6.934210526315791,
  "cpu_percent_peak": 15.4,
  "ram_used_MB_avg": 234724.9143915789,
  "ram_used_MB_peak": 340344.496128,
  "gpu_util_avg": 93.13157894736842,
  "gpu_util_peak": 100.0,
  "gpu_mem_MB_avg": 12316.490913684213,
  "gpu_mem_MB_peak": 25213.534208,
  "gpu": {
    "enabled": true,
    "index": 0,
    "name": "Quadro RTX 6000",
    "mem_total_MB": 25769.803776,
    "samples": 76
  },
  "samples": 76,
  "interval_sec": 120.0,
  "runtime": {
    "initial": {
      "idx": 0
    },
    "current": {
      "idx": 55
    }
  },
  "metadata": {}
}