{
  "job_type": "GPU training",
  "start_time": 1764872882.0721407,
  "end_time": 1764963567.9254925,
  "wall_clock_sec": 90685.85335183144,
  "cpu_percent_avg": 10.08289124668435,
  "cpu_percent_peak": 11.0,
  "ram_used_MB_avg": 12527.238494387268,
  "ram_used_MB_peak": 13051.265024,
  "gpu_util_avg": 85.87267904509284,
  "gpu_util_peak": 100.0,
  "gpu_mem_MB_avg": 16870.539264,
  "gpu_mem_MB_peak": 16870.539264,
  "gpu": {
    "enabled": true,
    "index": 0,
    "name": "NVIDIA GeForce RTX 3090",
    "mem_total_MB": 25769.803776,
    "samples": 754
  },
  "samples": 754,
  "interval_sec": 120.0,
  "runtime": {
    "initial": {
      "epoch": 0
    },
    "current": {
      "epoch": 3569
    }
  },
  "metadata": {}
}