{
  "job_type": "GPU training",
  "start_time": 1763428961.1269677,
  "end_time": 1763507320.130123,
  "wall_clock_sec": 78359.00315523148,
  "cpu_percent_avg": 10.158282208588957,
  "cpu_percent_peak": 15.2,
  "ram_used_MB_avg": 12414.963278527608,
  "ram_used_MB_peak": 19954.597888,
  "gpu_util_avg": 82.40644171779141,
  "gpu_util_peak": 100.0,
  "gpu_mem_MB_avg": 12061.446269644171,
  "gpu_mem_MB_peak": 25002.573824,
  "gpu": {
    "enabled": true,
    "index": 0,
    "name": "NVIDIA GeForce RTX 3090",
    "mem_total_MB": 25769.803776,
    "samples": 652
  },
  "samples": 652,
  "interval_sec": 120.0,
  "runtime": {
    "initial": {
      "epoch": 0
    },
    "current": {
      "epoch": 5675
    }
  },
  "metadata": {}
}