{
  "job_type": "GPU training",
  "start_time": 1765327254.8706222,
  "end_time": 1765348168.3180485,
  "wall_clock_sec": 20913.447426319122,
  "cpu_percent_avg": 17.098295454545454,
  "cpu_percent_peak": 25.0,
  "ram_used_MB_avg": 331854.76677818183,
  "ram_used_MB_peak": 376798.715904,
  "gpu_util_avg": 2.1193181818181817,
  "gpu_util_peak": 100.0,
  "gpu_mem_MB_avg": 987.4249541818205,
  "gpu_mem_MB_peak": 12628.525056,
  "gpu": {
    "enabled": true,
    "index": 0,
    "name": "Quadro RTX 6000",
    "mem_total_MB": 25769.803776,
    "samples": 176
  },
  "samples": 176,
  "interval_sec": 120.0,
  "runtime": {
    "initial": {
      "epoch": 0
    },
    "current": {
      "epoch": 5999
    }
  },
  "metadata": {}
}