{
  "job_type": "GPU training",
  "start_time": 1764945142.4250472,
  "end_time": 1764947248.3522456,
  "wall_clock_sec": 2105.927198410034,
  "cpu_percent_avg": 3.810526315789474,
  "cpu_percent_peak": 4.2,
  "ram_used_MB_avg": 191254.60065010525,
  "ram_used_MB_peak": 206648.05376,
  "gpu_util_avg": 0.0,
  "gpu_util_peak": 0.0,
  "gpu_mem_MB_avg": 716.701696,
  "gpu_mem_MB_peak": 716.701696,
  "gpu": {
    "enabled": true,
    "index": 0,
    "name": "Quadro RTX 6000",
    "mem_total_MB": 25769.803776,
    "samples": 19
  },
  "samples": 19,
  "interval_sec": 120.0,
  "runtime": {
    "initial": {
      "idx": 0
    },
    "current": {
      "idx": 59
    }
  },
  "metadata": {}
}