{
  "job_type": "GPU training",
  "start_time": 1761214698.6745253,
  "end_time": 1761218059.7914271,
  "wall_clock_sec": 3361.1169018745422,
  "cpu_percent_avg": 9.682758620689656,
  "cpu_percent_peak": 10.1,
  "ram_used_MB_avg": 24062.85947586207,
  "ram_used_MB_peak": 24266.62912,
  "gpu_util_avg": 98.13793103448276,
  "gpu_util_peak": 99.0,
  "gpu_mem_MB_avg": 4438.477576827586,
  "gpu_mem_MB_peak": 4438.622208,
  "gpu": {
    "enabled": true,
    "index": 0,
    "name": "NVIDIA GeForce RTX 3090",
    "mem_total_MB": 25769.803776,
    "samples": 29
  },
  "samples": 29,
  "interval_sec": 120.0,
  "runtime": {
    "initial": {
      "epoch": 1
    },
    "current": {
      "epoch": 203
    }
  },
  "metadata": {}
}