{
  "job_type": "GPU training",
  "start_time": 1763667588.845953,
  "end_time": 1763670573.1834602,
  "wall_clock_sec": 2984.337507247925,
  "cpu_percent_avg": 3.7692307692307687,
  "cpu_percent_peak": 4.3,
  "ram_used_MB_avg": 233508.51867569235,
  "ram_used_MB_peak": 244767.576064,
  "gpu_util_avg": 99.92307692307692,
  "gpu_util_peak": 100.0,
  "gpu_mem_MB_avg": 24519.376896,
  "gpu_mem_MB_peak": 24519.376896,
  "gpu": {
    "enabled": true,
    "index": 0,
    "name": "Quadro RTX 6000",
    "mem_total_MB": 25769.803776,
    "samples": 26
  },
  "samples": 26,
  "interval_sec": 120.0,
  "runtime": {
    "initial": {
      "idx": 0
    },
    "current": {
      "idx": 59
    }
  },
  "metadata": {}
}