{
  "job_type": "GPU training",
  "start_time": 1762900505.0013769,
  "end_time": 1762980256.7445347,
  "wall_clock_sec": 79751.74315786362,
  "cpu_percent_avg": 8.74698795180723,
  "cpu_percent_peak": 13.0,
  "ram_used_MB_avg": 10147.17361040964,
  "ram_used_MB_peak": 31041.142784,
  "gpu_util_avg": 34.92921686746988,
  "gpu_util_peak": 99.0,
  "gpu_mem_MB_avg": 2697.986048,
  "gpu_mem_MB_peak": 2697.986048,
  "gpu": {
    "enabled": true,
    "index": 0,
    "name": "NVIDIA GeForce RTX 3090",
    "mem_total_MB": 25769.803776,
    "samples": 664
  },
  "samples": 664,
  "interval_sec": 120.0,
  "runtime": {
    "initial": {
      "epoch": 0
    },
    "current": {
      "epoch": 9107
    }
  },
  "metadata": {}
}