{
  "job_type": "GPU training",
  "start_time": 1764869600.8481305,
  "end_time": 1765108650.02669,
  "wall_clock_sec": 239049.1785595417,
  "cpu_percent_avg": 9.468042274786109,
  "cpu_percent_peak": 11.0,
  "ram_used_MB_avg": 11882.23767989532,
  "ram_used_MB_peak": 13295.665152,
  "gpu_util_avg": 78.57926522395572,
  "gpu_util_peak": 100.0,
  "gpu_mem_MB_avg": 13849.821959086059,
  "gpu_mem_MB_peak": 16870.539264,
  "gpu": {
    "enabled": true,
    "index": 0,
    "name": "NVIDIA GeForce RTX 3090",
    "mem_total_MB": 25769.803776,
    "samples": 1987
  },
  "samples": 1987,
  "interval_sec": 120.0,
  "runtime": {
    "initial": {
      "epoch": 22
    },
    "current": {
      "epoch": 5999
    }
  },
  "metadata": {}
}