{
  "job_type": "GPU training",
  "start_time": 1762896451.5170252,
  "end_time": 1762899698.5486934,
  "wall_clock_sec": 3247.0316681861877,
  "cpu_percent_avg": 7.164285714285714,
  "cpu_percent_peak": 7.7,
  "ram_used_MB_avg": 8272.788041142858,
  "ram_used_MB_peak": 8381.652992,
  "gpu_util_avg": 32.82142857142857,
  "gpu_util_peak": 99.0,
  "gpu_mem_MB_avg": 2697.986048,
  "gpu_mem_MB_peak": 2697.986048,
  "gpu": {
    "enabled": true,
    "index": 0,
    "name": "NVIDIA GeForce RTX 3090",
    "mem_total_MB": 25769.803776,
    "samples": 28
  },
  "samples": 28,
  "interval_sec": 120.0,
  "runtime": {
    "initial": {
      "epoch": 0
    },
    "current": {
      "epoch": 367
    }
  },
  "metadata": {}
}