{
  "job_type": "GPU training",
  "start_time": 1762260717.8628063,
  "end_time": 1762263118.6486466,
  "wall_clock_sec": 2400.7858402729034,
  "cpu_percent_avg": 5.052380952380952,
  "cpu_percent_peak": 7.7,
  "ram_used_MB_avg": 7683.1572358095245,
  "ram_used_MB_peak": 9411.919872,
  "gpu_util_avg": 45.0,
  "gpu_util_peak": 96.0,
  "gpu_mem_MB_avg": 1443.889152,
  "gpu_mem_MB_peak": 1443.889152,
  "gpu": {
    "enabled": true,
    "index": 0,
    "name": "NVIDIA GeForce RTX 3090",
    "mem_total_MB": 25769.803776,
    "samples": 21
  },
  "samples": 21,
  "interval_sec": 120.0,
  "runtime": {
    "initial": {
      "epoch": 0
    },
    "current": {
      "epoch": 123
    }
  },
  "metadata": {}
}