{
  "job_type": "GPU training",
  "start_time": 1765038501.279121,
  "end_time": 1765191007.3138566,
  "wall_clock_sec": 152506.03473567963,
  "cpu_percent_avg": 18.772598425196605,
  "cpu_percent_peak": 28.0,
  "ram_used_MB_avg": 41813.359337020476,
  "ram_used_MB_peak": 54390.53824,
  "gpu_util_avg": 28.77244094488189,
  "gpu_util_peak": 100.0,
  "gpu_mem_MB_avg": 6495.1452938077655,
  "gpu_mem_MB_peak": 25699.680256,
  "gpu": {
    "enabled": true,
    "index": 0,
    "name": "NVIDIA GeForce RTX 3090",
    "mem_total_MB": 25769.803776,
    "samples": 1270
  },
  "samples": 1270,
  "interval_sec": 120.0,
  "runtime": {
    "initial": {
      "epoch": 0
    },
    "current": {
      "epoch": 5795
    }
  },
  "metadata": {}
}