{
  "job_type": "GPU training",
  "start_time": 1764800069.1110883,
  "end_time": 1764804277.8390636,
  "wall_clock_sec": 4208.7279753685,
  "cpu_percent_avg": 9.727777777777778,
  "cpu_percent_peak": 10.2,
  "ram_used_MB_avg": 12699.512945777778,
  "ram_used_MB_peak": 13097.848832,
  "gpu_util_avg": 85.83333333333333,
  "gpu_util_peak": 100.0,
  "gpu_mem_MB_avg": 16228.073471999998,
  "gpu_mem_MB_peak": 16824.40192,
  "gpu": {
    "enabled": true,
    "index": 0,
    "name": "NVIDIA GeForce RTX 3090",
    "mem_total_MB": 25769.803776,
    "samples": 36
  },
  "samples": 36,
  "interval_sec": 120.0,
  "runtime": {
    "initial": {
      "epoch": 0
    },
    "current": {
      "epoch": 104
    }
  },
  "metadata": {}
}