{
  "job_type": "GPU training",
  "start_time": 1765327293.2255414,
  "end_time": 1765347829.8622432,
  "wall_clock_sec": 20536.63670182228,
  "cpu_percent_avg": 13.199999999999998,
  "cpu_percent_peak": 14.8,
  "ram_used_MB_avg": 181294.04202321396,
  "ram_used_MB_peak": 201748.64384,
  "gpu_util_avg": 4.913294797687861,
  "gpu_util_peak": 100.0,
  "gpu_mem_MB_avg": 1336.391928601158,
  "gpu_mem_MB_peak": 12628.525056,
  "gpu": {
    "enabled": true,
    "index": 0,
    "name": "Quadro RTX 6000",
    "mem_total_MB": 25769.803776,
    "samples": 173
  },
  "samples": 173,
  "interval_sec": 120.0,
  "runtime": {
    "initial": {
      "epoch": 0
    },
    "current": {
      "epoch": 5999
    }
  },
  "metadata": {}
}