{
  "job_type": "GPU training",
  "start_time": 1759097265.8815985,
  "end_time": 1759149628.2037442,
  "wall_clock_sec": 52362.322145700455,
  "cpu_percent_avg": 10.083295194508008,
  "cpu_percent_peak": 11.0,
  "ram_used_MB_avg": 24774.491597620134,
  "ram_used_MB_peak": 25029.423104,
  "gpu_util_avg": 95.44393592677345,
  "gpu_util_peak": 97.0,
  "gpu_mem_MB_avg": 2488.270848,
  "gpu_mem_MB_peak": 2488.270848,
  "gpu": {
    "enabled": true,
    "index": 0,
    "name": "NVIDIA GeForce RTX 3090",
    "mem_total_MB": 25769.803776,
    "samples": 437
  },
  "samples": 437,
  "interval_sec": 120.0,
  "runtime": {
    "initial": {
      "epoch": 204
    },
    "current": {
      "epoch": 300
    }
  },
  "metadata": {}
}