{
  "job_type": "GPU training",
  "start_time": 1761064220.9507492,
  "end_time": 1761064461.0532093,
  "wall_clock_sec": 240.10246014595032,
  "cpu_percent_avg": 3.233333333333333,
  "cpu_percent_peak": 5.1,
  "ram_used_MB_avg": 19262.667434666666,
  "ram_used_MB_peak": 20241.125376,
  "gpu_util_avg": 0.0,
  "gpu_util_peak": 0.0,
  "gpu_mem_MB_avg": 477.822976,
  "gpu_mem_MB_peak": 477.822976,
  "gpu": {
    "enabled": true,
    "index": 0,
    "name": "NVIDIA GeForce RTX 3090",
    "mem_total_MB": 25769.803776,
    "samples": 3
  },
  "samples": 3,
  "interval_sec": 120.0,
  "runtime": {
    "initial": {
      "epoch": 0
    },
    "current": {
      "epoch": 9
    }
  },
  "metadata": {}
}