{
  "job_type": "GPU training",
  "start_time": 1765275711.478883,
  "end_time": 1765299601.2848492,
  "wall_clock_sec": 23889.80596613884,
  "cpu_percent_avg": 13.284499999999989,
  "cpu_percent_peak": 48.2,
  "ram_used_MB_avg": 49567.06015231999,
  "ram_used_MB_peak": 57835.061248,
  "gpu_util_avg": 76.91,
  "gpu_util_peak": 98.0,
  "gpu_mem_MB_avg": 16437.064499199943,
  "gpu_mem_MB_peak": 25760.497664,
  "gpu": {
    "enabled": true,
    "index": 0,
    "name": "NVIDIA GeForce RTX 3090",
    "mem_total_MB": 25769.803776,
    "samples": 200
  },
  "samples": 200,
  "interval_sec": 120.0,
  "runtime": {
    "initial": {
      "epoch": 10401
    },
    "current": {
      "epoch": 11531
    }
  },
  "metadata": {}
}