{
  "job_type": "GPU training",
  "start_time": 1765182216.7349212,
  "end_time": 1765200225.6278834,
  "wall_clock_sec": 18008.89296221733,
  "cpu_percent_avg": 20.87086092715232,
  "cpu_percent_peak": 27.2,
  "ram_used_MB_avg": 49763.679252344366,
  "ram_used_MB_peak": 80143.548416,
  "gpu_util_avg": 73.66225165562913,
  "gpu_util_peak": 98.0,
  "gpu_mem_MB_avg": 16304.005282754924,
  "gpu_mem_MB_peak": 16410.411008,
  "gpu": {
    "enabled": true,
    "index": 0,
    "name": "NVIDIA GeForce RTX 3090",
    "mem_total_MB": 25769.803776,
    "samples": 151
  },
  "samples": 151,
  "interval_sec": 120.0,
  "runtime": {
    "initial": {
      "epoch": 6000
    },
    "current": {
      "epoch": 6845
    }
  },
  "metadata": {}
}