{
  "job_type": "GPU training",
  "start_time": 1761223096.4907696,
  "end_time": 1761242188.0308626,
  "wall_clock_sec": 19091.5400929451,
  "cpu_percent_avg": 9.978125,
  "cpu_percent_peak": 10.8,
  "ram_used_MB_avg": 24019.516364799998,
  "ram_used_MB_peak": 24307.89632,
  "gpu_util_avg": 95.1375,
  "gpu_util_peak": 98.0,
  "gpu_mem_MB_avg": 2707.0214144,
  "gpu_mem_MB_peak": 2721.05472,
  "gpu": {
    "enabled": true,
    "index": 0,
    "name": "NVIDIA GeForce RTX 3090",
    "mem_total_MB": 25769.803776,
    "samples": 160
  },
  "samples": 160,
  "interval_sec": 120.0,
  "runtime": {
    "initial": {
      "epoch": 0
    },
    "current": {
      "epoch": 1176
    }
  },
  "metadata": {}
}