{
  "job_type": "GPU training",
  "start_time": 1763375506.5209856,
  "end_time": 1763382276.0973494,
  "wall_clock_sec": 6769.576363801956,
  "cpu_percent_avg": 7.391071428571429,
  "cpu_percent_peak": 8.3,
  "ram_used_MB_avg": 177713.68513828568,
  "ram_used_MB_peak": 178482.335744,
  "gpu_util_avg": 46.92857142857143,
  "gpu_util_peak": 97.0,
  "gpu_mem_MB_avg": 8874.62297600001,
  "gpu_mem_MB_peak": 8874.622976,
  "gpu": {
    "enabled": true,
    "index": 0,
    "name": "Quadro RTX 6000",
    "mem_total_MB": 25769.803776,
    "samples": 56
  },
  "samples": 56,
  "interval_sec": 120.0,
  "runtime": {
    "initial": {
      "idx": 0
    },
    "current": {
      "idx": 40
    }
  },
  "metadata": {}
}