{
  "job_type": "GPU training",
  "start_time": 1765122696.7888474,
  "end_time": 1765229684.3653631,
  "wall_clock_sec": 106987.57651567459,
  "cpu_percent_avg": 8.676067415730337,
  "cpu_percent_peak": 11.1,
  "ram_used_MB_avg": 11161.161797033708,
  "ram_used_MB_peak": 13359.136768,
  "gpu_util_avg": 77.73370786516854,
  "gpu_util_peak": 100.0,
  "gpu_mem_MB_avg": 7895.009772440449,
  "gpu_mem_MB_peak": 11917.06624,
  "gpu": {
    "enabled": true,
    "index": 0,
    "name": "NVIDIA GeForce RTX 3090",
    "mem_total_MB": 25769.803776,
    "samples": 890
  },
  "samples": 890,
  "interval_sec": 120.0,
  "runtime": {
    "initial": {
      "epoch": 0
    },
    "current": {
      "epoch": 4521
    }
  },
  "metadata": {}
}