{
  "job_type": "GPU training",
  "start_time": 1765449423.3087347,
  "end_time": 1765555439.934968,
  "wall_clock_sec": 106016.62623333931,
  "cpu_percent_avg": 15.534389140271227,
  "cpu_percent_peak": 47.0,
  "ram_used_MB_avg": 40158.0248522715,
  "ram_used_MB_peak": 69985.173504,
  "gpu_util_avg": 75.960407239819,
  "gpu_util_peak": 100.0,
  "gpu_mem_MB_avg": 16438.98440745727,
  "gpu_mem_MB_peak": 18705.678336,
  "gpu": {
    "enabled": true,
    "index": 0,
    "name": "NVIDIA GeForce RTX 3090",
    "mem_total_MB": 25769.803776,
    "samples": 884
  },
  "samples": 884,
  "interval_sec": 120.0,
  "runtime": {
    "initial": {
      "epoch": 25717
    },
    "current": {
      "epoch": 33546
    }
  },
  "metadata": {}
}