{
  "job_type": "GPU training",
  "start_time": 1762609352.753766,
  "end_time": 1762693255.77772,
  "wall_clock_sec": 83903.02395391464,
  "cpu_percent_avg": 9.216,
  "cpu_percent_peak": 10.9,
  "ram_used_MB_avg": 13246.601122377142,
  "ram_used_MB_peak": 15837.032448,
  "gpu_util_avg": 80.45714285714286,
  "gpu_util_peak": 100.0,
  "gpu_mem_MB_avg": 11716.342860068571,
  "gpu_mem_MB_peak": 11732.516864,
  "gpu": {
    "enabled": true,
    "index": 0,
    "name": "NVIDIA GeForce RTX 3090",
    "mem_total_MB": 25769.803776,
    "samples": 700
  },
  "samples": 700,
  "interval_sec": 120.0,
  "runtime": {
    "initial": {
      "epoch": 0
    },
    "current": {
      "epoch": 5999
    }
  },
  "metadata": {}
}