{
  "job_type": "GPU training",
  "start_time": 1765415232.3724055,
  "end_time": 1765417392.678343,
  "wall_clock_sec": 2160.3059375286102,
  "cpu_percent_avg": 8.721052631578948,
  "cpu_percent_peak": 14.3,
  "ram_used_MB_avg": 188797.57409010525,
  "ram_used_MB_peak": 201657.970688,
  "gpu_util_avg": 91.63157894736842,
  "gpu_util_peak": 100.0,
  "gpu_mem_MB_avg": 14409.007103999997,
  "gpu_mem_MB_peak": 14409.007104,
  "gpu": {
    "enabled": true,
    "index": 0,
    "name": "Quadro RTX 6000",
    "mem_total_MB": 25769.803776,
    "samples": 19
  },
  "samples": 19,
  "interval_sec": 120.0,
  "runtime": {
    "initial": {
      "epoch": 6000
    },
    "current": {
      "epoch": 6624
    }
  },
  "metadata": {}
}