{
  "job_type": "GPU training",
  "start_time": 1762879520.471137,
  "end_time": 1762879520.72558,
  "wall_clock_sec": 0.2544429302215576,
  "cpu_percent_avg": 9.05,
  "cpu_percent_peak": 13.3,
  "ram_used_MB_avg": 186495.79929599998,
  "ram_used_MB_peak": 186515.070976,
  "gpu_util_avg": 19.0,
  "gpu_util_peak": 27.0,
  "gpu_mem_MB_avg": 1274.544128,
  "gpu_mem_MB_peak": 1446.510592,
  "gpu": {
    "enabled": true,
    "index": 0,
    "name": "Quadro RTX 6000",
    "mem_total_MB": 25769.803776,
    "samples": 2
  },
  "samples": 2,
  "interval_sec": 120.0,
  "runtime": {
    "initial": null,
    "current": null
  },
  "metadata": {}
}