{
  "job_type": "GPU training",
  "start_time": 1763417554.3709412,
  "end_time": 1763467142.2967415,
  "wall_clock_sec": 49587.925800323486,
  "cpu_percent_avg": 3.941564792176046,
  "cpu_percent_peak": 4.8,
  "ram_used_MB_avg": 261024.71725566758,
  "ram_used_MB_peak": 287751.225344,
  "gpu_util_avg": 30.200488997555013,
  "gpu_util_peak": 100.0,
  "gpu_mem_MB_avg": 4732.319949300734,
  "gpu_mem_MB_peak": 16155.93472,
  "gpu": {
    "enabled": true,
    "index": 0,
    "name": "Quadro RTX 6000",
    "mem_total_MB": 25769.803776,
    "samples": 409
  },
  "samples": 409,
  "interval_sec": 120.0,
  "runtime": {
    "initial": {
      "idx": 0
    },
    "current": {
      "idx": 30
    }
  },
  "metadata": {}
}