{
  "job_type": "GPU training",
  "start_time": 1763373739.3494687,
  "end_time": 1763382275.4390051,
  "wall_clock_sec": 8536.089536428452,
  "cpu_percent_avg": 6.9718309859154965,
  "cpu_percent_peak": 15.4,
  "ram_used_MB_avg": 237885.17335616896,
  "ram_used_MB_peak": 340344.496128,
  "gpu_util_avg": 92.64788732394366,
  "gpu_util_peak": 100.0,
  "gpu_mem_MB_avg": 12748.978377915495,
  "gpu_mem_MB_peak": 25213.534208,
  "gpu": {
    "enabled": true,
    "index": 0,
    "name": "Quadro RTX 6000",
    "mem_total_MB": 25769.803776,
    "samples": 71
  },
  "samples": 71,
  "interval_sec": 120.0,
  "runtime": {
    "initial": {
      "idx": 0
    },
    "current": {
      "idx": 51
    }
  },
  "metadata": {}
}