{
  "job_type": "GPU training",
  "start_time": 1761303756.0148702,
  "end_time": 1761402430.7592466,
  "wall_clock_sec": 98674.74437642097,
  "cpu_percent_avg": 13.663669501822602,
  "cpu_percent_peak": 17.7,
  "ram_used_MB_avg": 26913.763711222357,
  "ram_used_MB_peak": 30496.321536,
  "gpu_util_avg": 65.30255164034021,
  "gpu_util_peak": 100.0,
  "gpu_mem_MB_avg": 6996.112768466585,
  "gpu_mem_MB_peak": 8425.30816,
  "gpu": {
    "enabled": true,
    "index": 0,
    "name": "NVIDIA GeForce RTX 3090",
    "mem_total_MB": 25769.803776,
    "samples": 823
  },
  "samples": 823,
  "interval_sec": 120.0,
  "runtime": {
    "initial": {
      "epoch": 0
    },
    "current": {
      "epoch": 2999
    }
  },
  "metadata": {}
}