{
  "job_type": "GPU training",
  "start_time": 1761223096.4907696,
  "end_time": 1761244228.7818267,
  "wall_clock_sec": 21132.291057109833,
  "cpu_percent_avg": 9.981920903954801,
  "cpu_percent_peak": 10.8,
  "ram_used_MB_avg": 24070.58069839548,
  "ram_used_MB_peak": 24707.149824,
  "gpu_util_avg": 95.16949152542372,
  "gpu_util_peak": 98.0,
  "gpu_mem_MB_avg": 2708.3692460112998,
  "gpu_mem_MB_peak": 2721.05472,
  "gpu": {
    "enabled": true,
    "index": 0,
    "name": "NVIDIA GeForce RTX 3090",
    "mem_total_MB": 25769.803776,
    "samples": 177
  },
  "samples": 177,
  "interval_sec": 120.0,
  "runtime": {
    "initial": {
      "epoch": 0
    },
    "current": {
      "epoch": 1302
    }
  },
  "metadata": {}
}