{
  "job_type": "GPU training",
  "start_time": 1762900505.0013769,
  "end_time": 1762902189.201123,
  "wall_clock_sec": 1684.199746131897,
  "cpu_percent_avg": 7.073333333333333,
  "cpu_percent_peak": 7.7,
  "ram_used_MB_avg": 8187.067050666667,
  "ram_used_MB_peak": 8408.772608,
  "gpu_util_avg": 26.0,
  "gpu_util_peak": 51.0,
  "gpu_mem_MB_avg": 2697.986048,
  "gpu_mem_MB_peak": 2697.986048,
  "gpu": {
    "enabled": true,
    "index": 0,
    "name": "NVIDIA GeForce RTX 3090",
    "mem_total_MB": 25769.803776,
    "samples": 15
  },
  "samples": 15,
  "interval_sec": 120.0,
  "runtime": {
    "initial": {
      "epoch": 0
    },
    "current": {
      "epoch": 187
    }
  },
  "metadata": {}
}