{
  "job_type": "GPU training",
  "start_time": 1763712953.1698956,
  "end_time": 1763823150.4354398,
  "wall_clock_sec": 110197.2655441761,
  "cpu_percent_avg": 8.904803493449782,
  "cpu_percent_peak": 10.5,
  "ram_used_MB_avg": 10762.341036157204,
  "ram_used_MB_peak": 12829.519872,
  "gpu_util_avg": 81.59497816593887,
  "gpu_util_peak": 100.0,
  "gpu_mem_MB_avg": 11738.808320000002,
  "gpu_mem_MB_peak": 11738.80832,
  "gpu": {
    "enabled": true,
    "index": 0,
    "name": "NVIDIA GeForce RTX 3090",
    "mem_total_MB": 25769.803776,
    "samples": 916
  },
  "samples": 916,
  "interval_sec": 120.0,
  "runtime": {
    "initial": {
      "epoch": 1750
    },
    "current": {
      "epoch": 8269
    }
  },
  "metadata": {}
}