{
  "job_type": "GPU training",
  "start_time": 1761849740.4387648,
  "end_time": 1761921646.1933944,
  "wall_clock_sec": 71905.75462961197,
  "cpu_percent_avg": 6.7683333333333335,
  "cpu_percent_peak": 10.2,
  "ram_used_MB_avg": 9653.266568533332,
  "ram_used_MB_peak": 14339.29728,
  "gpu_util_avg": 13.648333333333333,
  "gpu_util_peak": 100.0,
  "gpu_mem_MB_avg": 2050.7147195733337,
  "gpu_mem_MB_peak": 18411.945984,
  "gpu": {
    "enabled": true,
    "index": 0,
    "name": "NVIDIA GeForce RTX 3090",
    "mem_total_MB": 25769.803776,
    "samples": 600
  },
  "samples": 600,
  "interval_sec": 120.0,
  "runtime": {
    "initial": {
      "epoch": 0
    },
    "current": {
      "epoch": 2999
    }
  },
  "metadata": {}
}