{
  "job_type": "GPU training",
  "start_time": 1765038425.012335,
  "end_time": 1765181206.6361907,
  "wall_clock_sec": 142781.62385559082,
  "cpu_percent_avg": 18.547518923464825,
  "cpu_percent_peak": 25.4,
  "ram_used_MB_avg": 41668.86496629769,
  "ram_used_MB_peak": 54469.808128,
  "gpu_util_avg": 25.805719091673677,
  "gpu_util_peak": 100.0,
  "gpu_mem_MB_avg": 5942.952363168911,
  "gpu_mem_MB_peak": 25699.680256,
  "gpu": {
    "enabled": true,
    "index": 0,
    "name": "NVIDIA GeForce RTX 3090",
    "mem_total_MB": 25769.803776,
    "samples": 1189
  },
  "samples": 1189,
  "interval_sec": 120.0,
  "runtime": {
    "initial": {
      "epoch": 0
    },
    "current": {
      "epoch": 5439
    }
  },
  "metadata": {}
}