{
  "job_type": "GPU training",
  "start_time": 1765229575.6803713,
  "end_time": 1765238218.067682,
  "wall_clock_sec": 8642.387310743332,
  "cpu_percent_avg": 22.079452054794515,
  "cpu_percent_peak": 40.9,
  "ram_used_MB_avg": 41964.06757347946,
  "ram_used_MB_peak": 43533.242368,
  "gpu_util_avg": 76.65753424657534,
  "gpu_util_peak": 98.0,
  "gpu_mem_MB_avg": 16410.411008000003,
  "gpu_mem_MB_peak": 16410.411008,
  "gpu": {
    "enabled": true,
    "index": 0,
    "name": "NVIDIA GeForce RTX 3090",
    "mem_total_MB": 25769.803776,
    "samples": 73
  },
  "samples": 73,
  "interval_sec": 120.0,
  "runtime": {
    "initial": {
      "epoch": 10000
    },
    "current": {
      "epoch": 11662
    }
  },
  "metadata": {}
}