{
  "job_type": "GPU training",
  "start_time": 1761046317.615754,
  "end_time": 1761054600.694695,
  "wall_clock_sec": 8283.078941106796,
  "cpu_percent_avg": 5.027142857142857,
  "cpu_percent_peak": 5.2,
  "ram_used_MB_avg": 20794.337865142857,
  "ram_used_MB_peak": 20899.876864,
  "gpu_util_avg": 82.18571428571428,
  "gpu_util_peak": 99.0,
  "gpu_mem_MB_avg": 4375.837783771428,
  "gpu_mem_MB_peak": 4432.330752,
  "gpu": {
    "enabled": true,
    "index": 0,
    "name": "NVIDIA GeForce RTX 3090",
    "mem_total_MB": 25769.803776,
    "samples": 70
  },
  "samples": 70,
  "interval_sec": 120.0,
  "runtime": {
    "initial": {
      "epoch": 0
    },
    "current": {
      "epoch": 117
    }
  },
  "metadata": {}
}