{
  "job_type": "GPU training",
  "start_time": 1765122696.7888474,
  "end_time": 1765204365.0496874,
  "wall_clock_sec": 81668.26083993912,
  "cpu_percent_avg": 10.108970588235293,
  "cpu_percent_peak": 11.1,
  "ram_used_MB_avg": 12265.540168282352,
  "ram_used_MB_peak": 13359.136768,
  "gpu_util_avg": 85.13823529411765,
  "gpu_util_peak": 100.0,
  "gpu_mem_MB_avg": 8414.8224,
  "gpu_mem_MB_peak": 8414.8224,
  "gpu": {
    "enabled": true,
    "index": 0,
    "name": "NVIDIA GeForce RTX 3090",
    "mem_total_MB": 25769.803776,
    "samples": 680
  },
  "samples": 680,
  "interval_sec": 120.0,
  "runtime": {
    "initial": {
      "epoch": 0
    },
    "current": {
      "epoch": 3450
    }
  },
  "metadata": {}
}