{
  "job_type": "GPU training",
  "start_time": 1761688459.0926533,
  "end_time": 1761848939.1050498,
  "wall_clock_sec": 160480.01239657402,
  "cpu_percent_avg": 7.44091249065071,
  "cpu_percent_peak": 11.6,
  "ram_used_MB_avg": 16512.068817089006,
  "ram_used_MB_peak": 26878.222336,
  "gpu_util_avg": 85.24682124158564,
  "gpu_util_peak": 100.0,
  "gpu_mem_MB_avg": 14010.778506818251,
  "gpu_mem_MB_peak": 18044.944384,
  "gpu": {
    "enabled": true,
    "index": 0,
    "name": "NVIDIA GeForce RTX 3090",
    "mem_total_MB": 25769.803776,
    "samples": 1337
  },
  "samples": 1337,
  "interval_sec": 120.0,
  "runtime": {
    "initial": {
      "epoch": 0
    },
    "current": {
      "epoch": 2409
    }
  },
  "metadata": {}
}