{
  "job_type": "GPU training",
  "start_time": 1763429094.5913088,
  "end_time": 1763507253.08111,
  "wall_clock_sec": 78158.48980116844,
  "cpu_percent_avg": 10.167846153846153,
  "cpu_percent_peak": 15.2,
  "ram_used_MB_avg": 12427.988179101538,
  "ram_used_MB_peak": 21349.822464,
  "gpu_util_avg": 82.53846153846153,
  "gpu_util_peak": 100.0,
  "gpu_mem_MB_avg": 12062.048608886154,
  "gpu_mem_MB_peak": 25000.476672,
  "gpu": {
    "enabled": true,
    "index": 0,
    "name": "NVIDIA GeForce RTX 3090",
    "mem_total_MB": 25769.803776,
    "samples": 650
  },
  "samples": 650,
  "interval_sec": 120.0,
  "runtime": {
    "initial": {
      "epoch": 0
    },
    "current": {
      "epoch": 2859
    }
  },
  "metadata": {}
}