{
  "job_type": "GPU training",
  "start_time": 1764882868.8410254,
  "end_time": 1764946627.8489292,
  "wall_clock_sec": 63759.007903814316,
  "cpu_percent_avg": 11.59661654135338,
  "cpu_percent_peak": 17.5,
  "ram_used_MB_avg": 37779.73120192483,
  "ram_used_MB_peak": 51973.799936,
  "gpu_util_avg": 93.0,
  "gpu_util_peak": 100.0,
  "gpu_mem_MB_avg": 25635.23459272163,
  "gpu_mem_MB_peak": 25710.166016,
  "gpu": {
    "enabled": true,
    "index": 0,
    "name": "NVIDIA GeForce RTX 3090",
    "mem_total_MB": 25769.803776,
    "samples": 532
  },
  "samples": 532,
  "interval_sec": 120.0,
  "runtime": {
    "initial": {
      "epoch": 0
    },
    "current": {
      "epoch": 2088
    }
  },
  "metadata": {}
}