{
  "job_type": "GPU training",
  "start_time": 1763095371.4075701,
  "end_time": 1763095611.4582717,
  "wall_clock_sec": 240.05070161819458,
  "cpu_percent_avg": 6.233333333333334,
  "cpu_percent_peak": 9.4,
  "ram_used_MB_avg": 266745.08868266665,
  "ram_used_MB_peak": 267427.65568,
  "gpu_util_avg": 19.0,
  "gpu_util_peak": 27.0,
  "gpu_mem_MB_avg": 1464.6859093333333,
  "gpu_mem_MB_peak": 2092.433408,
  "gpu": {
    "enabled": true,
    "index": 0,
    "name": "Quadro RTX 6000",
    "mem_total_MB": 25769.803776,
    "samples": 3
  },
  "samples": 3,
  "interval_sec": 120.0,
  "runtime": {
    "initial": {
      "idx": 0
    },
    "current": {
      "idx": 1
    }
  },
  "metadata": {}
}