{
  "job_type": "GPU training",
  "start_time": 1763073990.2388818,
  "end_time": 1763082250.9118197,
  "wall_clock_sec": 8260.672937870026,
  "cpu_percent_avg": 4.005714285714284,
  "cpu_percent_peak": 4.3,
  "ram_used_MB_avg": 131395.7402331429,
  "ram_used_MB_peak": 134392.81152,
  "gpu_util_avg": 92.74285714285715,
  "gpu_util_peak": 100.0,
  "gpu_mem_MB_avg": 11028.937347657138,
  "gpu_mem_MB_peak": 11183.587328,
  "gpu": {
    "enabled": true,
    "index": 0,
    "name": "Quadro RTX 6000",
    "mem_total_MB": 25769.803776,
    "samples": 70
  },
  "samples": 70,
  "interval_sec": 120.0,
  "runtime": {
    "initial": {
      "idx": 0
    },
    "current": {
      "idx": 49
    }
  },
  "metadata": {}
}