{
  "job_type": "GPU training",
  "start_time": 1765038492.3069897,
  "end_time": 1765105587.8383217,
  "wall_clock_sec": 67095.53133201599,
  "cpu_percent_avg": 18.832678571428456,
  "cpu_percent_peak": 25.2,
  "ram_used_MB_avg": 41288.36274468574,
  "ram_used_MB_peak": 49493.336064,
  "gpu_util_avg": 40.3625,
  "gpu_util_peak": 100.0,
  "gpu_mem_MB_avg": 10975.196306285532,
  "gpu_mem_MB_peak": 25699.680256,
  "gpu": {
    "enabled": true,
    "index": 0,
    "name": "NVIDIA GeForce RTX 3090",
    "mem_total_MB": 25769.803776,
    "samples": 560
  },
  "samples": 560,
  "interval_sec": 120.0,
  "runtime": {
    "initial": {
      "epoch": 0
    },
    "current": {
      "epoch": 2549
    }
  },
  "metadata": {}
}