{
  "job_type": "GPU training",
  "start_time": 1761349382.8248963,
  "end_time": 1761442627.4834378,
  "wall_clock_sec": 93244.65854144096,
  "cpu_percent_avg": 15.166580976863754,
  "cpu_percent_peak": 50.0,
  "ram_used_MB_avg": 28977.012641233934,
  "ram_used_MB_peak": 30563.856384,
  "gpu_util_avg": 68.05526992287918,
  "gpu_util_peak": 100.0,
  "gpu_mem_MB_avg": 10775.623622087405,
  "gpu_mem_MB_peak": 18411.945984,
  "gpu": {
    "enabled": true,
    "index": 0,
    "name": "NVIDIA GeForce RTX 3090",
    "mem_total_MB": 25769.803776,
    "samples": 778
  },
  "samples": 778,
  "interval_sec": 120.0,
  "runtime": {
    "initial": {
      "epoch": 0
    },
    "current": {
      "epoch": 2999
    }
  },
  "metadata": {}
}