{
  "job_type": "GPU training",
  "start_time": 1758900122.169097,
  "end_time": 1759013852.4951737,
  "wall_clock_sec": 113730.32607674599,
  "cpu_percent_avg": 10.149156118143459,
  "cpu_percent_peak": 50.0,
  "ram_used_MB_avg": 24596.085535324895,
  "ram_used_MB_peak": 24871.079936,
  "gpu_util_avg": 99.72257383966245,
  "gpu_util_peak": 100.0,
  "gpu_mem_MB_avg": 2486.1501223966243,
  "gpu_mem_MB_peak": 2488.270848,
  "gpu": {
    "enabled": true,
    "index": 0,
    "name": "NVIDIA GeForce RTX 3090",
    "mem_total_MB": 25769.803776,
    "samples": 948
  },
  "samples": 948,
  "interval_sec": 120.0,
  "runtime": {
    "initial": {
      "epoch": 0
    },
    "current": {
      "epoch": 273
    }
  },
  "metadata": {}
}