{
  "job_type": "GPU training",
  "start_time": 1761242365.6352985,
  "end_time": 1761261572.4117775,
  "wall_clock_sec": 19206.776479005814,
  "cpu_percent_avg": 10.199378881987577,
  "cpu_percent_peak": 25.0,
  "ram_used_MB_avg": 24685.54718926708,
  "ram_used_MB_peak": 24731.8528,
  "gpu_util_avg": 96.11180124223603,
  "gpu_util_peak": 98.0,
  "gpu_mem_MB_avg": 2721.05472,
  "gpu_mem_MB_peak": 2721.05472,
  "gpu": {
    "enabled": true,
    "index": 0,
    "name": "NVIDIA GeForce RTX 3090",
    "mem_total_MB": 25769.803776,
    "samples": 161
  },
  "samples": 161,
  "interval_sec": 120.0,
  "runtime": {
    "initial": {
      "epoch": 0
    },
    "current": {
      "epoch": 970
    }
  },
  "metadata": {}
}