{
  "job_type": "GPU training",
  "start_time": 1760960271.6715753,
  "end_time": 1760970595.541039,
  "wall_clock_sec": 10323.869463682175,
  "cpu_percent_avg": 9.989655172413793,
  "cpu_percent_peak": 10.2,
  "ram_used_MB_avg": 24250.969264551724,
  "ram_used_MB_peak": 24353.517568,
  "gpu_util_avg": 84.11494252873563,
  "gpu_util_peak": 99.0,
  "gpu_mem_MB_avg": 3952.082944,
  "gpu_mem_MB_peak": 3952.082944,
  "gpu": {
    "enabled": true,
    "index": 0,
    "name": "NVIDIA GeForce RTX 3090",
    "mem_total_MB": 25769.803776,
    "samples": 87
  },
  "samples": 87,
  "interval_sec": 120.0,
  "runtime": {
    "initial": {
      "epoch": 0
    },
    "current": {
      "epoch": 190
    }
  },
  "metadata": {}
}