{
  "job_type": "GPU training",
  "start_time": 1763061997.4600623,
  "end_time": 1763071099.6232305,
  "wall_clock_sec": 9102.16316819191,
  "cpu_percent_avg": 3.3473684210526287,
  "cpu_percent_peak": 4.3,
  "ram_used_MB_avg": 147433.19514273686,
  "ram_used_MB_peak": 224936.423424,
  "gpu_util_avg": 98.67105263157895,
  "gpu_util_peak": 100.0,
  "gpu_mem_MB_avg": 20265.52481684212,
  "gpu_mem_MB_peak": 20530.593792,
  "gpu": {
    "enabled": true,
    "index": 0,
    "name": "Quadro RTX 6000",
    "mem_total_MB": 25769.803776,
    "samples": 76
  },
  "samples": 76,
  "interval_sec": 120.0,
  "runtime": {
    "initial": {
      "idx": 0
    },
    "current": {
      "idx": 5
    }
  },
  "metadata": {}
}