{
  "job_type": "GPU training",
  "start_time": 1759040754.6767235,
  "end_time": 1759149690.7953181,
  "wall_clock_sec": 108936.11859464645,
  "cpu_percent_avg": 10.087444933920704,
  "cpu_percent_peak": 33.3,
  "ram_used_MB_avg": 24749.074215471366,
  "ram_used_MB_peak": 25073.893376,
  "gpu_util_avg": 95.31718061674009,
  "gpu_util_peak": 97.0,
  "gpu_mem_MB_avg": 2483.6623968986783,
  "gpu_mem_MB_peak": 2488.270848,
  "gpu": {
    "enabled": true,
    "index": 0,
    "name": "NVIDIA GeForce RTX 3090",
    "mem_total_MB": 25769.803776,
    "samples": 908
  },
  "samples": 908,
  "interval_sec": 120.0,
  "runtime": {
    "initial": {
      "epoch": 40
    },
    "current": {
      "epoch": 313
    }
  },
  "metadata": {}
}