{
  "job_type": "GPU training",
  "start_time": 1764945195.0542402,
  "end_time": 1764947315.3670561,
  "wall_clock_sec": 2120.3128159046173,
  "cpu_percent_avg": 3.6368421052631574,
  "cpu_percent_peak": 6.7,
  "ram_used_MB_avg": 270850.00984252634,
  "ram_used_MB_peak": 284683.821056,
  "gpu_util_avg": 88.78947368421052,
  "gpu_util_peak": 100.0,
  "gpu_mem_MB_avg": 1215.823872,
  "gpu_mem_MB_peak": 1261.961216,
  "gpu": {
    "enabled": true,
    "index": 0,
    "name": "Quadro RTX 6000",
    "mem_total_MB": 25769.803776,
    "samples": 19
  },
  "samples": 19,
  "interval_sec": 120.0,
  "runtime": {
    "initial": {
      "idx": 0
    },
    "current": {
      "idx": 59
    }
  },
  "metadata": {}
}