{
  "job_type": "GPU training",
  "start_time": 1764008552.7643373,
  "end_time": 1764057644.929819,
  "wall_clock_sec": 49092.1654818058,
  "cpu_percent_avg": 10.06479217603912,
  "cpu_percent_peak": 10.5,
  "ram_used_MB_avg": 12869.532894826405,
  "ram_used_MB_peak": 13331.632128,
  "gpu_util_avg": 83.08068459657702,
  "gpu_util_peak": 100.0,
  "gpu_mem_MB_avg": 11711.275348498777,
  "gpu_mem_MB_peak": 11738.80832,
  "gpu": {
    "enabled": true,
    "index": 0,
    "name": "NVIDIA GeForce RTX 3090",
    "mem_total_MB": 25769.803776,
    "samples": 409
  },
  "samples": 409,
  "interval_sec": 120.0,
  "runtime": {
    "initial": {
      "epoch": 0
    },
    "current": {
      "epoch": 1565
    }
  },
  "metadata": {}
}