{
  "job_type": "GPU training",
  "start_time": 1762827490.275265,
  "end_time": 1762853630.8496003,
  "wall_clock_sec": 26140.574335336685,
  "cpu_percent_avg": 7.876146788990826,
  "cpu_percent_peak": 10.2,
  "ram_used_MB_avg": 9914.591325944953,
  "ram_used_MB_peak": 12115.59936,
  "gpu_util_avg": 7.701834862385321,
  "gpu_util_peak": 99.0,
  "gpu_mem_MB_avg": 1498.0621715963302,
  "gpu_mem_MB_peak": 8421.113856,
  "gpu": {
    "enabled": true,
    "index": 0,
    "name": "NVIDIA GeForce RTX 3090",
    "mem_total_MB": 25769.803776,
    "samples": 218
  },
  "samples": 218,
  "interval_sec": 120.0,
  "runtime": {
    "initial": {
      "epoch": 0
    },
    "current": {
      "epoch": 2999
    }
  },
  "metadata": {}
}