{
  "job_type": "GPU training",
  "start_time": 1761164753.6517801,
  "end_time": 1761212060.6429405,
  "wall_clock_sec": 47306.99116039276,
  "cpu_percent_avg": 10.06126582278481,
  "cpu_percent_peak": 10.3,
  "ram_used_MB_avg": 24193.616126055695,
  "ram_used_MB_peak": 24275.959808,
  "gpu_util_avg": 94.0632911392405,
  "gpu_util_peak": 99.0,
  "gpu_mem_MB_avg": 4420.654061853164,
  "gpu_mem_MB_peak": 4440.71936,
  "gpu": {
    "enabled": true,
    "index": 0,
    "name": "NVIDIA GeForce RTX 3090",
    "mem_total_MB": 25769.803776,
    "samples": 395
  },
  "samples": 395,
  "interval_sec": 120.0,
  "runtime": {
    "initial": {
      "epoch": 0
    },
    "current": {
      "epoch": 1908
    }
  },
  "metadata": {}
}