{
  "job_type": "GPU training",
  "start_time": 1764239226.054884,
  "end_time": 1764336035.1784453,
  "wall_clock_sec": 96809.1235613823,
  "cpu_percent_avg": 7.374876237623757,
  "cpu_percent_peak": 14.3,
  "ram_used_MB_avg": 160865.10595041577,
  "ram_used_MB_peak": 259742.752768,
  "gpu_util_avg": 22.943069306930692,
  "gpu_util_peak": 100.0,
  "gpu_mem_MB_avg": 1910.000325702963,
  "gpu_mem_MB_peak": 10554.441728,
  "gpu": {
    "enabled": true,
    "index": 0,
    "name": "Quadro RTX 6000",
    "mem_total_MB": 25769.803776,
    "samples": 808
  },
  "samples": 808,
  "interval_sec": 120.0,
  "runtime": {
    "initial": {
      "idx": 0
    },
    "current": {
      "idx": 59
    }
  },
  "metadata": {}
}