{
  "job_type": "GPU training",
  "start_time": 1758731448.651455,
  "end_time": 1758881872.4495287,
  "wall_clock_sec": 150423.79807376862,
  "cpu_percent_avg": 10.080925778132482,
  "cpu_percent_peak": 11.0,
  "ram_used_MB_avg": 25496.32336865762,
  "ram_used_MB_peak": 25825.427456,
  "gpu_util_avg": 99.74062250598564,
  "gpu_util_peak": 100.0,
  "gpu_mem_MB_avg": 3305.9933328651236,
  "gpu_mem_MB_peak": 3308.25728,
  "gpu": {
    "enabled": true,
    "index": 0,
    "name": "NVIDIA GeForce RTX 3090",
    "mem_total_MB": 25769.803776,
    "samples": 1253
  },
  "samples": 1253,
  "interval_sec": 120.0,
  "runtime": {
    "initial": {
      "epoch": 4
    },
    "current": {
      "epoch": 172
    }
  },
  "metadata": {}
}