{
  "job_type": "GPU training",
  "start_time": 1762900478.455957,
  "end_time": 1762903365.2672021,
  "wall_clock_sec": 2886.811245203018,
  "cpu_percent_avg": 7.707999999999999,
  "cpu_percent_peak": 10.1,
  "ram_used_MB_avg": 8515.06020352,
  "ram_used_MB_peak": 10325.426176,
  "gpu_util_avg": 31.8,
  "gpu_util_peak": 99.0,
  "gpu_mem_MB_avg": 2609.17952512,
  "gpu_mem_MB_peak": 2697.986048,
  "gpu": {
    "enabled": true,
    "index": 0,
    "name": "NVIDIA GeForce RTX 3090",
    "mem_total_MB": 25769.803776,
    "samples": 25
  },
  "samples": 25,
  "interval_sec": 120.0,
  "runtime": {
    "initial": {
      "epoch": 0
    },
    "current": {
      "epoch": 428
    }
  },
  "metadata": {}
}