{
  "job_type": "GPU training",
  "start_time": 1763169880.888045,
  "end_time": 1763270564.7631474,
  "wall_clock_sec": 100683.87510228157,
  "cpu_percent_avg": 2.877831912302066,
  "cpu_percent_peak": 6.7,
  "ram_used_MB_avg": 206471.1542801459,
  "ram_used_MB_peak": 369293.262848,
  "gpu_util_avg": 99.51522533495736,
  "gpu_util_peak": 100.0,
  "gpu_mem_MB_avg": 22539.91062918408,
  "gpu_mem_MB_peak": 22566.928384,
  "gpu": {
    "enabled": true,
    "index": 0,
    "name": "Quadro RTX 6000",
    "mem_total_MB": 25769.803776,
    "samples": 821
  },
  "samples": 821,
  "interval_sec": 120.0,
  "runtime": {
    "initial": {
      "idx": 0
    },
    "current": {
      "idx": 59
    }
  },
  "metadata": {}
}