{
  "job_type": "GPU training",
  "start_time": 1764882954.843789,
  "end_time": 1764926289.9797835,
  "wall_clock_sec": 43335.13599443436,
  "cpu_percent_avg": 10.578729281767954,
  "cpu_percent_peak": 13.4,
  "ram_used_MB_avg": 35299.07956967956,
  "ram_used_MB_peak": 40420.360192,
  "gpu_util_avg": 93.8232044198895,
  "gpu_util_peak": 100.0,
  "gpu_mem_MB_avg": 25674.980968662825,
  "gpu_mem_MB_peak": 25699.680256,
  "gpu": {
    "enabled": true,
    "index": 0,
    "name": "NVIDIA GeForce RTX 3090",
    "mem_total_MB": 25769.803776,
    "samples": 362
  },
  "samples": 362,
  "interval_sec": 120.0,
  "runtime": {
    "initial": {
      "epoch": 0
    },
    "current": {
      "epoch": 1973
    }
  },
  "metadata": {}
}