{
  "job_type": "GPU training",
  "start_time": 1764872882.0721407,
  "end_time": 1764961041.9580135,
  "wall_clock_sec": 88159.88587284088,
  "cpu_percent_avg": 10.082264665757162,
  "cpu_percent_peak": 11.0,
  "ram_used_MB_avg": 12532.525679061393,
  "ram_used_MB_peak": 13051.265024,
  "gpu_util_avg": 85.82537517053206,
  "gpu_util_peak": 100.0,
  "gpu_mem_MB_avg": 16870.539264,
  "gpu_mem_MB_peak": 16870.539264,
  "gpu": {
    "enabled": true,
    "index": 0,
    "name": "NVIDIA GeForce RTX 3090",
    "mem_total_MB": 25769.803776,
    "samples": 733
  },
  "samples": 733,
  "interval_sec": 120.0,
  "runtime": {
    "initial": {
      "epoch": 0
    },
    "current": {
      "epoch": 3469
    }
  },
  "metadata": {}
}