{
  "job_type": "GPU training",
  "start_time": 1765193064.6852126,
  "end_time": 1765194625.3093255,
  "wall_clock_sec": 1560.6241128444672,
  "cpu_percent_avg": 24.49285714285714,
  "cpu_percent_peak": 26.7,
  "ram_used_MB_avg": 54428.14800457143,
  "ram_used_MB_peak": 58466.033664,
  "gpu_util_avg": 60.214285714285715,
  "gpu_util_peak": 98.0,
  "gpu_mem_MB_avg": 16410.411008,
  "gpu_mem_MB_peak": 16410.411008,
  "gpu": {
    "enabled": true,
    "index": 0,
    "name": "NVIDIA GeForce RTX 3090",
    "mem_total_MB": 25769.803776,
    "samples": 14
  },
  "samples": 14,
  "interval_sec": 120.0,
  "runtime": {
    "initial": {
      "epoch": 5885
    },
    "current": {
      "epoch": 5943
    }
  },
  "metadata": {}
}