{
  "job_type": "GPU training",
  "start_time": 1763575898.2985096,
  "end_time": 1763578094.1919155,
  "wall_clock_sec": 2195.8934059143066,
  "cpu_percent_avg": 11.142105263157895,
  "cpu_percent_peak": 33.3,
  "ram_used_MB_avg": 12565.09353768421,
  "ram_used_MB_peak": 12858.687488,
  "gpu_util_avg": 78.15789473684211,
  "gpu_util_peak": 100.0,
  "gpu_mem_MB_avg": 11738.80832,
  "gpu_mem_MB_peak": 11738.80832,
  "gpu": {
    "enabled": true,
    "index": 0,
    "name": "NVIDIA GeForce RTX 3090",
    "mem_total_MB": 25769.803776,
    "samples": 19
  },
  "samples": 19,
  "interval_sec": 120.0,
  "runtime": {
    "initial": {
      "epoch": 6035
    },
    "current": {
      "epoch": 6218
    }
  },
  "metadata": {}
}