{
  "job_type": "GPU training",
  "start_time": 1765193064.6852126,
  "end_time": 1765200270.968848,
  "wall_clock_sec": 7206.283635377884,
  "cpu_percent_avg": 18.352459016393436,
  "cpu_percent_peak": 26.8,
  "ram_used_MB_avg": 55448.66967081971,
  "ram_used_MB_peak": 70357.62688,
  "gpu_util_avg": 73.29508196721312,
  "gpu_util_peak": 98.0,
  "gpu_mem_MB_avg": 16410.411008000017,
  "gpu_mem_MB_peak": 16410.411008,
  "gpu": {
    "enabled": true,
    "index": 0,
    "name": "NVIDIA GeForce RTX 3090",
    "mem_total_MB": 25769.803776,
    "samples": 61
  },
  "samples": 61,
  "interval_sec": 120.0,
  "runtime": {
    "initial": {
      "epoch": 5885
    },
    "current": {
      "epoch": 6738
    }
  },
  "metadata": {}
}