{
  "job_type": "GPU training",
  "start_time": 1765038422.8422503,
  "end_time": 1765105639.0229797,
  "wall_clock_sec": 67216.18072938919,
  "cpu_percent_avg": 18.816755793226257,
  "cpu_percent_peak": 25.1,
  "ram_used_MB_avg": 41276.36689910876,
  "ram_used_MB_peak": 49486.483456,
  "gpu_util_avg": 41.01960784313726,
  "gpu_util_peak": 100.0,
  "gpu_mem_MB_avg": 11001.443158245807,
  "gpu_mem_MB_peak": 25699.680256,
  "gpu": {
    "enabled": true,
    "index": 0,
    "name": "NVIDIA GeForce RTX 3090",
    "mem_total_MB": 25769.803776,
    "samples": 561
  },
  "samples": 561,
  "interval_sec": 120.0,
  "runtime": {
    "initial": {
      "epoch": 0
    },
    "current": {
      "epoch": 2563
    }
  },
  "metadata": {}
}