{
  "job_type": "GPU training",
  "start_time": 1764946865.5189483,
  "end_time": 1764949017.3277128,
  "wall_clock_sec": 2151.8087644577026,
  "cpu_percent_avg": 4.2631578947368425,
  "cpu_percent_peak": 7.1,
  "ram_used_MB_avg": 186163.57812547372,
  "ram_used_MB_peak": 192307.781632,
  "gpu_util_avg": 0.0,
  "gpu_util_peak": 0.0,
  "gpu_mem_MB_avg": 716.701696,
  "gpu_mem_MB_peak": 716.701696,
  "gpu": {
    "enabled": true,
    "index": 0,
    "name": "Quadro RTX 6000",
    "mem_total_MB": 25769.803776,
    "samples": 19
  },
  "samples": 19,
  "interval_sec": 120.0,
  "runtime": {
    "initial": {
      "idx": 0
    },
    "current": {
      "idx": 59
    }
  },
  "metadata": {}
}