{
  "job_type": "GPU training",
  "start_time": 1763110909.3664548,
  "end_time": 1763120710.7741702,
  "wall_clock_sec": 9801.407715320587,
  "cpu_percent_avg": 5.087951807228912,
  "cpu_percent_peak": 6.7,
  "ram_used_MB_avg": 184636.0855564337,
  "ram_used_MB_peak": 192357.675008,
  "gpu_util_avg": 96.63855421686748,
  "gpu_util_peak": 100.0,
  "gpu_mem_MB_avg": 11193.34034814458,
  "gpu_mem_MB_peak": 25706.364928,
  "gpu": {
    "enabled": true,
    "index": 0,
    "name": "Quadro RTX 6000",
    "mem_total_MB": 25769.803776,
    "samples": 83
  },
  "samples": 83,
  "interval_sec": 120.0,
  "runtime": {
    "initial": {
      "idx": 0
    },
    "current": {
      "idx": 59
    }
  },
  "metadata": {}
}