{
  "job_type": "GPU training",
  "start_time": 1765038501.279121,
  "end_time": 1765105596.3598561,
  "wall_clock_sec": 67095.0807352066,
  "cpu_percent_avg": 18.835535714285598,
  "cpu_percent_peak": 25.4,
  "ram_used_MB_avg": 41288.28102217139,
  "ram_used_MB_peak": 49699.991552,
  "gpu_util_avg": 40.96607142857143,
  "gpu_util_peak": 100.0,
  "gpu_mem_MB_avg": 10975.196306285532,
  "gpu_mem_MB_peak": 25699.680256,
  "gpu": {
    "enabled": true,
    "index": 0,
    "name": "NVIDIA GeForce RTX 3090",
    "mem_total_MB": 25769.803776,
    "samples": 560
  },
  "samples": 560,
  "interval_sec": 120.0,
  "runtime": {
    "initial": {
      "epoch": 0
    },
    "current": {
      "epoch": 2551
    }
  },
  "metadata": {}
}