{
  "job_type": "GPU training",
  "start_time": 1761303756.0148702,
  "end_time": 1761349274.0048602,
  "wall_clock_sec": 45517.98998999596,
  "cpu_percent_avg": 10.073947368421052,
  "cpu_percent_peak": 10.8,
  "ram_used_MB_avg": 23595.94212513684,
  "ram_used_MB_peak": 23879.196672,
  "gpu_util_avg": 79.28421052631579,
  "gpu_util_peak": 100.0,
  "gpu_mem_MB_avg": 8425.30816,
  "gpu_mem_MB_peak": 8425.30816,
  "gpu": {
    "enabled": true,
    "index": 0,
    "name": "NVIDIA GeForce RTX 3090",
    "mem_total_MB": 25769.803776,
    "samples": 380
  },
  "samples": 380,
  "interval_sec": 120.0,
  "runtime": {
    "initial": {
      "epoch": 0
    },
    "current": {
      "epoch": 2688
    }
  },
  "metadata": {}
}