{
  "job_type": "GPU training",
  "start_time": 1763110909.3857517,
  "end_time": 1763120665.7162218,
  "wall_clock_sec": 9756.330470085144,
  "cpu_percent_avg": 5.007228915662647,
  "cpu_percent_peak": 5.7,
  "ram_used_MB_avg": 184712.98642660244,
  "ram_used_MB_peak": 192347.160576,
  "gpu_util_avg": 96.65060240963855,
  "gpu_util_peak": 100.0,
  "gpu_mem_MB_avg": 11162.514740433737,
  "gpu_mem_MB_peak": 25706.364928,
  "gpu": {
    "enabled": true,
    "index": 0,
    "name": "Quadro RTX 6000",
    "mem_total_MB": 25769.803776,
    "samples": 83
  },
  "samples": 83,
  "interval_sec": 120.0,
  "runtime": {
    "initial": {
      "idx": 0
    },
    "current": {
      "idx": 59
    }
  },
  "metadata": {}
}