{
  "job_type": "GPU training",
  "start_time": 1761688459.0926533,
  "end_time": 1761837894.509551,
  "wall_clock_sec": 149435.41689777374,
  "cpu_percent_avg": 7.58714859437751,
  "cpu_percent_peak": 11.6,
  "ram_used_MB_avg": 17097.66000968996,
  "ram_used_MB_peak": 26878.222336,
  "gpu_util_avg": 85.42409638554217,
  "gpu_util_peak": 100.0,
  "gpu_mem_MB_avg": 14178.667066808033,
  "gpu_mem_MB_peak": 18044.944384,
  "gpu": {
    "enabled": true,
    "index": 0,
    "name": "NVIDIA GeForce RTX 3090",
    "mem_total_MB": 25769.803776,
    "samples": 1245
  },
  "samples": 1245,
  "interval_sec": 120.0,
  "runtime": {
    "initial": {
      "epoch": 0
    },
    "current": {
      "epoch": 2241
    }
  },
  "metadata": {}
}