{
  "job_type": "GPU training",
  "start_time": 1763417554.3709412,
  "end_time": 1763429321.8191414,
  "wall_clock_sec": 11767.44820022583,
  "cpu_percent_avg": 4.153535353535356,
  "cpu_percent_peak": 4.5,
  "ram_used_MB_avg": 250308.2380774142,
  "ram_used_MB_peak": 252779.839488,
  "gpu_util_avg": 18.98989898989899,
  "gpu_util_peak": 76.0,
  "gpu_mem_MB_avg": 3138.912256000001,
  "gpu_mem_MB_peak": 3138.912256,
  "gpu": {
    "enabled": true,
    "index": 0,
    "name": "Quadro RTX 6000",
    "mem_total_MB": 25769.803776,
    "samples": 99
  },
  "samples": 99,
  "interval_sec": 120.0,
  "runtime": {
    "initial": {
      "idx": 0
    },
    "current": {
      "idx": 7
    }
  },
  "metadata": {}
}