{
  "job_type": "GPU training",
  "start_time": 1760004439.4718978,
  "end_time": 1760701089.9531932,
  "wall_clock_sec": 696650.4812953472,
  "cpu_percent_avg": 7.605619720737804,
  "cpu_percent_peak": 8.5,
  "ram_used_MB_avg": 25107.007533542495,
  "ram_used_MB_peak": 25380.257792,
  "gpu_util_avg": 99.64661265299087,
  "gpu_util_peak": 100.0,
  "gpu_mem_MB_avg": 5549.238386032754,
  "gpu_mem_MB_peak": 5550.112768,
  "gpu": {
    "enabled": true,
    "index": 0,
    "name": "NVIDIA GeForce RTX 3090",
    "mem_total_MB": 25769.803776,
    "samples": 5801
  },
  "samples": 5801,
  "interval_sec": 120.0,
  "runtime": {
    "initial": {
      "epoch": 0
    },
    "current": {
      "epoch": 423
    }
  },
  "metadata": {}
}