{
  "job_type": "GPU training",
  "start_time": 1765300801.9730482,
  "end_time": 1765404993.7994483,
  "wall_clock_sec": 104191.82640004158,
  "cpu_percent_avg": 9.549769053117783,
  "cpu_percent_peak": 13.1,
  "ram_used_MB_avg": 14549.557356785219,
  "ram_used_MB_peak": 18243.067904,
  "gpu_util_avg": 65.82101616628175,
  "gpu_util_peak": 100.0,
  "gpu_mem_MB_avg": 14370.412075750579,
  "gpu_mem_MB_peak": 18407.75168,
  "gpu": {
    "enabled": true,
    "index": 0,
    "name": "NVIDIA GeForce RTX 3090",
    "mem_total_MB": 25769.803776,
    "samples": 866
  },
  "samples": 866,
  "interval_sec": 120.0,
  "runtime": {
    "initial": {
      "epoch": 1
    },
    "current": {
      "epoch": 7999
    }
  },
  "metadata": {}
}