{
  "job_type": "GPU training",
  "start_time": 1763432017.1770723,
  "end_time": 1763441870.1333466,
  "wall_clock_sec": 9852.956274271011,
  "cpu_percent_avg": 6.042168674698795,
  "cpu_percent_peak": 8.2,
  "ram_used_MB_avg": 216230.9475315662,
  "ram_used_MB_peak": 240569.352192,
  "gpu_util_avg": 99.98795180722891,
  "gpu_util_peak": 100.0,
  "gpu_mem_MB_avg": 21430.272000000044,
  "gpu_mem_MB_peak": 21430.272,
  "gpu": {
    "enabled": true,
    "index": 0,
    "name": "Quadro RTX 6000",
    "mem_total_MB": 25769.803776,
    "samples": 83
  },
  "samples": 83,
  "interval_sec": 120.0,
  "runtime": {
    "initial": {
      "idx": 0
    },
    "current": {
      "idx": 59
    }
  },
  "metadata": {}
}