{
  "job_type": "GPU training",
  "start_time": 1765229595.3719654,
  "end_time": 1765238237.7681258,
  "wall_clock_sec": 8642.396160364151,
  "cpu_percent_avg": 22.05753424657535,
  "cpu_percent_peak": 36.6,
  "ram_used_MB_avg": 42024.82920854796,
  "ram_used_MB_peak": 43382.689792,
  "gpu_util_avg": 76.0958904109589,
  "gpu_util_peak": 98.0,
  "gpu_mem_MB_avg": 16410.411008000003,
  "gpu_mem_MB_peak": 16410.411008,
  "gpu": {
    "enabled": true,
    "index": 0,
    "name": "NVIDIA GeForce RTX 3090",
    "mem_total_MB": 25769.803776,
    "samples": 73
  },
  "samples": 73,
  "interval_sec": 120.0,
  "runtime": {
    "initial": {
      "epoch": 9470
    },
    "current": {
      "epoch": 10096
    }
  },
  "metadata": {}
}