{
  "job_type": "GPU training",
  "start_time": 1765038425.012335,
  "end_time": 1765191049.7659822,
  "wall_clock_sec": 152624.753647089,
  "cpu_percent_avg": 18.76546026750564,
  "cpu_percent_peak": 25.4,
  "ram_used_MB_avg": 41821.96822447834,
  "ram_used_MB_peak": 54469.808128,
  "gpu_util_avg": 28.54366640440598,
  "gpu_util_peak": 100.0,
  "gpu_mem_MB_avg": 6517.121816774085,
  "gpu_mem_MB_peak": 25699.680256,
  "gpu": {
    "enabled": true,
    "index": 0,
    "name": "NVIDIA GeForce RTX 3090",
    "mem_total_MB": 25769.803776,
    "samples": 1271
  },
  "samples": 1271,
  "interval_sec": 120.0,
  "runtime": {
    "initial": {
      "epoch": 0
    },
    "current": {
      "epoch": 5815
    }
  },
  "metadata": {}
}