{
  "job_type": "GPU training",
  "start_time": 1761303717.1997745,
  "end_time": 1761346694.7233393,
  "wall_clock_sec": 42977.52356481552,
  "cpu_percent_avg": 10.06824512534819,
  "cpu_percent_peak": 10.8,
  "ram_used_MB_avg": 23583.571226384403,
  "ram_used_MB_peak": 23851.261952,
  "gpu_util_avg": 78.58217270194986,
  "gpu_util_peak": 100.0,
  "gpu_mem_MB_avg": 8403.17031826184,
  "gpu_mem_MB_peak": 8425.30816,
  "gpu": {
    "enabled": true,
    "index": 0,
    "name": "NVIDIA GeForce RTX 3090",
    "mem_total_MB": 25769.803776,
    "samples": 359
  },
  "samples": 359,
  "interval_sec": 120.0,
  "runtime": {
    "initial": {
      "epoch": 0
    },
    "current": {
      "epoch": 1584
    }
  },
  "metadata": {}
}