{
  "job_type": "GPU training",
  "start_time": 1761223153.2887206,
  "end_time": 1761244163.9929376,
  "wall_clock_sec": 21010.704216957092,
  "cpu_percent_avg": 10.280681818181817,
  "cpu_percent_peak": 50.0,
  "ram_used_MB_avg": 24106.565143272725,
  "ram_used_MB_peak": 24697.36448,
  "gpu_util_avg": 95.27272727272727,
  "gpu_util_peak": 98.0,
  "gpu_mem_MB_avg": 2708.3090850909093,
  "gpu_mem_MB_peak": 2721.05472,
  "gpu": {
    "enabled": true,
    "index": 0,
    "name": "NVIDIA GeForce RTX 3090",
    "mem_total_MB": 25769.803776,
    "samples": 176
  },
  "samples": 176,
  "interval_sec": 120.0,
  "runtime": {
    "initial": {
      "epoch": 0
    },
    "current": {
      "epoch": 360
    }
  },
  "metadata": {}
}