{
  "job_type": "GPU training",
  "start_time": 1763140932.644271,
  "end_time": 1763150692.342557,
  "wall_clock_sec": 9759.698286056519,
  "cpu_percent_avg": 9.884337349397589,
  "cpu_percent_peak": 15.4,
  "ram_used_MB_avg": 399141.9897584577,
  "ram_used_MB_peak": 430614.761472,
  "gpu_util_avg": 93.32530120481928,
  "gpu_util_peak": 96.0,
  "gpu_mem_MB_avg": 7287.078912000006,
  "gpu_mem_MB_peak": 7287.078912,
  "gpu": {
    "enabled": true,
    "index": 0,
    "name": "Quadro RTX 6000",
    "mem_total_MB": 25769.803776,
    "samples": 83
  },
  "samples": 83,
  "interval_sec": 120.0,
  "runtime": {
    "initial": {
      "idx": 0
    },
    "current": {
      "idx": 59
    }
  },
  "metadata": {}
}