{
  "job_type": "GPU training",
  "start_time": 1764800070.9533796,
  "end_time": 1764800912.9792871,
  "wall_clock_sec": 842.0259075164795,
  "cpu_percent_avg": 8.4125,
  "cpu_percent_peak": 10.2,
  "ram_used_MB_avg": 12208.675328,
  "ram_used_MB_peak": 12973.887488,
  "gpu_util_avg": 75.0,
  "gpu_util_peak": 100.0,
  "gpu_mem_MB_avg": 14140.923904000001,
  "gpu_mem_MB_peak": 16824.40192,
  "gpu": {
    "enabled": true,
    "index": 0,
    "name": "NVIDIA GeForce RTX 3090",
    "mem_total_MB": 25769.803776,
    "samples": 8
  },
  "samples": 8,
  "interval_sec": 120.0,
  "runtime": {
    "initial": {
      "epoch": 0
    },
    "current": {
      "epoch": 32
    }
  },
  "metadata": {}
}