{
  "job_type": "GPU training",
  "start_time": 1765275711.478883,
  "end_time": 1765288915.512248,
  "wall_clock_sec": 13204.033365011215,
  "cpu_percent_avg": 13.482882882882889,
  "cpu_percent_peak": 48.2,
  "ram_used_MB_avg": 46364.27941131531,
  "ram_used_MB_peak": 52296.66304,
  "gpu_util_avg": 75.45945945945945,
  "gpu_util_peak": 98.0,
  "gpu_mem_MB_avg": 16271.951152432404,
  "gpu_mem_MB_peak": 16759.52128,
  "gpu": {
    "enabled": true,
    "index": 0,
    "name": "NVIDIA GeForce RTX 3090",
    "mem_total_MB": 25769.803776,
    "samples": 111
  },
  "samples": 111,
  "interval_sec": 120.0,
  "runtime": {
    "initial": {
      "epoch": 10401
    },
    "current": {
      "epoch": 11024
    }
  },
  "metadata": {}
}