{
  "job_type": "GPU training",
  "start_time": 1761759573.488302,
  "end_time": 1761837880.5454943,
  "wall_clock_sec": 78307.05719232559,
  "cpu_percent_avg": 7.628177641653905,
  "cpu_percent_peak": 11.0,
  "ram_used_MB_avg": 11930.427787173046,
  "ram_used_MB_peak": 21563.6992,
  "gpu_util_avg": 83.80398162327718,
  "gpu_util_peak": 100.0,
  "gpu_mem_MB_avg": 11722.239855730475,
  "gpu_mem_MB_peak": 12180.586496,
  "gpu": {
    "enabled": true,
    "index": 0,
    "name": "NVIDIA GeForce RTX 3090",
    "mem_total_MB": 25769.803776,
    "samples": 653
  },
  "samples": 653,
  "interval_sec": 120.0,
  "runtime": {
    "initial": {
      "epoch": 0
    },
    "current": {
      "epoch": 2491
    }
  },
  "metadata": {}
}