{
  "job_type": "GPU training",
  "start_time": 1762478398.0806098,
  "end_time": 1762682542.406584,
  "wall_clock_sec": 204144.325974226,
  "cpu_percent_avg": 9.686588235294119,
  "cpu_percent_peak": 10.9,
  "ram_used_MB_avg": 14153.637133854118,
  "ram_used_MB_peak": 16624.074752,
  "gpu_util_avg": 76.98411764705882,
  "gpu_util_peak": 100.0,
  "gpu_mem_MB_avg": 14885.202204310588,
  "gpu_mem_MB_peak": 18409.848832,
  "gpu": {
    "enabled": true,
    "index": 0,
    "name": "NVIDIA GeForce RTX 3090",
    "mem_total_MB": 25769.803776,
    "samples": 1700
  },
  "samples": 1700,
  "interval_sec": 120.0,
  "runtime": {
    "initial": {
      "epoch": 0
    },
    "current": {
      "epoch": 5999
    }
  },
  "metadata": {}
}