{
  "job_type": "GPU training",
  "start_time": 1765038492.3069897,
  "end_time": 1765196090.685334,
  "wall_clock_sec": 157598.3783442974,
  "cpu_percent_avg": 18.934729626808597,
  "cpu_percent_peak": 27.9,
  "ram_used_MB_avg": 42143.19329233213,
  "ram_used_MB_peak": 57101.213696,
  "gpu_util_avg": 30.12947448591013,
  "gpu_util_peak": 100.0,
  "gpu_mem_MB_avg": 6816.272730272565,
  "gpu_mem_MB_peak": 25699.680256,
  "gpu": {
    "enabled": true,
    "index": 0,
    "name": "NVIDIA GeForce RTX 3090",
    "mem_total_MB": 25769.803776,
    "samples": 1313
  },
  "samples": 1313,
  "interval_sec": 120.0,
  "runtime": {
    "initial": {
      "epoch": 0
    },
    "current": {
      "epoch": 5999
    }
  },
  "metadata": {}
}