{
  "job_type": "GPU training",
  "start_time": 1761223141.2134774,
  "end_time": 1761228903.2514489,
  "wall_clock_sec": 5762.037971496582,
  "cpu_percent_avg": 9.89795918367347,
  "cpu_percent_peak": 10.2,
  "ram_used_MB_avg": 24052.635606204083,
  "ram_used_MB_peak": 24182.767616,
  "gpu_util_avg": 94.71428571428571,
  "gpu_util_peak": 97.0,
  "gpu_mem_MB_avg": 2675.2744803265305,
  "gpu_mem_MB_peak": 2721.05472,
  "gpu": {
    "enabled": true,
    "index": 0,
    "name": "NVIDIA GeForce RTX 3090",
    "mem_total_MB": 25769.803776,
    "samples": 49
  },
  "samples": 49,
  "interval_sec": 120.0,
  "runtime": {
    "initial": {
      "epoch": 0
    },
    "current": {
      "epoch": 112
    }
  },
  "metadata": {}
}