{
  "job_type": "GPU training",
  "start_time": 1762782858.772803,
  "end_time": 1762863677.1338723,
  "wall_clock_sec": 80818.36106920242,
  "cpu_percent_avg": 6.179910714285714,
  "cpu_percent_peak": 33.3,
  "ram_used_MB_avg": 8872.247698285713,
  "ram_used_MB_peak": 12520.63232,
  "gpu_util_avg": 33.46279761904762,
  "gpu_util_peak": 99.0,
  "gpu_mem_MB_avg": 5194.151936,
  "gpu_mem_MB_peak": 8421.113856,
  "gpu": {
    "enabled": true,
    "index": 0,
    "name": "NVIDIA GeForce RTX 3090",
    "mem_total_MB": 25769.803776,
    "samples": 672
  },
  "samples": 672,
  "interval_sec": 120.0,
  "runtime": {
    "initial": {
      "epoch": 0
    },
    "current": {
      "epoch": 2999
    }
  },
  "metadata": {}
}