{
  "job_type": "GPU training",
  "start_time": 1763408943.7382421,
  "end_time": 1763506206.7181015,
  "wall_clock_sec": 97262.97985935211,
  "cpu_percent_avg": 4.314267990074431,
  "cpu_percent_peak": 6.3,
  "ram_used_MB_avg": 230814.60987045182,
  "ram_used_MB_peak": 312005.214208,
  "gpu_util_avg": 12.062034739454095,
  "gpu_util_peak": 100.0,
  "gpu_mem_MB_avg": 2419.148256238249,
  "gpu_mem_MB_peak": 12628.525056,
  "gpu": {
    "enabled": true,
    "index": 0,
    "name": "Quadro RTX 6000",
    "mem_total_MB": 25769.803776,
    "samples": 806
  },
  "samples": 806,
  "interval_sec": 120.0,
  "runtime": {
    "initial": {
      "idx": 0
    },
    "current": {
      "idx": 59
    }
  },
  "metadata": {}
}