{
  "job_type": "GPU training",
  "start_time": 1763429094.5913088,
  "end_time": 1763461834.30574,
  "wall_clock_sec": 32739.714431285858,
  "cpu_percent_avg": 10.02967032967033,
  "cpu_percent_peak": 10.2,
  "ram_used_MB_avg": 12201.513440117216,
  "ram_used_MB_peak": 12442.779648,
  "gpu_util_avg": 82.17948717948718,
  "gpu_util_peak": 100.0,
  "gpu_mem_MB_avg": 11738.80832,
  "gpu_mem_MB_peak": 11738.80832,
  "gpu": {
    "enabled": true,
    "index": 0,
    "name": "NVIDIA GeForce RTX 3090",
    "mem_total_MB": 25769.803776,
    "samples": 273
  },
  "samples": 273,
  "interval_sec": 120.0,
  "runtime": {
    "initial": {
      "epoch": 0
    },
    "current": {
      "epoch": 1245
    }
  },
  "metadata": {}
}