{
  "job_type": "GPU training",
  "start_time": 1758789445.8875568,
  "end_time": 1758814176.1793785,
  "wall_clock_sec": 24730.291821718216,
  "cpu_percent_avg": 10.234782608695651,
  "cpu_percent_peak": 33.3,
  "ram_used_MB_avg": 25493.37334353623,
  "ram_used_MB_peak": 25743.613952,
  "gpu_util_avg": 99.71980676328502,
  "gpu_util_peak": 100.0,
  "gpu_mem_MB_avg": 3308.2572799999994,
  "gpu_mem_MB_peak": 3308.25728,
  "gpu": {
    "enabled": true,
    "index": 0,
    "name": "NVIDIA GeForce RTX 3090",
    "mem_total_MB": 25769.803776,
    "samples": 207
  },
  "samples": 207,
  "interval_sec": 120.0,
  "runtime": {
    "initial": {
      "epoch": 0
    },
    "current": {
      "epoch": 48
    }
  },
  "metadata": {}
}