{
  "job_type": "GPU training",
  "start_time": 1762878059.3321629,
  "end_time": 1762878060.2093148,
  "wall_clock_sec": 0.8771519660949707,
  "cpu_percent_avg": 6.300000000000001,
  "cpu_percent_peak": 6.7,
  "ram_used_MB_avg": 340105.893888,
  "ram_used_MB_peak": 340560.379904,
  "gpu_util_avg": 16.0,
  "gpu_util_peak": 16.0,
  "gpu_mem_MB_avg": 626.52416,
  "gpu_mem_MB_peak": 626.52416,
  "gpu": {
    "enabled": true,
    "index": 0,
    "name": "Quadro RTX 6000",
    "mem_total_MB": 25769.803776,
    "samples": 2
  },
  "samples": 2,
  "interval_sec": 120.0,
  "runtime": {
    "initial": {
      "idx": 0
    },
    "current": {
      "idx": 0
    }
  },
  "metadata": {}
}