{
  "job_type": "GPU training",
  "start_time": 1761046330.5213532,
  "end_time": 1761047290.85818,
  "wall_clock_sec": 960.3368268013,
  "cpu_percent_avg": 4.533333333333333,
  "cpu_percent_peak": 5.1,
  "ram_used_MB_avg": 20717.65720177778,
  "ram_used_MB_peak": 20893.63456,
  "gpu_util_avg": 85.55555555555556,
  "gpu_util_peak": 99.0,
  "gpu_mem_MB_avg": 4429.767566222222,
  "gpu_mem_MB_peak": 4432.330752,
  "gpu": {
    "enabled": true,
    "index": 0,
    "name": "NVIDIA GeForce RTX 3090",
    "mem_total_MB": 25769.803776,
    "samples": 9
  },
  "samples": 9,
  "interval_sec": 120.0,
  "runtime": {
    "initial": {
      "epoch": 0
    },
    "current": {
      "epoch": 15
    }
  },
  "metadata": {}
}