{
  "job_type": "GPU training",
  "start_time": 1761046330.5213532,
  "end_time": 1761057134.4931946,
  "wall_clock_sec": 10803.971841335297,
  "cpu_percent_avg": 5.043956043956043,
  "cpu_percent_peak": 5.1,
  "ram_used_MB_avg": 20835.588523604394,
  "ram_used_MB_peak": 20908.17536,
  "gpu_util_avg": 86.13186813186813,
  "gpu_util_peak": 99.0,
  "gpu_mem_MB_avg": 4432.07725010989,
  "gpu_mem_MB_peak": 4432.330752,
  "gpu": {
    "enabled": true,
    "index": 0,
    "name": "NVIDIA GeForce RTX 3090",
    "mem_total_MB": 25769.803776,
    "samples": 91
  },
  "samples": 91,
  "interval_sec": 120.0,
  "runtime": {
    "initial": {
      "epoch": 0
    },
    "current": {
      "epoch": 178
    }
  },
  "metadata": {}
}