{
  "job_type": "GPU training",
  "start_time": 1764882868.8410254,
  "end_time": 1764926332.4744527,
  "wall_clock_sec": 43463.633427381516,
  "cpu_percent_avg": 10.575482093663908,
  "cpu_percent_peak": 13.8,
  "ram_used_MB_avg": 35277.088265873295,
  "ram_used_MB_peak": 40236.777472,
  "gpu_util_avg": 92.73553719008264,
  "gpu_util_peak": 100.0,
  "gpu_mem_MB_avg": 25605.202077972295,
  "gpu_mem_MB_peak": 25699.680256,
  "gpu": {
    "enabled": true,
    "index": 0,
    "name": "NVIDIA GeForce RTX 3090",
    "mem_total_MB": 25769.803776,
    "samples": 363
  },
  "samples": 363,
  "interval_sec": 120.0,
  "runtime": {
    "initial": {
      "epoch": 0
    },
    "current": {
      "epoch": 1427
    }
  },
  "metadata": {}
}