{
  "job_type": "GPU training",
  "start_time": 1761859817.2407932,
  "end_time": 1761882320.6862469,
  "wall_clock_sec": 22503.4454536438,
  "cpu_percent_avg": 10.31111111111111,
  "cpu_percent_peak": 50.0,
  "ram_used_MB_avg": 11740.544265481481,
  "ram_used_MB_peak": 11927.392256,
  "gpu_util_avg": 32.06878306878307,
  "gpu_util_peak": 99.0,
  "gpu_mem_MB_avg": 2685.8840800846565,
  "gpu_mem_MB_peak": 2697.986048,
  "gpu": {
    "enabled": true,
    "index": 0,
    "name": "NVIDIA GeForce RTX 3090",
    "mem_total_MB": 25769.803776,
    "samples": 189
  },
  "samples": 189,
  "interval_sec": 120.0,
  "runtime": {
    "initial": {
      "epoch": 0
    },
    "current": {
      "epoch": 2999
    }
  },
  "metadata": {}
}