{
  "job_type": "GPU training",
  "start_time": 1764008604.2154963,
  "end_time": 1764236358.8435254,
  "wall_clock_sec": 227754.62802910805,
  "cpu_percent_avg": 10.09825673534073,
  "cpu_percent_peak": 10.8,
  "ram_used_MB_avg": 12911.443885777073,
  "ram_used_MB_peak": 13571.29728,
  "gpu_util_avg": 83.5594294770206,
  "gpu_util_peak": 100.0,
  "gpu_mem_MB_avg": 11738.80832,
  "gpu_mem_MB_peak": 11738.80832,
  "gpu": {
    "enabled": true,
    "index": 0,
    "name": "NVIDIA GeForce RTX 3090",
    "mem_total_MB": 25769.803776,
    "samples": 1893
  },
  "samples": 1893,
  "interval_sec": 120.0,
  "runtime": {
    "initial": {
      "epoch": 0
    },
    "current": {
      "epoch": 8729
    }
  },
  "metadata": {}
}