{
  "job_type": "GPU training",
  "start_time": 1765038422.8422503,
  "end_time": 1765122461.1804554,
  "wall_clock_sec": 84038.3382050991,
  "cpu_percent_avg": 18.532097004279386,
  "cpu_percent_peak": 25.1,
  "ram_used_MB_avg": 41159.87769481312,
  "ram_used_MB_peak": 49486.483456,
  "gpu_util_avg": 32.827389443651924,
  "gpu_util_peak": 100.0,
  "gpu_mem_MB_avg": 8872.699994567574,
  "gpu_mem_MB_peak": 25699.680256,
  "gpu": {
    "enabled": true,
    "index": 0,
    "name": "NVIDIA GeForce RTX 3090",
    "mem_total_MB": 25769.803776,
    "samples": 701
  },
  "samples": 701,
  "interval_sec": 120.0,
  "runtime": {
    "initial": {
      "epoch": 0
    },
    "current": {
      "epoch": 3203
    }
  },
  "metadata": {}
}