{
  "job_type": "GPU training",
  "start_time": 1763509004.1638982,
  "end_time": 1763598469.2028463,
  "wall_clock_sec": 89465.03894805908,
  "cpu_percent_avg": 5.427493261455522,
  "cpu_percent_peak": 13.3,
  "ram_used_MB_avg": 292143.13855654956,
  "ram_used_MB_peak": 337111.28576,
  "gpu_util_avg": 99.7088948787062,
  "gpu_util_peak": 100.0,
  "gpu_mem_MB_avg": 20503.44387001647,
  "gpu_mem_MB_peak": 20530.593792,
  "gpu": {
    "enabled": true,
    "index": 0,
    "name": "Quadro RTX 6000",
    "mem_total_MB": 25769.803776,
    "samples": 742
  },
  "samples": 742,
  "interval_sec": 120.0,
  "runtime": {
    "initial": {
      "idx": 0
    },
    "current": {
      "idx": 55
    }
  },
  "metadata": {}
}