{
  "job_type": "GPU training",
  "start_time": 1763428879.871705,
  "end_time": 1763841752.2085721,
  "wall_clock_sec": 412872.33686709404,
  "cpu_percent_avg": 9.465695132614398,
  "cpu_percent_peak": 15.1,
  "ram_used_MB_avg": 11510.930777909647,
  "ram_used_MB_peak": 19958.112256,
  "gpu_util_avg": 82.13669484115418,
  "gpu_util_peak": 100.0,
  "gpu_mem_MB_avg": 11837.10775482833,
  "gpu_mem_MB_peak": 24975.310848,
  "gpu": {
    "enabled": true,
    "index": 0,
    "name": "NVIDIA GeForce RTX 3090",
    "mem_total_MB": 25769.803776,
    "samples": 3431
  },
  "samples": 3431,
  "interval_sec": 120.0,
  "runtime": {
    "initial": {
      "epoch": 0
    },
    "current": {
      "epoch": 12999
    }
  },
  "metadata": {}
}