{
  "job_type": "GPU training",
  "start_time": 1762929724.2356582,
  "end_time": 1763009987.2068863,
  "wall_clock_sec": 80262.97122812271,
  "cpu_percent_avg": 6.079253731343277,
  "cpu_percent_peak": 7.3,
  "ram_used_MB_avg": 335745.3900051105,
  "ram_used_MB_peak": 377400.25856,
  "gpu_util_avg": 14.228358208955225,
  "gpu_util_peak": 17.0,
  "gpu_mem_MB_avg": 611.2530982208866,
  "gpu_mem_MB_peak": 716.701696,
  "gpu": {
    "enabled": true,
    "index": 0,
    "name": "Quadro RTX 6000",
    "mem_total_MB": 25769.803776,
    "samples": 670
  },
  "samples": 670,
  "interval_sec": 120.0,
  "runtime": {
    "initial": {
      "idx": 0
    },
    "current": {
      "idx": 49
    }
  },
  "metadata": {}
}