{
  "job_type": "GPU training",
  "start_time": 1762985320.9794798,
  "end_time": 1763101035.170776,
  "wall_clock_sec": 115714.19129610062,
  "cpu_percent_avg": 8.485446985446986,
  "cpu_percent_peak": 66.7,
  "ram_used_MB_avg": 11693.261225779626,
  "ram_used_MB_peak": 22620.319744,
  "gpu_util_avg": 35.42827442827443,
  "gpu_util_peak": 100.0,
  "gpu_mem_MB_avg": 6255.659923426195,
  "gpu_mem_MB_peak": 25248.661504,
  "gpu": {
    "enabled": true,
    "index": 0,
    "name": "NVIDIA GeForce RTX 3090",
    "mem_total_MB": 25769.803776,
    "samples": 962
  },
  "samples": 962,
  "interval_sec": 120.0,
  "runtime": {
    "initial": {
      "epoch": 0
    },
    "current": {
      "epoch": 12999
    }
  },
  "metadata": {}
}