{
  "job_type": "GPU training",
  "start_time": 1764869603.6855853,
  "end_time": 1764928636.4735367,
  "wall_clock_sec": 59032.78795146942,
  "cpu_percent_avg": 9.80670731707317,
  "cpu_percent_peak": 11.0,
  "ram_used_MB_avg": 12408.224151934959,
  "ram_used_MB_peak": 13019.426816,
  "gpu_util_avg": 81.98373983739837,
  "gpu_util_peak": 100.0,
  "gpu_mem_MB_avg": 15940.871276227643,
  "gpu_mem_MB_peak": 16870.539264,
  "gpu": {
    "enabled": true,
    "index": 0,
    "name": "NVIDIA GeForce RTX 3090",
    "mem_total_MB": 25769.803776,
    "samples": 492
  },
  "samples": 492,
  "interval_sec": 120.0,
  "runtime": {
    "initial": {
      "epoch": 36
    },
    "current": {
      "epoch": 2533
    }
  },
  "metadata": {}
}