{
  "job_type": "GPU training",
  "start_time": 1761134016.3980079,
  "end_time": 1761139178.2076805,
  "wall_clock_sec": 5161.80967259407,
  "cpu_percent_avg": 4.986363636363635,
  "cpu_percent_peak": 5.2,
  "ram_used_MB_avg": 20157.414958545454,
  "ram_used_MB_peak": 20202.438656,
  "gpu_util_avg": 0.0,
  "gpu_util_peak": 0.0,
  "gpu_mem_MB_avg": 477.822976,
  "gpu_mem_MB_peak": 477.822976,
  "gpu": {
    "enabled": true,
    "index": 0,
    "name": "NVIDIA GeForce RTX 3090",
    "mem_total_MB": 25769.803776,
    "samples": 44
  },
  "samples": 44,
  "interval_sec": 120.0,
  "runtime": {
    "initial": {
      "epoch": 0
    },
    "current": {
      "epoch": 120
    }
  },
  "metadata": {}
}