{
  "job_type": "GPU training",
  "start_time": 1765217026.4552221,
  "end_time": 1765218953.449524,
  "wall_clock_sec": 1926.9943017959595,
  "cpu_percent_avg": 10.170588235294119,
  "cpu_percent_peak": 11.4,
  "ram_used_MB_avg": 37314.37447529412,
  "ram_used_MB_peak": 39409.225728,
  "gpu_util_avg": 81.17647058823529,
  "gpu_util_peak": 98.0,
  "gpu_mem_MB_avg": 16410.411008,
  "gpu_mem_MB_peak": 16410.411008,
  "gpu": {
    "enabled": true,
    "index": 0,
    "name": "NVIDIA GeForce RTX 3090",
    "mem_total_MB": 25769.803776,
    "samples": 17
  },
  "samples": 17,
  "interval_sec": 120.0,
  "runtime": {
    "initial": {
      "epoch": 8000
    },
    "current": {
      "epoch": 8341
    }
  },
  "metadata": {}
}