{
  "job_type": "GPU training",
  "start_time": 1760951136.3506827,
  "end_time": 1760954737.9018974,
  "wall_clock_sec": 3601.551214694977,
  "cpu_percent_avg": 9.73225806451613,
  "cpu_percent_peak": 10.2,
  "ram_used_MB_avg": 24137.419082322584,
  "ram_used_MB_peak": 24392.339456,
  "gpu_util_avg": 80.83870967741936,
  "gpu_util_peak": 99.0,
  "gpu_mem_MB_avg": 3840.0100418064517,
  "gpu_mem_MB_peak": 3952.082944,
  "gpu": {
    "enabled": true,
    "index": 0,
    "name": "NVIDIA GeForce RTX 3090",
    "mem_total_MB": 25769.803776,
    "samples": 31
  },
  "samples": 31,
  "interval_sec": 120.0,
  "runtime": {
    "initial": {
      "epoch": 0
    },
    "current": {
      "epoch": 66
    }
  },
  "metadata": {}
}