{
  "job_type": "GPU training",
  "start_time": 1764947308.5785267,
  "end_time": 1764949345.0336356,
  "wall_clock_sec": 2036.4551088809967,
  "cpu_percent_avg": 3.8444444444444454,
  "cpu_percent_peak": 4.5,
  "ram_used_MB_avg": 183114.84893866663,
  "ram_used_MB_peak": 192927.96928,
  "gpu_util_avg": 0.0,
  "gpu_util_peak": 0.0,
  "gpu_mem_MB_avg": 716.701696,
  "gpu_mem_MB_peak": 716.701696,
  "gpu": {
    "enabled": true,
    "index": 0,
    "name": "Quadro RTX 6000",
    "mem_total_MB": 25769.803776,
    "samples": 18
  },
  "samples": 18,
  "interval_sec": 120.0,
  "runtime": {
    "initial": {
      "idx": 0
    },
    "current": {
      "idx": 59
    }
  },
  "metadata": {}
}