{
  "job_type": "GPU training",
  "start_time": 1764067512.60709,
  "end_time": 1764131350.140668,
  "wall_clock_sec": 63837.533577919006,
  "cpu_percent_avg": 9.324015009380837,
  "cpu_percent_peak": 11.1,
  "ram_used_MB_avg": 302526.692123377,
  "ram_used_MB_peak": 343712.919552,
  "gpu_util_avg": 22.099437148217635,
  "gpu_util_peak": 73.0,
  "gpu_mem_MB_avg": 5107.512379557225,
  "gpu_mem_MB_peak": 12976.652288,
  "gpu": {
    "enabled": true,
    "index": 0,
    "name": "Quadro RTX 6000",
    "mem_total_MB": 25769.803776,
    "samples": 533
  },
  "samples": 533,
  "interval_sec": 120.0,
  "runtime": {
    "initial": {
      "epoch": 0
    },
    "current": {
      "epoch": 12999
    }
  },
  "metadata": {}
}