{
  "job_type": "GPU training",
  "start_time": 1762900478.455957,
  "end_time": 1762981459.3371556,
  "wall_clock_sec": 80980.88119864464,
  "cpu_percent_avg": 8.758605341246291,
  "cpu_percent_peak": 13.0,
  "ram_used_MB_avg": 10167.089796178041,
  "ram_used_MB_peak": 29316.943872,
  "gpu_util_avg": 33.02077151335312,
  "gpu_util_peak": 99.0,
  "gpu_mem_MB_avg": 2694.6920375074187,
  "gpu_mem_MB_peak": 2697.986048,
  "gpu": {
    "enabled": true,
    "index": 0,
    "name": "NVIDIA GeForce RTX 3090",
    "mem_total_MB": 25769.803776,
    "samples": 674
  },
  "samples": 674,
  "interval_sec": 120.0,
  "runtime": {
    "initial": {
      "epoch": 0
    },
    "current": {
      "epoch": 12055
    }
  },
  "metadata": {}
}