{
  "job_type": "GPU training",
  "start_time": 1763042979.9670696,
  "end_time": 1763057361.074205,
  "wall_clock_sec": 14381.107135295868,
  "cpu_percent_avg": 9.265833333333331,
  "cpu_percent_peak": 10.7,
  "ram_used_MB_avg": 11533.569672533335,
  "ram_used_MB_peak": 14289.600512,
  "gpu_util_avg": 31.733333333333334,
  "gpu_util_peak": 99.0,
  "gpu_mem_MB_avg": 2679.4846890666668,
  "gpu_mem_MB_peak": 2697.986048,
  "gpu": {
    "enabled": true,
    "index": 0,
    "name": "NVIDIA GeForce RTX 3090",
    "mem_total_MB": 25769.803776,
    "samples": 120
  },
  "samples": 120,
  "interval_sec": 120.0,
  "runtime": {
    "initial": {
      "epoch": 0
    },
    "current": {
      "epoch": 1983
    }
  },
  "metadata": {}
}