{
  "job_type": "GPU training",
  "start_time": 1763332547.5807593,
  "end_time": 1763343000.9509816,
  "wall_clock_sec": 10453.370222330093,
  "cpu_percent_avg": 8.53720930232558,
  "cpu_percent_peak": 10.3,
  "ram_used_MB_avg": 247784.0187773024,
  "ram_used_MB_peak": 251547.475968,
  "gpu_util_avg": 38.48837209302326,
  "gpu_util_peak": 97.0,
  "gpu_mem_MB_avg": 8874.622975999993,
  "gpu_mem_MB_peak": 8874.622976,
  "gpu": {
    "enabled": true,
    "index": 0,
    "name": "Quadro RTX 6000",
    "mem_total_MB": 25769.803776,
    "samples": 86
  },
  "samples": 86,
  "interval_sec": 120.0,
  "runtime": {
    "initial": {
      "idx": 0
    },
    "current": {
      "idx": 59
    }
  },
  "metadata": {}
}