{
  "job_type": "GPU training",
  "start_time": 1758882302.345863,
  "end_time": 1759013843.5098155,
  "wall_clock_sec": 131541.16395235062,
  "cpu_percent_avg": 10.081569343065693,
  "cpu_percent_peak": 10.9,
  "ram_used_MB_avg": 24576.44739830657,
  "ram_used_MB_peak": 24853.794816,
  "gpu_util_avg": 99.68339416058394,
  "gpu_util_peak": 100.0,
  "gpu_mem_MB_avg": 2486.436497751825,
  "gpu_mem_MB_peak": 2488.270848,
  "gpu": {
    "enabled": true,
    "index": 0,
    "name": "NVIDIA GeForce RTX 3090",
    "mem_total_MB": 25769.803776,
    "samples": 1096
  },
  "samples": 1096,
  "interval_sec": 120.0,
  "runtime": {
    "initial": {
      "epoch": 0
    },
    "current": {
      "epoch": 244
    }
  },
  "metadata": {}
}