{
  "job_type": "GPU training",
  "start_time": 1759247013.04438,
  "end_time": 1759311597.452349,
  "wall_clock_sec": 64584.407968997955,
  "cpu_percent_avg": 5.092949907235622,
  "cpu_percent_peak": 5.9,
  "ram_used_MB_avg": 20450.02488685714,
  "ram_used_MB_peak": 20482.404352,
  "gpu_util_avg": 0.0,
  "gpu_util_peak": 0.0,
  "gpu_mem_MB_avg": 477.822976,
  "gpu_mem_MB_peak": 477.822976,
  "gpu": {
    "enabled": true,
    "index": 0,
    "name": "NVIDIA GeForce RTX 3090",
    "mem_total_MB": 25769.803776,
    "samples": 539
  },
  "samples": 539,
  "interval_sec": 120.0,
  "runtime": {
    "initial": {
      "epoch": 0
    },
    "current": {
      "epoch": 45
    }
  },
  "metadata": {}
}