{
  "job_type": "GPU training",
  "start_time": 1764800070.9533796,
  "end_time": 1764848887.8673143,
  "wall_clock_sec": 48816.91393470764,
  "cpu_percent_avg": 10.074692874692873,
  "cpu_percent_peak": 11.0,
  "ram_used_MB_avg": 12852.95893511548,
  "ram_used_MB_peak": 13301.342208,
  "gpu_util_avg": 85.8108108108108,
  "gpu_util_peak": 100.0,
  "gpu_mem_MB_avg": 16771.65542337101,
  "gpu_mem_MB_peak": 16824.40192,
  "gpu": {
    "enabled": true,
    "index": 0,
    "name": "NVIDIA GeForce RTX 3090",
    "mem_total_MB": 25769.803776,
    "samples": 407
  },
  "samples": 407,
  "interval_sec": 120.0,
  "runtime": {
    "initial": {
      "epoch": 0
    },
    "current": {
      "epoch": 1912
    }
  },
  "metadata": {}
}