{
  "job_type": "GPU training",
  "start_time": 1765035533.7852335,
  "end_time": 1765122509.3220198,
  "wall_clock_sec": 86975.53678631783,
  "cpu_percent_avg": 9.149654218533886,
  "cpu_percent_peak": 10.7,
  "ram_used_MB_avg": 11572.578726063624,
  "ram_used_MB_peak": 13123.219456,
  "gpu_util_avg": 67.13001383125865,
  "gpu_util_peak": 100.0,
  "gpu_mem_MB_avg": 7858.676652437067,
  "gpu_mem_MB_peak": 16870.539264,
  "gpu": {
    "enabled": true,
    "index": 0,
    "name": "NVIDIA GeForce RTX 3090",
    "mem_total_MB": 25769.803776,
    "samples": 723
  },
  "samples": 723,
  "interval_sec": 120.0,
  "runtime": {
    "initial": {
      "epoch": 0
    },
    "current": {
      "epoch": 3105
    }
  },
  "metadata": {}
}