{
  "job_type": "GPU training",
  "start_time": 1761223100.5032852,
  "end_time": 1761229039.5050385,
  "wall_clock_sec": 5939.001753330231,
  "cpu_percent_avg": 9.870588235294116,
  "cpu_percent_peak": 10.2,
  "ram_used_MB_avg": 24019.939247686274,
  "ram_used_MB_peak": 24176.70144,
  "gpu_util_avg": 92.15686274509804,
  "gpu_util_peak": 98.0,
  "gpu_mem_MB_avg": 2677.0697838431374,
  "gpu_mem_MB_peak": 2721.05472,
  "gpu": {
    "enabled": true,
    "index": 0,
    "name": "NVIDIA GeForce RTX 3090",
    "mem_total_MB": 25769.803776,
    "samples": 51
  },
  "samples": 51,
  "interval_sec": 120.0,
  "runtime": {
    "initial": {
      "epoch": 0
    },
    "current": {
      "epoch": 634
    }
  },
  "metadata": {}
}