{
  "job_type": "GPU training",
  "start_time": 1765275611.285771,
  "end_time": 1765309351.6454616,
  "wall_clock_sec": 33740.3596906662,
  "cpu_percent_avg": 13.23510638297871,
  "cpu_percent_peak": 53.9,
  "ram_used_MB_avg": 51131.85577758866,
  "ram_used_MB_peak": 57826.025472,
  "gpu_util_avg": 77.55319148936171,
  "gpu_util_peak": 100.0,
  "gpu_mem_MB_avg": 16445.916878978704,
  "gpu_mem_MB_peak": 25724.84608,
  "gpu": {
    "enabled": true,
    "index": 0,
    "name": "NVIDIA GeForce RTX 3090",
    "mem_total_MB": 25769.803776,
    "samples": 282
  },
  "samples": 282,
  "interval_sec": 120.0,
  "runtime": {
    "initial": {
      "epoch": 12848
    },
    "current": {
      "epoch": 15321
    }
  },
  "metadata": {}
}