{
  "job_type": "GPU training",
  "start_time": 1765243785.2541487,
  "end_time": 1765283298.1627781,
  "wall_clock_sec": 39512.90862941742,
  "cpu_percent_avg": 11.039696969696973,
  "cpu_percent_peak": 20.0,
  "ram_used_MB_avg": 233354.98539752734,
  "ram_used_MB_peak": 274741.731328,
  "gpu_util_avg": 2.5575757575757576,
  "gpu_util_peak": 100.0,
  "gpu_mem_MB_avg": 1064.4412726303055,
  "gpu_mem_MB_peak": 12628.525056,
  "gpu": {
    "enabled": true,
    "index": 0,
    "name": "Quadro RTX 6000",
    "mem_total_MB": 25769.803776,
    "samples": 330
  },
  "samples": 330,
  "interval_sec": 120.0,
  "runtime": {
    "initial": {
      "epoch": 0
    },
    "current": {
      "epoch": 2989
    }
  },
  "metadata": {}
}