{
  "job_type": "GPU training",
  "start_time": 1763510323.510108,
  "end_time": 1763520081.5983274,
  "wall_clock_sec": 9758.08821940422,
  "cpu_percent_avg": 3.636144578313253,
  "cpu_percent_peak": 6.7,
  "ram_used_MB_avg": 328313.20004780736,
  "ram_used_MB_peak": 346266.853376,
  "gpu_util_avg": 1.0,
  "gpu_util_peak": 83.0,
  "gpu_mem_MB_avg": 860.2176400963847,
  "gpu_mem_MB_peak": 12628.525056,
  "gpu": {
    "enabled": true,
    "index": 0,
    "name": "Quadro RTX 6000",
    "mem_total_MB": 25769.803776,
    "samples": 83
  },
  "samples": 83,
  "interval_sec": 120.0,
  "runtime": {
    "initial": {
      "idx": 0
    },
    "current": {
      "idx": 59
    }
  },
  "metadata": {}
}