{
  "job_type": "GPU training",
  "start_time": 1760702888.936167,
  "end_time": 1760792375.664909,
  "wall_clock_sec": 89486.72874188423,
  "cpu_percent_avg": 7.594772117962466,
  "cpu_percent_peak": 8.4,
  "ram_used_MB_avg": 21421.551132825738,
  "ram_used_MB_peak": 21901.68064,
  "gpu_util_avg": 0.0,
  "gpu_util_peak": 0.0,
  "gpu_mem_MB_avg": 477.822976,
  "gpu_mem_MB_peak": 477.822976,
  "gpu": {
    "enabled": true,
    "index": 0,
    "name": "NVIDIA GeForce RTX 3090",
    "mem_total_MB": 25769.803776,
    "samples": 746
  },
  "samples": 746,
  "interval_sec": 120.0,
  "runtime": {
    "initial": {
      "epoch": 0
    },
    "current": {
      "epoch": 934
    }
  },
  "metadata": {}
}