{
  "job_type": "GPU training",
  "start_time": 1761303756.0148702,
  "end_time": 1761346753.0360723,
  "wall_clock_sec": 42997.0212020874,
  "cpu_percent_avg": 10.072144846796657,
  "cpu_percent_peak": 10.8,
  "ram_used_MB_avg": 23594.325747877436,
  "ram_used_MB_peak": 23879.196672,
  "gpu_util_avg": 78.89972144846797,
  "gpu_util_peak": 100.0,
  "gpu_mem_MB_avg": 8425.30816,
  "gpu_mem_MB_peak": 8425.30816,
  "gpu": {
    "enabled": true,
    "index": 0,
    "name": "NVIDIA GeForce RTX 3090",
    "mem_total_MB": 25769.803776,
    "samples": 359
  },
  "samples": 359,
  "interval_sec": 120.0,
  "runtime": {
    "initial": {
      "epoch": 0
    },
    "current": {
      "epoch": 2537
    }
  },
  "metadata": {}
}