{
  "job_type": "GPU training",
  "start_time": 1758488009.6523702,
  "end_time": 1758521140.417668,
  "wall_clock_sec": 33130.76529788971,
  "cpu_percent_avg": 10.059927797833934,
  "cpu_percent_peak": 10.2,
  "ram_used_MB_avg": 24487.073355783392,
  "ram_used_MB_peak": 24603.570176,
  "gpu_util_avg": null,
  "gpu_util_peak": null,
  "gpu_mem_MB_avg": null,
  "gpu_mem_MB_peak": null,
  "samples": 277,
  "interval_sec": 120.0,
  "metadata": {}
}