{
  "job_type": "GPU training",
  "start_time": 1761303717.1997745,
  "end_time": 1761384793.5732522,
  "wall_clock_sec": 81076.37347769737,
  "cpu_percent_avg": 13.351550960118168,
  "cpu_percent_peak": 17.7,
  "ram_used_MB_avg": 26573.964510345642,
  "ram_used_MB_peak": 30606.573568,
  "gpu_util_avg": 79.1728212703102,
  "gpu_util_peak": 100.0,
  "gpu_mem_MB_avg": 8413.469764064994,
  "gpu_mem_MB_peak": 8425.30816,
  "gpu": {
    "enabled": true,
    "index": 0,
    "name": "NVIDIA GeForce RTX 3090",
    "mem_total_MB": 25769.803776,
    "samples": 677
  },
  "samples": 677,
  "interval_sec": 120.0,
  "runtime": {
    "initial": {
      "epoch": 0
    },
    "current": {
      "epoch": 2999
    }
  },
  "metadata": {}
}