{
  "job_type": "GPU training",
  "start_time": 1762900505.0013769,
  "end_time": 1762981459.1028152,
  "wall_clock_sec": 80954.10143828392,
  "cpu_percent_avg": 8.760534124629078,
  "cpu_percent_peak": 13.0,
  "ram_used_MB_avg": 10172.184788700297,
  "ram_used_MB_peak": 31041.142784,
  "gpu_util_avg": 35.00890207715133,
  "gpu_util_peak": 99.0,
  "gpu_mem_MB_avg": 2697.986048,
  "gpu_mem_MB_peak": 2697.986048,
  "gpu": {
    "enabled": true,
    "index": 0,
    "name": "NVIDIA GeForce RTX 3090",
    "mem_total_MB": 25769.803776,
    "samples": 674
  },
  "samples": 674,
  "interval_sec": 120.0,
  "runtime": {
    "initial": {
      "epoch": 0
    },
    "current": {
      "epoch": 9247
    }
  },
  "metadata": {}
}