{
  "job_type": "GPU training",
  "start_time": 1762896421.707779,
  "end_time": 1762899317.5967815,
  "wall_clock_sec": 2895.889002561569,
  "cpu_percent_avg": 7.052,
  "cpu_percent_peak": 7.7,
  "ram_used_MB_avg": 8197.959024639998,
  "ram_used_MB_peak": 8381.616128,
  "gpu_util_avg": 42.84,
  "gpu_util_peak": 99.0,
  "gpu_mem_MB_avg": 2609.17952512,
  "gpu_mem_MB_peak": 2697.986048,
  "gpu": {
    "enabled": true,
    "index": 0,
    "name": "NVIDIA GeForce RTX 3090",
    "mem_total_MB": 25769.803776,
    "samples": 25
  },
  "samples": 25,
  "interval_sec": 120.0,
  "runtime": {
    "initial": {
      "epoch": 0
    },
    "current": {
      "epoch": 405
    }
  },
  "metadata": {}
}