{
  "job_type": "GPU training",
  "start_time": 1765038492.3069897,
  "end_time": 1765105707.8939793,
  "wall_clock_sec": 67215.58698964119,
  "cpu_percent_avg": 18.830124777183485,
  "cpu_percent_peak": 25.2,
  "ram_used_MB_avg": 41286.22063389664,
  "ram_used_MB_peak": 49493.336064,
  "gpu_util_avg": 40.29055258467023,
  "gpu_util_peak": 100.0,
  "gpu_mem_MB_avg": 10956.24434583939,
  "gpu_mem_MB_peak": 25699.680256,
  "gpu": {
    "enabled": true,
    "index": 0,
    "name": "NVIDIA GeForce RTX 3090",
    "mem_total_MB": 25769.803776,
    "samples": 561
  },
  "samples": 561,
  "interval_sec": 120.0,
  "runtime": {
    "initial": {
      "epoch": 0
    },
    "current": {
      "epoch": 2553
    }
  },
  "metadata": {}
}