{
  "job_type": "GPU training",
  "start_time": 1765229575.6803713,
  "end_time": 1765237978.028618,
  "wall_clock_sec": 8402.34824681282,
  "cpu_percent_avg": 22.14507042253521,
  "cpu_percent_peak": 40.9,
  "ram_used_MB_avg": 42000.697776676054,
  "ram_used_MB_peak": 43533.242368,
  "gpu_util_avg": 76.08450704225352,
  "gpu_util_peak": 98.0,
  "gpu_mem_MB_avg": 16410.411008000006,
  "gpu_mem_MB_peak": 16410.411008,
  "gpu": {
    "enabled": true,
    "index": 0,
    "name": "NVIDIA GeForce RTX 3090",
    "mem_total_MB": 25769.803776,
    "samples": 71
  },
  "samples": 71,
  "interval_sec": 120.0,
  "runtime": {
    "initial": {
      "epoch": 10000
    },
    "current": {
      "epoch": 11615
    }
  },
  "metadata": {}
}