{
  "job_type": "GPU training",
  "start_time": 1763376566.6352017,
  "end_time": 1763382996.6133773,
  "wall_clock_sec": 6429.978175640106,
  "cpu_percent_avg": 9.601851851851851,
  "cpu_percent_peak": 11.5,
  "ram_used_MB_avg": 263363.3553066666,
  "ram_used_MB_peak": 270767.353856,
  "gpu_util_avg": 56.074074074074076,
  "gpu_util_peak": 93.0,
  "gpu_mem_MB_avg": 5148.954775703698,
  "gpu_mem_MB_peak": 9073.852416,
  "gpu": {
    "enabled": true,
    "index": 0,
    "name": "Quadro RTX 6000",
    "mem_total_MB": 25769.803776,
    "samples": 54
  },
  "samples": 54,
  "interval_sec": 120.0,
  "runtime": {
    "initial": {
      "idx": 0
    },
    "current": {
      "idx": 3
    }
  },
  "metadata": {}
}