{
  "job_type": "GPU training",
  "start_time": 1761910507.9547937,
  "end_time": 1761996909.2044609,
  "wall_clock_sec": 86401.24966716766,
  "cpu_percent_avg": 7.37125,
  "cpu_percent_peak": 10.2,
  "ram_used_MB_avg": 10869.997852444445,
  "ram_used_MB_peak": 14281.121792,
  "gpu_util_avg": 82.04861111111111,
  "gpu_util_peak": 100.0,
  "gpu_mem_MB_avg": 16269.811712000002,
  "gpu_mem_MB_peak": 18411.945984,
  "gpu": {
    "enabled": true,
    "index": 0,
    "name": "NVIDIA GeForce RTX 3090",
    "mem_total_MB": 25769.803776,
    "samples": 720
  },
  "samples": 720,
  "interval_sec": 120.0,
  "runtime": {
    "initial": {
      "epoch": 0
    },
    "current": {
      "epoch": 5137
    }
  },
  "metadata": {}
}