{
  "job_type": "GPU training",
  "start_time": 1765182216.7349212,
  "end_time": 1765194700.5971546,
  "wall_clock_sec": 12483.862233400345,
  "cpu_percent_avg": 22.80761904761905,
  "cpu_percent_peak": 27.2,
  "ram_used_MB_avg": 46635.229574095225,
  "ram_used_MB_peak": 56582.69696,
  "gpu_util_avg": 73.6,
  "gpu_util_peak": 98.0,
  "gpu_mem_MB_avg": 16257.389441219024,
  "gpu_mem_MB_peak": 16410.411008,
  "gpu": {
    "enabled": true,
    "index": 0,
    "name": "NVIDIA GeForce RTX 3090",
    "mem_total_MB": 25769.803776,
    "samples": 105
  },
  "samples": 105,
  "interval_sec": 120.0,
  "runtime": {
    "initial": {
      "epoch": 6000
    },
    "current": {
      "epoch": 6588
    }
  },
  "metadata": {}
}