{
  "job_type": "GPU training",
  "start_time": 1764872882.0721407,
  "end_time": 1765025575.5512638,
  "wall_clock_sec": 152693.47912311554,
  "cpu_percent_avg": 9.846535433070866,
  "cpu_percent_peak": 11.0,
  "ram_used_MB_avg": 12202.383743798424,
  "ram_used_MB_peak": 13051.265024,
  "gpu_util_avg": 86.08582677165354,
  "gpu_util_peak": 100.0,
  "gpu_mem_MB_avg": 16870.539264,
  "gpu_mem_MB_peak": 16870.539264,
  "gpu": {
    "enabled": true,
    "index": 0,
    "name": "NVIDIA GeForce RTX 3090",
    "mem_total_MB": 25769.803776,
    "samples": 1270
  },
  "samples": 1270,
  "interval_sec": 120.0,
  "runtime": {
    "initial": {
      "epoch": 0
    },
    "current": {
      "epoch": 5999
    }
  },
  "metadata": {}
}