{
  "job_type": "GPU training",
  "start_time": 1765229556.024197,
  "end_time": 1765238078.4070065,
  "wall_clock_sec": 8522.382809400558,
  "cpu_percent_avg": 22.07222222222223,
  "cpu_percent_peak": 44.2,
  "ram_used_MB_avg": 41985.59396977778,
  "ram_used_MB_peak": 43389.161472,
  "gpu_util_avg": 76.55555555555556,
  "gpu_util_peak": 98.0,
  "gpu_mem_MB_avg": 16410.411008000006,
  "gpu_mem_MB_peak": 16410.411008,
  "gpu": {
    "enabled": true,
    "index": 0,
    "name": "NVIDIA GeForce RTX 3090",
    "mem_total_MB": 25769.803776,
    "samples": 72
  },
  "samples": 72,
  "interval_sec": 120.0,
  "runtime": {
    "initial": {
      "epoch": 9467
    },
    "current": {
      "epoch": 10084
    }
  },
  "metadata": {}
}