{
  "job_type": "GPU training",
  "start_time": 1763411622.1016622,
  "end_time": 1763508953.512962,
  "wall_clock_sec": 97331.41129994392,
  "cpu_percent_avg": 4.940322580645173,
  "cpu_percent_peak": 8.6,
  "ram_used_MB_avg": 272273.27624194534,
  "ram_used_MB_peak": 336604.9792,
  "gpu_util_avg": 99.62034739454094,
  "gpu_util_peak": 100.0,
  "gpu_mem_MB_avg": 21404.161677022235,
  "gpu_mem_MB_peak": 21430.272,
  "gpu": {
    "enabled": true,
    "index": 0,
    "name": "Quadro RTX 6000",
    "mem_total_MB": 25769.803776,
    "samples": 806
  },
  "samples": 806,
  "interval_sec": 120.0,
  "runtime": {
    "initial": {
      "idx": 0
    },
    "current": {
      "idx": 59
    }
  },
  "metadata": {}
}