{
  "job_type": "GPU training",
  "start_time": 1762478236.1953135,
  "end_time": 1762501027.6829932,
  "wall_clock_sec": 22791.487679719925,
  "cpu_percent_avg": 9.977894736842105,
  "cpu_percent_peak": 10.3,
  "ram_used_MB_avg": 15248.083547621054,
  "ram_used_MB_peak": 16685.944832,
  "gpu_util_avg": 80.6,
  "gpu_util_peak": 100.0,
  "gpu_mem_MB_avg": 18315.46974854737,
  "gpu_mem_MB_peak": 18409.848832,
  "gpu": {
    "enabled": true,
    "index": 0,
    "name": "NVIDIA GeForce RTX 3090",
    "mem_total_MB": 25769.803776,
    "samples": 190
  },
  "samples": 190,
  "interval_sec": 120.0,
  "runtime": {
    "initial": {
      "epoch": 0
    },
    "current": {
      "epoch": 1150
    }
  },
  "metadata": {}
}