{
  "job_type": "GPU training",
  "start_time": 1761214760.2300265,
  "end_time": 1761215960.6682649,
  "wall_clock_sec": 1200.4382383823395,
  "cpu_percent_avg": 12.218181818181819,
  "cpu_percent_peak": 33.3,
  "ram_used_MB_avg": 24147.466426181818,
  "ram_used_MB_peak": 24278.880256,
  "gpu_util_avg": 98.27272727272727,
  "gpu_util_peak": 99.0,
  "gpu_mem_MB_avg": 4438.240907636363,
  "gpu_mem_MB_peak": 4438.622208,
  "gpu": {
    "enabled": true,
    "index": 0,
    "name": "NVIDIA GeForce RTX 3090",
    "mem_total_MB": 25769.803776,
    "samples": 11
  },
  "samples": 11,
  "interval_sec": 120.0,
  "runtime": {
    "initial": {
      "epoch": 0
    },
    "current": {
      "epoch": 124
    }
  },
  "metadata": {}
}