{
  "job_type": "GPU training",
  "start_time": 1762262985.3986573,
  "end_time": 1762272108.4770417,
  "wall_clock_sec": 9123.078384399414,
  "cpu_percent_avg": 7.507792207792208,
  "cpu_percent_peak": 7.8,
  "ram_used_MB_avg": 9332.983781402598,
  "ram_used_MB_peak": 9379.569664,
  "gpu_util_avg": 58.81818181818182,
  "gpu_util_peak": 96.0,
  "gpu_mem_MB_avg": 1443.889152,
  "gpu_mem_MB_peak": 1443.889152,
  "gpu": {
    "enabled": true,
    "index": 0,
    "name": "NVIDIA GeForce RTX 3090",
    "mem_total_MB": 25769.803776,
    "samples": 77
  },
  "samples": 77,
  "interval_sec": 120.0,
  "runtime": {
    "initial": {
      "epoch": 1
    },
    "current": {
      "epoch": 435
    }
  },
  "metadata": {}
}