{
  "job_type": "GPU training",
  "start_time": 1762626562.1995459,
  "end_time": 1762634703.9346614,
  "wall_clock_sec": 8141.735115528107,
  "cpu_percent_avg": 9.549275362318841,
  "cpu_percent_peak": 11.4,
  "ram_used_MB_avg": 416925.2868155362,
  "ram_used_MB_peak": 519085.871104,
  "gpu_util_avg": 6.405797101449275,
  "gpu_util_peak": 97.0,
  "gpu_mem_MB_avg": 1481.5543058550722,
  "gpu_mem_MB_peak": 11271.667712,
  "gpu": {
    "enabled": true,
    "index": 0,
    "name": "Quadro RTX 6000",
    "mem_total_MB": 25769.803776,
    "samples": 69
  },
  "samples": 69,
  "interval_sec": 120.0,
  "runtime": {
    "initial": {
      "idx": 0
    },
    "current": {
      "idx": 49
    }
  },
  "metadata": {}
}