{
  "job_type": "GPU training",
  "start_time": 1758487822.5413458,
  "end_time": 1758552166.0832348,
  "wall_clock_sec": 64343.541888952255,
  "cpu_percent_avg": 9.956983240223463,
  "cpu_percent_peak": 10.8,
  "ram_used_MB_avg": 24421.940408968345,
  "ram_used_MB_peak": 24800.858112,
  "gpu_util_avg": null,
  "gpu_util_peak": null,
  "gpu_mem_MB_avg": null,
  "gpu_mem_MB_peak": null,
  "samples": 537,
  "interval_sec": 120.0,
  "metadata": {}
}