{
  "job_type": "GPU training",
  "start_time": 1761223141.2134774,
  "end_time": 1761243914.7102814,
  "wall_clock_sec": 20773.496803998947,
  "cpu_percent_avg": 9.994252873563218,
  "cpu_percent_peak": 10.9,
  "ram_used_MB_avg": 24092.066804229886,
  "ram_used_MB_peak": 24814.669824,
  "gpu_util_avg": 95.2816091954023,
  "gpu_util_peak": 98.0,
  "gpu_mem_MB_avg": 2708.1625835402297,
  "gpu_mem_MB_peak": 2721.05472,
  "gpu": {
    "enabled": true,
    "index": 0,
    "name": "NVIDIA GeForce RTX 3090",
    "mem_total_MB": 25769.803776,
    "samples": 174
  },
  "samples": 174,
  "interval_sec": 120.0,
  "runtime": {
    "initial": {
      "epoch": 0
    },
    "current": {
      "epoch": 408
    }
  },
  "metadata": {}
}