{
  "job_type": "GPU training",
  "start_time": 1763821529.1231573,
  "end_time": 1763823092.2730105,
  "wall_clock_sec": 1563.1498532295227,
  "cpu_percent_avg": 9.385714285714286,
  "cpu_percent_peak": 10.2,
  "ram_used_MB_avg": 11579.566665142858,
  "ram_used_MB_peak": 11922.960384,
  "gpu_util_avg": 83.07142857142857,
  "gpu_util_peak": 100.0,
  "gpu_mem_MB_avg": 11738.80832,
  "gpu_mem_MB_peak": 11738.80832,
  "gpu": {
    "enabled": true,
    "index": 0,
    "name": "NVIDIA GeForce RTX 3090",
    "mem_total_MB": 25769.803776,
    "samples": 14
  },
  "samples": 14,
  "interval_sec": 120.0,
  "runtime": {
    "initial": {
      "epoch": 7773
    },
    "current": {
      "epoch": 7905
    }
  },
  "metadata": {}
}