{
  "job_type": "GPU training",
  "start_time": 1758488156.4062645,
  "end_time": 1758521047.4561582,
  "wall_clock_sec": 32891.04989361763,
  "cpu_percent_avg": 10.15090909090909,
  "cpu_percent_peak": 22.2,
  "ram_used_MB_avg": 24500.06520925091,
  "ram_used_MB_peak": 24564.75648,
  "gpu_util_avg": null,
  "gpu_util_peak": null,
  "gpu_mem_MB_avg": null,
  "gpu_mem_MB_peak": null,
  "samples": 275,
  "interval_sec": 120.0,
  "metadata": {}
}