{
  "job_type": "GPU training",
  "start_time": 1765038557.8406148,
  "end_time": 1765105654.6317747,
  "wall_clock_sec": 67096.79115986824,
  "cpu_percent_avg": 18.839285714285595,
  "cpu_percent_peak": 25.1,
  "ram_used_MB_avg": 41297.56387474283,
  "ram_used_MB_peak": 49612.726272,
  "gpu_util_avg": 40.59285714285714,
  "gpu_util_peak": 100.0,
  "gpu_mem_MB_avg": 10959.241215999817,
  "gpu_mem_MB_peak": 25699.680256,
  "gpu": {
    "enabled": true,
    "index": 0,
    "name": "NVIDIA GeForce RTX 3090",
    "mem_total_MB": 25769.803776,
    "samples": 560
  },
  "samples": 560,
  "interval_sec": 120.0,
  "runtime": {
    "initial": {
      "epoch": 0
    },
    "current": {
      "epoch": 2549
    }
  },
  "metadata": {}
}