{
  "job_type": "GPU training",
  "start_time": 1763508604.5632963,
  "end_time": 1763518358.0612352,
  "wall_clock_sec": 9753.497938871384,
  "cpu_percent_avg": 4.866265060240969,
  "cpu_percent_peak": 14.3,
  "ram_used_MB_avg": 241512.98502014455,
  "ram_used_MB_peak": 261075.603456,
  "gpu_util_avg": 0.0,
  "gpu_util_peak": 0.0,
  "gpu_mem_MB_avg": 716.7016959999984,
  "gpu_mem_MB_peak": 716.701696,
  "gpu": {
    "enabled": true,
    "index": 0,
    "name": "Quadro RTX 6000",
    "mem_total_MB": 25769.803776,
    "samples": 83
  },
  "samples": 83,
  "interval_sec": 120.0,
  "runtime": {
    "initial": {
      "idx": 0
    },
    "current": {
      "idx": 59
    }
  },
  "metadata": {}
}