{
  "job_type": "GPU training",
  "start_time": 1765038389.7440028,
  "end_time": 1765182245.0017262,
  "wall_clock_sec": 143855.25772333145,
  "cpu_percent_avg": 18.535058430717612,
  "cpu_percent_peak": 28.0,
  "ram_used_MB_avg": 41616.27487476461,
  "ram_used_MB_peak": 54390.53824,
  "gpu_util_avg": 25.579298831385643,
  "gpu_util_peak": 100.0,
  "gpu_mem_MB_avg": 5906.990150090012,
  "gpu_mem_MB_peak": 25699.680256,
  "gpu": {
    "enabled": true,
    "index": 0,
    "name": "NVIDIA GeForce RTX 3090",
    "mem_total_MB": 25769.803776,
    "samples": 1198
  },
  "samples": 1198,
  "interval_sec": 120.0,
  "runtime": {
    "initial": {
      "epoch": 0
    },
    "current": {
      "epoch": 5495
    }
  },
  "metadata": {}
}