{
  "job_type": "GPU training",
  "start_time": 1762936232.4186769,
  "end_time": 1762944374.181758,
  "wall_clock_sec": 8141.763081073761,
  "cpu_percent_avg": 4.439130434782607,
  "cpu_percent_peak": 6.7,
  "ram_used_MB_avg": 184016.42193252168,
  "ram_used_MB_peak": 207256.797184,
  "gpu_util_avg": 21.014492753623188,
  "gpu_util_peak": 30.0,
  "gpu_mem_MB_avg": 1974.111484289856,
  "gpu_mem_MB_peak": 3319.267328,
  "gpu": {
    "enabled": true,
    "index": 0,
    "name": "Quadro RTX 6000",
    "mem_total_MB": 25769.803776,
    "samples": 69
  },
  "samples": 69,
  "interval_sec": 120.0,
  "runtime": {
    "initial": {
      "idx": 0
    },
    "current": {
      "idx": 49
    }
  },
  "metadata": {}
}