{
  "job_type": "GPU training",
  "start_time": 1764800172.3433073,
  "end_time": 1764801734.6018534,
  "wall_clock_sec": 1562.258546113968,
  "cpu_percent_avg": 9.385714285714286,
  "cpu_percent_peak": 10.2,
  "ram_used_MB_avg": 12603.428278857144,
  "ram_used_MB_peak": 12991.87712,
  "gpu_util_avg": 88.64285714285714,
  "gpu_util_peak": 100.0,
  "gpu_mem_MB_avg": 15656.789138285716,
  "gpu_mem_MB_peak": 16824.40192,
  "gpu": {
    "enabled": true,
    "index": 0,
    "name": "NVIDIA GeForce RTX 3090",
    "mem_total_MB": 25769.803776,
    "samples": 14
  },
  "samples": 14,
  "interval_sec": 120.0,
  "runtime": {
    "initial": {
      "epoch": 1
    },
    "current": {
      "epoch": 67
    }
  },
  "metadata": {}
}