{
  "job_type": "GPU training",
  "start_time": 1763429055.4031363,
  "end_time": 1763461798.7985682,
  "wall_clock_sec": 32743.395431995392,
  "cpu_percent_avg": 10.026007326007326,
  "cpu_percent_peak": 10.2,
  "ram_used_MB_avg": 12195.51875657143,
  "ram_used_MB_peak": 12441.972736,
  "gpu_util_avg": 82.0,
  "gpu_util_peak": 100.0,
  "gpu_mem_MB_avg": 11738.80832,
  "gpu_mem_MB_peak": 11738.80832,
  "gpu": {
    "enabled": true,
    "index": 0,
    "name": "NVIDIA GeForce RTX 3090",
    "mem_total_MB": 25769.803776,
    "samples": 273
  },
  "samples": 273,
  "interval_sec": 120.0,
  "runtime": {
    "initial": {
      "epoch": 0
    },
    "current": {
      "epoch": 2773
    }
  },
  "metadata": {}
}