{
  "job_type": "GPU training",
  "start_time": 1765238615.496164,
  "end_time": 1765274744.3579957,
  "wall_clock_sec": 36128.86183166504,
  "cpu_percent_avg": 13.043708609271595,
  "cpu_percent_peak": 41.0,
  "ram_used_MB_avg": 33602.041001536425,
  "ram_used_MB_peak": 42012.73344,
  "gpu_util_avg": 76.69536423841059,
  "gpu_util_peak": 98.0,
  "gpu_mem_MB_avg": 16410.411008000003,
  "gpu_mem_MB_peak": 16410.411008,
  "gpu": {
    "enabled": true,
    "index": 0,
    "name": "NVIDIA GeForce RTX 3090",
    "mem_total_MB": 25769.803776,
    "samples": 302
  },
  "samples": 302,
  "interval_sec": 120.0,
  "runtime": {
    "initial": {
      "epoch": 10123
    },
    "current": {
      "epoch": 12785
    }
  },
  "metadata": {}
}