{
  "job_type": "GPU training",
  "start_time": 1764882954.843789,
  "end_time": 1764935414.0117824,
  "wall_clock_sec": 52459.167993307114,
  "cpu_percent_avg": 11.18584474885844,
  "cpu_percent_peak": 17.4,
  "ram_used_MB_avg": 35959.985007050236,
  "ram_used_MB_peak": 43852.34944,
  "gpu_util_avg": 93.55936073059361,
  "gpu_util_peak": 100.0,
  "gpu_mem_MB_avg": 25679.266689753258,
  "gpu_mem_MB_peak": 25699.680256,
  "gpu": {
    "enabled": true,
    "index": 0,
    "name": "NVIDIA GeForce RTX 3090",
    "mem_total_MB": 25769.803776,
    "samples": 438
  },
  "samples": 438,
  "interval_sec": 120.0,
  "runtime": {
    "initial": {
      "epoch": 0
    },
    "current": {
      "epoch": 2367
    }
  },
  "metadata": {}
}