{
  "job_type": "GPU training",
  "start_time": 1765038462.0607822,
  "end_time": 1765181249.0478075,
  "wall_clock_sec": 142786.98702526093,
  "cpu_percent_avg": 18.551387720773512,
  "cpu_percent_peak": 26.8,
  "ram_used_MB_avg": 41649.446119670254,
  "ram_used_MB_peak": 55005.5936,
  "gpu_util_avg": 25.70058873002523,
  "gpu_util_peak": 100.0,
  "gpu_mem_MB_avg": 5932.027363148725,
  "gpu_mem_MB_peak": 25699.680256,
  "gpu": {
    "enabled": true,
    "index": 0,
    "name": "NVIDIA GeForce RTX 3090",
    "mem_total_MB": 25769.803776,
    "samples": 1189
  },
  "samples": 1189,
  "interval_sec": 120.0,
  "runtime": {
    "initial": {
      "epoch": 0
    },
    "current": {
      "epoch": 5429
    }
  },
  "metadata": {}
}