{
  "job_type": "GPU training",
  "start_time": 1765327254.8563669,
  "end_time": 1765391230.3509147,
  "wall_clock_sec": 63975.49454784393,
  "cpu_percent_avg": 9.234831460674139,
  "cpu_percent_peak": 23.8,
  "ram_used_MB_avg": 190684.2048949213,
  "ram_used_MB_peak": 285164.716032,
  "gpu_util_avg": 98.66104868913858,
  "gpu_util_peak": 100.0,
  "gpu_mem_MB_avg": 13290.341456539336,
  "gpu_mem_MB_peak": 25681.199104,
  "gpu": {
    "enabled": true,
    "index": 0,
    "name": "Quadro RTX 6000",
    "mem_total_MB": 25769.803776,
    "samples": 534
  },
  "samples": 534,
  "interval_sec": 120.0,
  "runtime": {
    "initial": {
      "epoch": 3757
    },
    "current": {
      "epoch": 8531
    }
  },
  "metadata": {}
}