{
  "job_type": "GPU training",
  "start_time": 1764872882.0721407,
  "end_time": 1764947192.1335514,
  "wall_clock_sec": 74310.06141066551,
  "cpu_percent_avg": 10.08691437802908,
  "cpu_percent_peak": 11.0,
  "ram_used_MB_avg": 12579.269848710825,
  "ram_used_MB_peak": 13051.265024,
  "gpu_util_avg": 85.91922455573506,
  "gpu_util_peak": 100.0,
  "gpu_mem_MB_avg": 16870.539264,
  "gpu_mem_MB_peak": 16870.539264,
  "gpu": {
    "enabled": true,
    "index": 0,
    "name": "NVIDIA GeForce RTX 3090",
    "mem_total_MB": 25769.803776,
    "samples": 619
  },
  "samples": 619,
  "interval_sec": 120.0,
  "runtime": {
    "initial": {
      "epoch": 0
    },
    "current": {
      "epoch": 2926
    }
  },
  "metadata": {}
}