{
  "job_type": "GPU training",
  "start_time": 1762900505.0013769,
  "end_time": 1762904114.4818232,
  "wall_clock_sec": 3609.4804463386536,
  "cpu_percent_avg": 8.23225806451613,
  "cpu_percent_peak": 10.3,
  "ram_used_MB_avg": 8874.380254967742,
  "ram_used_MB_peak": 10447.07328,
  "gpu_util_avg": 28.612903225806452,
  "gpu_util_peak": 99.0,
  "gpu_mem_MB_avg": 2697.986048,
  "gpu_mem_MB_peak": 2697.986048,
  "gpu": {
    "enabled": true,
    "index": 0,
    "name": "NVIDIA GeForce RTX 3090",
    "mem_total_MB": 25769.803776,
    "samples": 31
  },
  "samples": 31,
  "interval_sec": 120.0,
  "runtime": {
    "initial": {
      "epoch": 0
    },
    "current": {
      "epoch": 403
    }
  },
  "metadata": {}
}