{
  "job_type": "GPU training",
  "start_time": 1763419400.0383818,
  "end_time": 1763468578.7718554,
  "wall_clock_sec": 49178.73347353935,
  "cpu_percent_avg": 5.695555555555556,
  "cpu_percent_peak": 8.6,
  "ram_used_MB_avg": 252080.7437956741,
  "ram_used_MB_peak": 308013.809664,
  "gpu_util_avg": 99.4962962962963,
  "gpu_util_peak": 100.0,
  "gpu_mem_MB_avg": 21430.271999999928,
  "gpu_mem_MB_peak": 21430.272,
  "gpu": {
    "enabled": true,
    "index": 0,
    "name": "Quadro RTX 6000",
    "mem_total_MB": 25769.803776,
    "samples": 405
  },
  "samples": 405,
  "interval_sec": 120.0,
  "runtime": {
    "initial": {
      "idx": 0
    },
    "current": {
      "idx": 30
    }
  },
  "metadata": {}
}