{
  "job_type": "GPU training",
  "start_time": 1763361703.7759216,
  "end_time": 1763371946.325366,
  "wall_clock_sec": 10242.549444437027,
  "cpu_percent_avg": 3.2732558139534915,
  "cpu_percent_peak": 3.4,
  "ram_used_MB_avg": 282422.8120528372,
  "ram_used_MB_peak": 283481.726976,
  "gpu_util_avg": 59.08139534883721,
  "gpu_util_peak": 97.0,
  "gpu_mem_MB_avg": 8874.622975999993,
  "gpu_mem_MB_peak": 8874.622976,
  "gpu": {
    "enabled": true,
    "index": 0,
    "name": "Quadro RTX 6000",
    "mem_total_MB": 25769.803776,
    "samples": 86
  },
  "samples": 86,
  "interval_sec": 120.0,
  "runtime": {
    "initial": {
      "idx": 0
    },
    "current": {
      "idx": 59
    }
  },
  "metadata": {}
}