{
  "job_type": "GPU training",
  "start_time": 1764792840.8085716,
  "end_time": 1764796566.5795212,
  "wall_clock_sec": 3725.770949602127,
  "cpu_percent_avg": 9.737499999999999,
  "cpu_percent_peak": 10.2,
  "ram_used_MB_avg": 12454.850176,
  "ram_used_MB_peak": 12680.179712,
  "gpu_util_avg": 82.5625,
  "gpu_util_peak": 100.0,
  "gpu_mem_MB_avg": 11352.365056,
  "gpu_mem_MB_peak": 11703.156736,
  "gpu": {
    "enabled": true,
    "index": 0,
    "name": "NVIDIA GeForce RTX 3090",
    "mem_total_MB": 25769.803776,
    "samples": 32
  },
  "samples": 32,
  "interval_sec": 120.0,
  "runtime": {
    "initial": {
      "epoch": 0
    },
    "current": {
      "epoch": 145
    }
  },
  "metadata": {}
}