{
  "job_type": "GPU training",
  "start_time": 1758882319.3557272,
  "end_time": 1758895163.881643,
  "wall_clock_sec": 12844.52591586113,
  "cpu_percent_avg": 9.90648148148148,
  "cpu_percent_peak": 10.2,
  "ram_used_MB_avg": 24461.19238162963,
  "ram_used_MB_peak": 24676.888576,
  "gpu_util_avg": 99.86111111111111,
  "gpu_util_peak": 100.0,
  "gpu_mem_MB_avg": 2486.7756562962963,
  "gpu_mem_MB_peak": 2488.270848,
  "gpu": {
    "enabled": true,
    "index": 0,
    "name": "NVIDIA GeForce RTX 3090",
    "mem_total_MB": 25769.803776,
    "samples": 108
  },
  "samples": 108,
  "interval_sec": 120.0,
  "runtime": {
    "initial": {
      "epoch": 0
    },
    "current": {
      "epoch": 32
    }
  },
  "metadata": {}
}