{
  "job_type": "GPU training",
  "start_time": 1761920759.1972702,
  "end_time": 1762036130.359343,
  "wall_clock_sec": 115371.16207289696,
  "cpu_percent_avg": 7.654469854469854,
  "cpu_percent_peak": 10.2,
  "ram_used_MB_avg": 11290.604456715177,
  "ram_used_MB_peak": 14101.311488,
  "gpu_util_avg": 93.51871101871102,
  "gpu_util_peak": 100.0,
  "gpu_mem_MB_avg": 18393.23368475676,
  "gpu_mem_MB_peak": 18411.945984,
  "gpu": {
    "enabled": true,
    "index": 0,
    "name": "NVIDIA GeForce RTX 3090",
    "mem_total_MB": 25769.803776,
    "samples": 962
  },
  "samples": 962,
  "interval_sec": 120.0,
  "runtime": {
    "initial": {
      "epoch": 0
    },
    "current": {
      "epoch": 2999
    }
  },
  "metadata": {}
}