{
  "job_type": "GPU training",
  "start_time": 1763082037.1238458,
  "end_time": 1763083117.2508812,
  "wall_clock_sec": 1080.1270353794098,
  "cpu_percent_avg": 6.15,
  "cpu_percent_peak": 7.1,
  "ram_used_MB_avg": 254933.77187840003,
  "ram_used_MB_peak": 256141.860864,
  "gpu_util_avg": 21.3,
  "gpu_util_peak": 30.0,
  "gpu_mem_MB_avg": 1539.4144256000002,
  "gpu_mem_MB_peak": 2287.468544,
  "gpu": {
    "enabled": true,
    "index": 0,
    "name": "Quadro RTX 6000",
    "mem_total_MB": 25769.803776,
    "samples": 10
  },
  "samples": 10,
  "interval_sec": 120.0,
  "runtime": {
    "initial": {
      "idx": 0
    },
    "current": {
      "idx": 6
    }
  },
  "metadata": {}
}