{
  "job_type": "GPU training",
  "start_time": 1761303756.0148702,
  "end_time": 1761339309.8894904,
  "wall_clock_sec": 35553.8746201992,
  "cpu_percent_avg": 10.064646464646463,
  "cpu_percent_peak": 10.8,
  "ram_used_MB_avg": 23593.76207127273,
  "ram_used_MB_peak": 23879.196672,
  "gpu_util_avg": 78.81818181818181,
  "gpu_util_peak": 100.0,
  "gpu_mem_MB_avg": 8425.30816,
  "gpu_mem_MB_peak": 8425.30816,
  "gpu": {
    "enabled": true,
    "index": 0,
    "name": "NVIDIA GeForce RTX 3090",
    "mem_total_MB": 25769.803776,
    "samples": 297
  },
  "samples": 297,
  "interval_sec": 120.0,
  "runtime": {
    "initial": {
      "epoch": 0
    },
    "current": {
      "epoch": 2095
    }
  },
  "metadata": {}
}