{
  "job_type": "GPU training",
  "start_time": 1763416283.4419637,
  "end_time": 1763513233.8117013,
  "wall_clock_sec": 96950.36973762512,
  "cpu_percent_avg": 3.64009962640105,
  "cpu_percent_peak": 7.1,
  "ram_used_MB_avg": 271147.6941692652,
  "ram_used_MB_peak": 302920.011776,
  "gpu_util_avg": 64.1681195516812,
  "gpu_util_peak": 100.0,
  "gpu_mem_MB_avg": 8970.414409006233,
  "gpu_mem_MB_peak": 25320.48896,
  "gpu": {
    "enabled": true,
    "index": 0,
    "name": "Quadro RTX 6000",
    "mem_total_MB": 25769.803776,
    "samples": 803
  },
  "samples": 803,
  "interval_sec": 120.0,
  "runtime": {
    "initial": {
      "idx": 0
    },
    "current": {
      "idx": 59
    }
  },
  "metadata": {}
}