{
  "job_type": "GPU training",
  "start_time": 1763061106.3928735,
  "end_time": 1763071097.5914454,
  "wall_clock_sec": 9991.198571920395,
  "cpu_percent_avg": 6.408333333333333,
  "cpu_percent_peak": 7.1,
  "ram_used_MB_avg": 248550.1148891429,
  "ram_used_MB_peak": 250623.91808,
  "gpu_util_avg": 20.55952380952381,
  "gpu_util_peak": 44.0,
  "gpu_mem_MB_avg": 1850.961334857142,
  "gpu_mem_MB_peak": 4179.099648,
  "gpu": {
    "enabled": true,
    "index": 0,
    "name": "Quadro RTX 6000",
    "mem_total_MB": 25769.803776,
    "samples": 84
  },
  "samples": 84,
  "interval_sec": 120.0,
  "runtime": {
    "initial": {
      "idx": 0
    },
    "current": {
      "idx": 6
    }
  },
  "metadata": {}
}