{
  "job_type": "GPU training",
  "start_time": 1765241934.2895265,
  "end_time": 1765242188.1312473,
  "wall_clock_sec": 253.84172081947327,
  "cpu_percent_avg": 12.100000000000001,
  "cpu_percent_peak": 14.8,
  "ram_used_MB_avg": 222873.527296,
  "ram_used_MB_peak": 230495.965184,
  "gpu_util_avg": 71.0,
  "gpu_util_peak": 95.0,
  "gpu_mem_MB_avg": 797.442048,
  "gpu_mem_MB_peak": 934.805504,
  "gpu": {
    "enabled": true,
    "index": 0,
    "name": "Quadro RTX 6000",
    "mem_total_MB": 25769.803776,
    "samples": 4
  },
  "samples": 4,
  "interval_sec": 120.0,
  "runtime": {
    "initial": {
      "idx": 0
    },
    "current": {
      "idx": 59
    }
  },
  "metadata": {}
}