{
  "job_type": "GPU training",
  "start_time": 1761303715.1729577,
  "end_time": 1761346694.7237437,
  "wall_clock_sec": 42979.55078601837,
  "cpu_percent_avg": 10.06824512534819,
  "cpu_percent_peak": 10.9,
  "ram_used_MB_avg": 23580.676301370477,
  "ram_used_MB_peak": 23851.782144,
  "gpu_util_avg": 78.88022284122563,
  "gpu_util_peak": 100.0,
  "gpu_mem_MB_avg": 8403.17031826184,
  "gpu_mem_MB_peak": 8425.30816,
  "gpu": {
    "enabled": true,
    "index": 0,
    "name": "NVIDIA GeForce RTX 3090",
    "mem_total_MB": 25769.803776,
    "samples": 359
  },
  "samples": 359,
  "interval_sec": 120.0,
  "runtime": {
    "initial": {
      "epoch": 0
    },
    "current": {
      "epoch": 2517
    }
  },
  "metadata": {}
}