{
  "job_type": "GPU training",
  "start_time": 1761223141.2134774,
  "end_time": 1761247636.0202036,
  "wall_clock_sec": 24494.80672621727,
  "cpu_percent_avg": 10.01170731707317,
  "cpu_percent_peak": 10.9,
  "ram_used_MB_avg": 24179.354748878046,
  "ram_used_MB_peak": 24814.669824,
  "gpu_util_avg": 95.38048780487804,
  "gpu_util_peak": 98.0,
  "gpu_mem_MB_avg": 2710.112126126829,
  "gpu_mem_MB_peak": 2721.05472,
  "gpu": {
    "enabled": true,
    "index": 0,
    "name": "NVIDIA GeForce RTX 3090",
    "mem_total_MB": 25769.803776,
    "samples": 205
  },
  "samples": 205,
  "interval_sec": 120.0,
  "runtime": {
    "initial": {
      "epoch": 0
    },
    "current": {
      "epoch": 481
    }
  },
  "metadata": {}
}