{
  "job_type": "GPU training",
  "start_time": 1765038557.8406148,
  "end_time": 1765181206.6357768,
  "wall_clock_sec": 142648.7951619625,
  "cpu_percent_avg": 18.557239057238792,
  "cpu_percent_peak": 25.4,
  "ram_used_MB_avg": 41677.289237548786,
  "ram_used_MB_peak": 54469.808128,
  "gpu_util_avg": 25.844276094276093,
  "gpu_util_peak": 100.0,
  "gpu_mem_MB_avg": 5918.80120285508,
  "gpu_mem_MB_peak": 25699.680256,
  "gpu": {
    "enabled": true,
    "index": 0,
    "name": "NVIDIA GeForce RTX 3090",
    "mem_total_MB": 25769.803776,
    "samples": 1188
  },
  "samples": 1188,
  "interval_sec": 120.0,
  "runtime": {
    "initial": {
      "epoch": 0
    },
    "current": {
      "epoch": 5421
    }
  },
  "metadata": {}
}