{
  "job_type": "GPU training",
  "start_time": 1762900527.9181721,
  "end_time": 1762958660.3733711,
  "wall_clock_sec": 58132.45519900322,
  "cpu_percent_avg": 8.176652892561984,
  "cpu_percent_peak": 25.0,
  "ram_used_MB_avg": 9190.685966809917,
  "ram_used_MB_peak": 13465.370624,
  "gpu_util_avg": 34.099173553719005,
  "gpu_util_peak": 99.0,
  "gpu_mem_MB_avg": 2697.986048,
  "gpu_mem_MB_peak": 2697.986048,
  "gpu": {
    "enabled": true,
    "index": 0,
    "name": "NVIDIA GeForce RTX 3090",
    "mem_total_MB": 25769.803776,
    "samples": 484
  },
  "samples": 484,
  "interval_sec": 120.0,
  "runtime": {
    "initial": {
      "epoch": 0
    },
    "current": {
      "epoch": 6581
    }
  },
  "metadata": {}
}