{
  "job_type": "GPU training",
  "start_time": 1764869603.6855853,
  "end_time": 1764926232.249117,
  "wall_clock_sec": 56628.56353163719,
  "cpu_percent_avg": 9.793855932203389,
  "cpu_percent_peak": 11.0,
  "ram_used_MB_avg": 12401.84173342373,
  "ram_used_MB_peak": 13019.426816,
  "gpu_util_avg": 81.91525423728814,
  "gpu_util_peak": 100.0,
  "gpu_mem_MB_avg": 15901.478564881354,
  "gpu_mem_MB_peak": 16870.539264,
  "gpu": {
    "enabled": true,
    "index": 0,
    "name": "NVIDIA GeForce RTX 3090",
    "mem_total_MB": 25769.803776,
    "samples": 472
  },
  "samples": 472,
  "interval_sec": 120.0,
  "runtime": {
    "initial": {
      "epoch": 36
    },
    "current": {
      "epoch": 2431
    }
  },
  "metadata": {}
}