{
  "job_type": "GPU training",
  "start_time": 1761223153.2887206,
  "end_time": 1761298784.1586845,
  "wall_clock_sec": 75630.86996388435,
  "cpu_percent_avg": 9.285736925515057,
  "cpu_percent_peak": 50.0,
  "ram_used_MB_avg": 23840.69508341046,
  "ram_used_MB_peak": 24732.151808,
  "gpu_util_avg": 95.69413629160063,
  "gpu_util_peak": 98.0,
  "gpu_mem_MB_avg": 2717.4996776164817,
  "gpu_mem_MB_peak": 2721.05472,
  "gpu": {
    "enabled": true,
    "index": 0,
    "name": "NVIDIA GeForce RTX 3090",
    "mem_total_MB": 25769.803776,
    "samples": 631
  },
  "samples": 631,
  "interval_sec": 120.0,
  "runtime": {
    "initial": {
      "epoch": 0
    },
    "current": {
      "epoch": 1298
    }
  },
  "metadata": {}
}