{
  "job_type": "GPU training",
  "start_time": 1759042304.764353,
  "end_time": 1759149690.8147647,
  "wall_clock_sec": 107386.0504117012,
  "cpu_percent_avg": 10.095083798882682,
  "cpu_percent_peak": 10.9,
  "ram_used_MB_avg": 24782.10970400894,
  "ram_used_MB_peak": 25054.785536,
  "gpu_util_avg": 95.52625698324022,
  "gpu_util_peak": 97.0,
  "gpu_mem_MB_avg": 2488.270848,
  "gpu_mem_MB_peak": 2488.270848,
  "gpu": {
    "enabled": true,
    "index": 0,
    "name": "NVIDIA GeForce RTX 3090",
    "mem_total_MB": 25769.803776,
    "samples": 895
  },
  "samples": 895,
  "interval_sec": 120.0,
  "runtime": {
    "initial": {
      "epoch": 0
    },
    "current": {
      "epoch": 272
    }
  },
  "metadata": {}
}