{
  "job_type": "GPU training",
  "start_time": 1762251036.1088274,
  "end_time": 1762254410.783818,
  "wall_clock_sec": 3374.6749906539917,
  "cpu_percent_avg": 3.8666666666666667,
  "cpu_percent_peak": 5.2,
  "ram_used_MB_avg": 7013.2887552,
  "ram_used_MB_peak": 7870.83264,
  "gpu_util_avg": 0.0,
  "gpu_util_peak": 0.0,
  "gpu_mem_MB_avg": 477.822976,
  "gpu_mem_MB_peak": 477.822976,
  "gpu": {
    "enabled": true,
    "index": 0,
    "name": "NVIDIA GeForce RTX 3090",
    "mem_total_MB": 25769.803776,
    "samples": 30
  },
  "samples": 30,
  "interval_sec": 120.0,
  "runtime": {
    "initial": {
      "epoch": 2669
    },
    "current": {
      "epoch": 2999
    }
  },
  "metadata": {}
}