{
  "job_type": "GPU training",
  "start_time": 1765038462.0607822,
  "end_time": 1765105678.175062,
  "wall_clock_sec": 67216.11427974701,
  "cpu_percent_avg": 18.823885918003448,
  "cpu_percent_peak": 24.8,
  "ram_used_MB_avg": 41276.79998722282,
  "ram_used_MB_peak": 49552.674816,
  "gpu_util_avg": 40.23172905525847,
  "gpu_util_peak": 100.0,
  "gpu_mem_MB_avg": 10985.516508406234,
  "gpu_mem_MB_peak": 25699.680256,
  "gpu": {
    "enabled": true,
    "index": 0,
    "name": "NVIDIA GeForce RTX 3090",
    "mem_total_MB": 25769.803776,
    "samples": 561
  },
  "samples": 561,
  "interval_sec": 120.0,
  "runtime": {
    "initial": {
      "epoch": 0
    },
    "current": {
      "epoch": 2557
    }
  },
  "metadata": {}
}