{
  "job_type": "GPU training",
  "start_time": 1761046317.615754,
  "end_time": 1761062335.3158524,
  "wall_clock_sec": 16017.700098514557,
  "cpu_percent_avg": 6.414925373134328,
  "cpu_percent_peak": 10.8,
  "ram_used_MB_avg": 21909.95948131343,
  "ram_used_MB_peak": 24965.214208,
  "gpu_util_avg": 82.26865671641791,
  "gpu_util_peak": 99.0,
  "gpu_mem_MB_avg": 4402.819499940299,
  "gpu_mem_MB_peak": 4432.330752,
  "gpu": {
    "enabled": true,
    "index": 0,
    "name": "NVIDIA GeForce RTX 3090",
    "mem_total_MB": 25769.803776,
    "samples": 134
  },
  "samples": 134,
  "interval_sec": 120.0,
  "runtime": {
    "initial": {
      "epoch": 0
    },
    "current": {
      "epoch": 226
    }
  },
  "metadata": {}
}