{
  "job_type": "GPU training",
  "start_time": 1763427746.814036,
  "end_time": 1763437550.5368426,
  "wall_clock_sec": 9803.722806692123,
  "cpu_percent_avg": 6.0421686746987975,
  "cpu_percent_peak": 13.3,
  "ram_used_MB_avg": 126190.12767151813,
  "ram_used_MB_peak": 127537.93024,
  "gpu_util_avg": 98.46987951807229,
  "gpu_util_peak": 100.0,
  "gpu_mem_MB_avg": 11183.208324626501,
  "gpu_mem_MB_peak": 23621.79584,
  "gpu": {
    "enabled": true,
    "index": 0,
    "name": "Quadro RTX 6000",
    "mem_total_MB": 25769.803776,
    "samples": 83
  },
  "samples": 83,
  "interval_sec": 120.0,
  "runtime": {
    "initial": {
      "idx": 0
    },
    "current": {
      "idx": 59
    }
  },
  "metadata": {}
}