{
  "job_type": "GPU training",
  "start_time": 1762478236.1953135,
  "end_time": 1762596489.7019458,
  "wall_clock_sec": 118253.50663232803,
  "cpu_percent_avg": 10.016954314720811,
  "cpu_percent_peak": 10.8,
  "ram_used_MB_avg": 14623.99420946193,
  "ram_used_MB_peak": 16685.944832,
  "gpu_util_avg": 82.15431472081218,
  "gpu_util_peak": 100.0,
  "gpu_mem_MB_avg": 18391.575598781725,
  "gpu_mem_MB_peak": 18409.848832,
  "gpu": {
    "enabled": true,
    "index": 0,
    "name": "NVIDIA GeForce RTX 3090",
    "mem_total_MB": 25769.803776,
    "samples": 985
  },
  "samples": 985,
  "interval_sec": 120.0,
  "runtime": {
    "initial": {
      "epoch": 0
    },
    "current": {
      "epoch": 5999
    }
  },
  "metadata": {}
}