{
  "job_type": "GPU training",
  "start_time": 1759097265.8815985,
  "end_time": 1759100867.127658,
  "wall_clock_sec": 3601.2460594177246,
  "cpu_percent_avg": 9.780645161290321,
  "cpu_percent_peak": 10.2,
  "ram_used_MB_avg": 24723.094362838707,
  "ram_used_MB_peak": 24876.212224,
  "gpu_util_avg": 95.06451612903226,
  "gpu_util_peak": 97.0,
  "gpu_mem_MB_avg": 2488.270848,
  "gpu_mem_MB_peak": 2488.270848,
  "gpu": {
    "enabled": true,
    "index": 0,
    "name": "NVIDIA GeForce RTX 3090",
    "mem_total_MB": 25769.803776,
    "samples": 31
  },
  "samples": 31,
  "interval_sec": 120.0,
  "runtime": {
    "initial": {
      "epoch": 204
    },
    "current": {
      "epoch": 210
    }
  },
  "metadata": {}
}