{
  "job_type": "GPU training",
  "start_time": 1762985320.9794798,
  "end_time": 1762987124.4426622,
  "wall_clock_sec": 1803.4631824493408,
  "cpu_percent_avg": 12.525,
  "cpu_percent_peak": 66.7,
  "ram_used_MB_avg": 12821.163264,
  "ram_used_MB_peak": 14696.361984,
  "gpu_util_avg": 79.0625,
  "gpu_util_peak": 100.0,
  "gpu_mem_MB_avg": 15592.067072,
  "gpu_mem_MB_peak": 21048.066048,
  "gpu": {
    "enabled": true,
    "index": 0,
    "name": "NVIDIA GeForce RTX 3090",
    "mem_total_MB": 25769.803776,
    "samples": 16
  },
  "samples": 16,
  "interval_sec": 120.0,
  "runtime": {
    "initial": {
      "epoch": 0
    },
    "current": {
      "epoch": 203
    }
  },
  "metadata": {}
}