{
  "job_type": "GPU training",
  "start_time": 1761223141.2134774,
  "end_time": 1761228182.9646423,
  "wall_clock_sec": 5041.7511649131775,
  "cpu_percent_avg": 9.869767441860464,
  "cpu_percent_peak": 10.2,
  "ram_used_MB_avg": 24047.573230139536,
  "ram_used_MB_peak": 24182.767616,
  "gpu_util_avg": 94.4186046511628,
  "gpu_util_peak": 97.0,
  "gpu_mem_MB_avg": 2668.886539906977,
  "gpu_mem_MB_peak": 2721.05472,
  "gpu": {
    "enabled": true,
    "index": 0,
    "name": "NVIDIA GeForce RTX 3090",
    "mem_total_MB": 25769.803776,
    "samples": 43
  },
  "samples": 43,
  "interval_sec": 120.0,
  "runtime": {
    "initial": {
      "epoch": 0
    },
    "current": {
      "epoch": 99
    }
  },
  "metadata": {}
}