{
  "job_type": "CPU multiprocessing drift evaluation",
  "start_time": 1758612672.3633106,
  "end_time": 1758657014.2272727,
  "wall_clock_sec": 44341.86396217346,
  "cpu_percent_avg": 5.021680216802172,
  "cpu_percent_peak": 44.0,
  "ram_used_MB_avg": 202269.208453897,
  "ram_used_MB_peak": 270615.728128,
  "gpu_util_avg": null,
  "gpu_util_peak": null,
  "gpu_mem_MB_avg": null,
  "gpu_mem_MB_peak": null,
  "samples": 369,
  "interval_sec": 120.0,
  "metadata": {}
}