{
  "job_type": "GPU training",
  "start_time": 1763386300.1529393,
  "end_time": 1763396106.3336477,
  "wall_clock_sec": 9806.180708408356,
  "cpu_percent_avg": 7.978313253012048,
  "cpu_percent_peak": 8.6,
  "ram_used_MB_avg": 222711.56712559029,
  "ram_used_MB_peak": 225564.905472,
  "gpu_util_avg": 7.578313253012048,
  "gpu_util_peak": 17.0,
  "gpu_mem_MB_avg": 500.01757146988,
  "gpu_mem_MB_peak": 626.52416,
  "gpu": {
    "enabled": true,
    "index": 0,
    "name": "Quadro RTX 6000",
    "mem_total_MB": 25769.803776,
    "samples": 83
  },
  "samples": 83,
  "interval_sec": 120.0,
  "runtime": {
    "initial": {
      "idx": 0
    },
    "current": {
      "idx": 59
    }
  },
  "metadata": {}
}