{
  "job_type": "GPU training",
  "start_time": 1765038462.0607822,
  "end_time": 1765122371.9648092,
  "wall_clock_sec": 83909.90402698517,
  "cpu_percent_avg": 18.53985714285694,
  "cpu_percent_peak": 24.8,
  "ram_used_MB_avg": 41163.69363529139,
  "ram_used_MB_peak": 49552.674816,
  "gpu_util_avg": 32.24285714285714,
  "gpu_util_peak": 100.0,
  "gpu_mem_MB_avg": 8872.125305416957,
  "gpu_mem_MB_peak": 25699.680256,
  "gpu": {
    "enabled": true,
    "index": 0,
    "name": "NVIDIA GeForce RTX 3090",
    "mem_total_MB": 25769.803776,
    "samples": 700
  },
  "samples": 700,
  "interval_sec": 120.0,
  "runtime": {
    "initial": {
      "epoch": 0
    },
    "current": {
      "epoch": 3189
    }
  },
  "metadata": {}
}