{
  "job_type": "GPU training",
  "start_time": 1761229568.4068897,
  "end_time": 1761234376.2854965,
  "wall_clock_sec": 4807.878606796265,
  "cpu_percent_avg": 9.926829268292684,
  "cpu_percent_peak": 10.8,
  "ram_used_MB_avg": 24086.106711414635,
  "ram_used_MB_peak": 24400.031744,
  "gpu_util_avg": 96.02439024390245,
  "gpu_util_peak": 98.0,
  "gpu_mem_MB_avg": 2721.05472,
  "gpu_mem_MB_peak": 2721.05472,
  "gpu": {
    "enabled": true,
    "index": 0,
    "name": "NVIDIA GeForce RTX 3090",
    "mem_total_MB": 25769.803776,
    "samples": 41
  },
  "samples": 41,
  "interval_sec": 120.0,
  "runtime": {
    "initial": {
      "epoch": 0
    },
    "current": {
      "epoch": 511
    }
  },
  "metadata": {}
}