{
  "job_type": "GPU training",
  "start_time": 1765038557.8406148,
  "end_time": 1765196397.725979,
  "wall_clock_sec": 157839.88536429405,
  "cpu_percent_avg": 18.934144486691785,
  "cpu_percent_peak": 27.1,
  "ram_used_MB_avg": 42211.90713702205,
  "ram_used_MB_peak": 81981.059072,
  "gpu_util_avg": 30.260076045627375,
  "gpu_util_peak": 100.0,
  "gpu_mem_MB_avg": 6834.293379212075,
  "gpu_mem_MB_peak": 25699.680256,
  "gpu": {
    "enabled": true,
    "index": 0,
    "name": "NVIDIA GeForce RTX 3090",
    "mem_total_MB": 25769.803776,
    "samples": 1315
  },
  "samples": 1315,
  "interval_sec": 120.0,
  "runtime": {
    "initial": {
      "epoch": 0
    },
    "current": {
      "epoch": 5999
    }
  },
  "metadata": {}
}