{
  "job_type": "GPU training",
  "start_time": 1765193064.6852126,
  "end_time": 1765206728.368921,
  "wall_clock_sec": 13663.683708429337,
  "cpu_percent_avg": 15.228695652173911,
  "cpu_percent_peak": 40.2,
  "ram_used_MB_avg": 50328.278701634794,
  "ram_used_MB_peak": 70357.62688,
  "gpu_util_avg": 73.85217391304347,
  "gpu_util_peak": 98.0,
  "gpu_mem_MB_avg": 16410.41100799997,
  "gpu_mem_MB_peak": 16410.411008,
  "gpu": {
    "enabled": true,
    "index": 0,
    "name": "NVIDIA GeForce RTX 3090",
    "mem_total_MB": 25769.803776,
    "samples": 115
  },
  "samples": 115,
  "interval_sec": 120.0,
  "runtime": {
    "initial": {
      "epoch": 5885
    },
    "current": {
      "epoch": 7999
    }
  },
  "metadata": {}
}