{
  "job_type": "GPU training",
  "start_time": 1762188542.0800292,
  "end_time": 1762252976.620581,
  "wall_clock_sec": 64434.540551662445,
  "cpu_percent_avg": 7.292379182156133,
  "cpu_percent_peak": 10.2,
  "ram_used_MB_avg": 9482.60898260223,
  "ram_used_MB_peak": 11616.845824,
  "gpu_util_avg": 0.0,
  "gpu_util_peak": 0.0,
  "gpu_mem_MB_avg": 477.822976,
  "gpu_mem_MB_peak": 477.822976,
  "gpu": {
    "enabled": true,
    "index": 0,
    "name": "NVIDIA GeForce RTX 3090",
    "mem_total_MB": 25769.803776,
    "samples": 538
  },
  "samples": 538,
  "interval_sec": 120.0,
  "runtime": {
    "initial": {
      "epoch": 0
    },
    "current": {
      "epoch": 2999
    }
  },
  "metadata": {}
}