{
  "job_type": "GPU training",
  "start_time": 1765038422.8422503,
  "end_time": 1765182286.9224699,
  "wall_clock_sec": 143864.08021950722,
  "cpu_percent_avg": 18.540984974957993,
  "cpu_percent_peak": 25.4,
  "ram_used_MB_avg": 41627.56433971288,
  "ram_used_MB_peak": 54466.981888,
  "gpu_util_avg": 25.9449081803005,
  "gpu_util_peak": 100.0,
  "gpu_mem_MB_avg": 5914.275313468977,
  "gpu_mem_MB_peak": 25699.680256,
  "gpu": {
    "enabled": true,
    "index": 0,
    "name": "NVIDIA GeForce RTX 3090",
    "mem_total_MB": 25769.803776,
    "samples": 1198
  },
  "samples": 1198,
  "interval_sec": 120.0,
  "runtime": {
    "initial": {
      "epoch": 0
    },
    "current": {
      "epoch": 5489
    }
  },
  "metadata": {}
}