{
  "job_type": "GPU training",
  "start_time": 1763376795.9006999,
  "end_time": 1763382995.577801,
  "wall_clock_sec": 6199.677101135254,
  "cpu_percent_avg": 6.055769230769228,
  "cpu_percent_peak": 6.7,
  "ram_used_MB_avg": 187317.58426584618,
  "ram_used_MB_peak": 191782.739968,
  "gpu_util_avg": 94.5576923076923,
  "gpu_util_peak": 100.0,
  "gpu_mem_MB_avg": 12704.022528,
  "gpu_mem_MB_peak": 24909.447168,
  "gpu": {
    "enabled": true,
    "index": 0,
    "name": "Quadro RTX 6000",
    "mem_total_MB": 25769.803776,
    "samples": 52
  },
  "samples": 52,
  "interval_sec": 120.0,
  "runtime": {
    "initial": {
      "idx": 0
    },
    "current": {
      "idx": 3
    }
  },
  "metadata": {}
}