{
  "job_type": "GPU training",
  "start_time": 1765275664.150962,
  "end_time": 1765285867.283535,
  "wall_clock_sec": 10203.132572889328,
  "cpu_percent_avg": 13.955813953488377,
  "cpu_percent_peak": 51.5,
  "ram_used_MB_avg": 44826.639193302326,
  "ram_used_MB_peak": 51284.21376,
  "gpu_util_avg": 80.51162790697674,
  "gpu_util_peak": 99.0,
  "gpu_mem_MB_avg": 16422.589273302314,
  "gpu_mem_MB_peak": 16759.52128,
  "gpu": {
    "enabled": true,
    "index": 0,
    "name": "NVIDIA GeForce RTX 3090",
    "mem_total_MB": 25769.803776,
    "samples": 86
  },
  "samples": 86,
  "interval_sec": 120.0,
  "runtime": {
    "initial": {
      "epoch": 12851
    },
    "current": {
      "epoch": 13595
    }
  },
  "metadata": {}
}