{
  "job_type": "GPU training",
  "start_time": 1758882809.9390142,
  "end_time": 1758895294.0591092,
  "wall_clock_sec": 12484.120095014572,
  "cpu_percent_avg": 10.011428571428572,
  "cpu_percent_peak": 10.2,
  "ram_used_MB_avg": 24582.034149180952,
  "ram_used_MB_peak": 24676.880384,
  "gpu_util_avg": 99.96190476190476,
  "gpu_util_peak": 100.0,
  "gpu_mem_MB_avg": 2488.270848,
  "gpu_mem_MB_peak": 2488.270848,
  "gpu": {
    "enabled": true,
    "index": 0,
    "name": "NVIDIA GeForce RTX 3090",
    "mem_total_MB": 25769.803776,
    "samples": 105
  },
  "samples": 105,
  "interval_sec": 120.0,
  "runtime": {
    "initial": {
      "epoch": 0
    },
    "current": {
      "epoch": 23
    }
  },
  "metadata": {}
}