{
  "job_type": "GPU training",
  "start_time": 1762985341.0145507,
  "end_time": 1763071328.3087363,
  "wall_clock_sec": 85987.29418563843,
  "cpu_percent_avg": 8.292727272727273,
  "cpu_percent_peak": 25.0,
  "ram_used_MB_avg": 11976.281057924474,
  "ram_used_MB_peak": 22627.168256,
  "gpu_util_avg": 35.21258741258741,
  "gpu_util_peak": 100.0,
  "gpu_mem_MB_avg": 7120.280442808391,
  "gpu_mem_MB_peak": 25248.661504,
  "gpu": {
    "enabled": true,
    "index": 0,
    "name": "NVIDIA GeForce RTX 3090",
    "mem_total_MB": 25769.803776,
    "samples": 715
  },
  "samples": 715,
  "interval_sec": 120.0,
  "runtime": {
    "initial": {
      "epoch": 0
    },
    "current": {
      "epoch": 9641
    }
  },
  "metadata": {}
}