{
  "job_type": "GPU training",
  "start_time": 1763429094.5913088,
  "end_time": 1763731265.8829775,
  "wall_clock_sec": 302171.2916686535,
  "cpu_percent_avg": 9.758804780876494,
  "cpu_percent_peak": 15.2,
  "ram_used_MB_avg": 11852.04445608287,
  "ram_used_MB_peak": 21349.822464,
  "gpu_util_avg": 82.46892430278885,
  "gpu_util_peak": 100.0,
  "gpu_mem_MB_avg": 11870.279123531474,
  "gpu_mem_MB_peak": 25000.476672,
  "gpu": {
    "enabled": true,
    "index": 0,
    "name": "NVIDIA GeForce RTX 3090",
    "mem_total_MB": 25769.803776,
    "samples": 2510
  },
  "samples": 2510,
  "interval_sec": 120.0,
  "runtime": {
    "initial": {
      "epoch": 0
    },
    "current": {
      "epoch": 11427
    }
  },
  "metadata": {}
}