{
  "job_type": "GPU training",
  "start_time": 1765038492.3069897,
  "end_time": 1765181164.8230624,
  "wall_clock_sec": 142672.5160727501,
  "cpu_percent_avg": 18.554713804713543,
  "cpu_percent_peak": 27.9,
  "ram_used_MB_avg": 41657.5322505051,
  "ram_used_MB_peak": 54421.21728,
  "gpu_util_avg": 25.76094276094276,
  "gpu_util_peak": 100.0,
  "gpu_mem_MB_avg": 5915.00585201333,
  "gpu_mem_MB_peak": 25699.680256,
  "gpu": {
    "enabled": true,
    "index": 0,
    "name": "NVIDIA GeForce RTX 3090",
    "mem_total_MB": 25769.803776,
    "samples": 1188
  },
  "samples": 1188,
  "interval_sec": 120.0,
  "runtime": {
    "initial": {
      "epoch": 0
    },
    "current": {
      "epoch": 5431
    }
  },
  "metadata": {}
}