{
  "job_type": "GPU training",
  "start_time": 1765038422.8422503,
  "end_time": 1765181206.6666462,
  "wall_clock_sec": 142783.824395895,
  "cpu_percent_avg": 18.547014297728918,
  "cpu_percent_peak": 25.4,
  "ram_used_MB_avg": 41667.04477486294,
  "ram_used_MB_peak": 54466.981888,
  "gpu_util_avg": 26.074011774600503,
  "gpu_util_peak": 100.0,
  "gpu_mem_MB_avg": 5942.952363168911,
  "gpu_mem_MB_peak": 25699.680256,
  "gpu": {
    "enabled": true,
    "index": 0,
    "name": "NVIDIA GeForce RTX 3090",
    "mem_total_MB": 25769.803776,
    "samples": 1189
  },
  "samples": 1189,
  "interval_sec": 120.0,
  "runtime": {
    "initial": {
      "epoch": 0
    },
    "current": {
      "epoch": 5447
    }
  },
  "metadata": {}
}