{
  "job_type": "GPU training",
  "start_time": 1765038557.8406148,
  "end_time": 1765122461.1803527,
  "wall_clock_sec": 83903.33973789215,
  "cpu_percent_avg": 18.549857142856933,
  "cpu_percent_peak": 25.1,
  "ram_used_MB_avg": 41176.77847698282,
  "ram_used_MB_peak": 49612.726272,
  "gpu_util_avg": 32.47428571428571,
  "gpu_util_peak": 100.0,
  "gpu_mem_MB_avg": 8835.897379108384,
  "gpu_mem_MB_peak": 25699.680256,
  "gpu": {
    "enabled": true,
    "index": 0,
    "name": "NVIDIA GeForce RTX 3090",
    "mem_total_MB": 25769.803776,
    "samples": 700
  },
  "samples": 700,
  "interval_sec": 120.0,
  "runtime": {
    "initial": {
      "epoch": 0
    },
    "current": {
      "epoch": 3189
    }
  },
  "metadata": {}
}