{
  "job_type": "GPU training",
  "start_time": 1762896451.5170252,
  "end_time": 1762900179.6856887,
  "wall_clock_sec": 3728.1686635017395,
  "cpu_percent_avg": 7.231249999999999,
  "cpu_percent_peak": 7.9,
  "ram_used_MB_avg": 8282.133376,
  "ram_used_MB_peak": 8381.652992,
  "gpu_util_avg": 31.9375,
  "gpu_util_peak": 99.0,
  "gpu_mem_MB_avg": 2697.986048,
  "gpu_mem_MB_peak": 2697.986048,
  "gpu": {
    "enabled": true,
    "index": 0,
    "name": "NVIDIA GeForce RTX 3090",
    "mem_total_MB": 25769.803776,
    "samples": 32
  },
  "samples": 32,
  "interval_sec": 120.0,
  "runtime": {
    "initial": {
      "epoch": 0
    },
    "current": {
      "epoch": 419
    }
  },
  "metadata": {}
}