{
  "job_type": "GPU training",
  "start_time": 1761046330.5213532,
  "end_time": 1761054613.3822646,
  "wall_clock_sec": 8282.860911369324,
  "cpu_percent_avg": 5.027142857142857,
  "cpu_percent_peak": 5.1,
  "ram_used_MB_avg": 20831.969631085714,
  "ram_used_MB_peak": 20900.429824,
  "gpu_util_avg": 86.0,
  "gpu_util_peak": 99.0,
  "gpu_mem_MB_avg": 4432.001199542857,
  "gpu_mem_MB_peak": 4432.330752,
  "gpu": {
    "enabled": true,
    "index": 0,
    "name": "NVIDIA GeForce RTX 3090",
    "mem_total_MB": 25769.803776,
    "samples": 70
  },
  "samples": 70,
  "interval_sec": 120.0,
  "runtime": {
    "initial": {
      "epoch": 0
    },
    "current": {
      "epoch": 136
    }
  },
  "metadata": {}
}