{
  "job_type": "GPU training",
  "start_time": 1764872847.8155704,
  "end_time": 1764935607.2573802,
  "wall_clock_sec": 62759.441809892654,
  "cpu_percent_avg": 10.082791586998088,
  "cpu_percent_peak": 11.0,
  "ram_used_MB_avg": 12625.912645996175,
  "ram_used_MB_peak": 13071.306752,
  "gpu_util_avg": 85.50860420650096,
  "gpu_util_peak": 100.0,
  "gpu_mem_MB_avg": 16839.195638210327,
  "gpu_mem_MB_peak": 16870.539264,
  "gpu": {
    "enabled": true,
    "index": 0,
    "name": "NVIDIA GeForce RTX 3090",
    "mem_total_MB": 25769.803776,
    "samples": 523
  },
  "samples": 523,
  "interval_sec": 120.0,
  "runtime": {
    "initial": {
      "epoch": 0
    },
    "current": {
      "epoch": 2146
    }
  },
  "metadata": {}
}