{
  "job_type": "GPU training",
  "start_time": 1765229607.6839113,
  "end_time": 1765238249.8122256,
  "wall_clock_sec": 8642.128314256668,
  "cpu_percent_avg": 22.06301369863014,
  "cpu_percent_peak": 37.1,
  "ram_used_MB_avg": 41977.61680482192,
  "ram_used_MB_peak": 43854.229504,
  "gpu_util_avg": 77.42465753424658,
  "gpu_util_peak": 98.0,
  "gpu_mem_MB_avg": 16190.311494136991,
  "gpu_mem_MB_peak": 16410.411008,
  "gpu": {
    "enabled": true,
    "index": 0,
    "name": "NVIDIA GeForce RTX 3090",
    "mem_total_MB": 25769.803776,
    "samples": 73
  },
  "samples": 73,
  "interval_sec": 120.0,
  "runtime": {
    "initial": {
      "epoch": 8227
    },
    "current": {
      "epoch": 8629
    }
  },
  "metadata": {}
}