{
  "job_type": "GPU training",
  "start_time": 1762188542.0800292,
  "end_time": 1762250989.1934428,
  "wall_clock_sec": 62447.11341357231,
  "cpu_percent_avg": 7.364107485604606,
  "cpu_percent_peak": 10.2,
  "ram_used_MB_avg": 9536.211458948177,
  "ram_used_MB_peak": 11616.845824,
  "gpu_util_avg": 0.0,
  "gpu_util_peak": 0.0,
  "gpu_mem_MB_avg": 477.822976,
  "gpu_mem_MB_peak": 477.822976,
  "gpu": {
    "enabled": true,
    "index": 0,
    "name": "NVIDIA GeForce RTX 3090",
    "mem_total_MB": 25769.803776,
    "samples": 521
  },
  "samples": 521,
  "interval_sec": 120.0,
  "runtime": {
    "initial": {
      "epoch": 0
    },
    "current": {
      "epoch": 2765
    }
  },
  "metadata": {}
}