{
  "job_type": "GPU training",
  "start_time": 1765182216.7349212,
  "end_time": 1765199982.3669887,
  "wall_clock_sec": 17765.63206744194,
  "cpu_percent_avg": 20.98859060402685,
  "cpu_percent_peak": 27.2,
  "ram_used_MB_avg": 49713.141196456374,
  "ram_used_MB_peak": 80143.548416,
  "gpu_util_avg": 73.51006711409396,
  "gpu_util_peak": 98.0,
  "gpu_mem_MB_avg": 16302.577017986534,
  "gpu_mem_MB_peak": 16410.411008,
  "gpu": {
    "enabled": true,
    "index": 0,
    "name": "NVIDIA GeForce RTX 3090",
    "mem_total_MB": 25769.803776,
    "samples": 149
  },
  "samples": 149,
  "interval_sec": 120.0,
  "runtime": {
    "initial": {
      "epoch": 6000
    },
    "current": {
      "epoch": 6833
    }
  },
  "metadata": {}
}