{
  "job_type": "GPU training",
  "start_time": 1763413700.7799895,
  "end_time": 1763514378.743613,
  "wall_clock_sec": 100677.96362352371,
  "cpu_percent_avg": 2.5475961538461624,
  "cpu_percent_peak": 7.1,
  "ram_used_MB_avg": 213997.61220430737,
  "ram_used_MB_peak": 296640.548864,
  "gpu_util_avg": 1.6382211538461537,
  "gpu_util_peak": 97.0,
  "gpu_mem_MB_avg": 395.30338461538764,
  "gpu_mem_MB_peak": 1152.909312,
  "gpu": {
    "enabled": true,
    "index": 0,
    "name": "Quadro RTX 6000",
    "mem_total_MB": 25769.803776,
    "samples": 832
  },
  "samples": 832,
  "interval_sec": 120.0,
  "runtime": {
    "initial": {
      "idx": 0
    },
    "current": {
      "idx": 59
    }
  },
  "metadata": {}
}