{
  "job_type": "GPU training",
  "start_time": 1765038557.8406148,
  "end_time": 1765191049.7656426,
  "wall_clock_sec": 152491.9250278473,
  "cpu_percent_avg": 18.774803149606047,
  "cpu_percent_peak": 25.4,
  "ram_used_MB_avg": 41829.9686621732,
  "ram_used_MB_peak": 54469.808128,
  "gpu_util_avg": 28.58267716535433,
  "gpu_util_peak": 100.0,
  "gpu_mem_MB_avg": 6494.98212464871,
  "gpu_mem_MB_peak": 25699.680256,
  "gpu": {
    "enabled": true,
    "index": 0,
    "name": "NVIDIA GeForce RTX 3090",
    "mem_total_MB": 25769.803776,
    "samples": 1270
  },
  "samples": 1270,
  "interval_sec": 120.0,
  "runtime": {
    "initial": {
      "epoch": 0
    },
    "current": {
      "epoch": 5796
    }
  },
  "metadata": {}
}