{
  "job_type": "GPU training",
  "start_time": 1765193064.6852126,
  "end_time": 1765200030.895776,
  "wall_clock_sec": 6966.210563421249,
  "cpu_percent_avg": 18.554237288135585,
  "cpu_percent_peak": 26.8,
  "ram_used_MB_avg": 55513.12896000004,
  "ram_used_MB_peak": 70357.62688,
  "gpu_util_avg": 72.94915254237289,
  "gpu_util_peak": 98.0,
  "gpu_mem_MB_avg": 16410.411008000017,
  "gpu_mem_MB_peak": 16410.411008,
  "gpu": {
    "enabled": true,
    "index": 0,
    "name": "NVIDIA GeForce RTX 3090",
    "mem_total_MB": 25769.803776,
    "samples": 59
  },
  "samples": 59,
  "interval_sec": 120.0,
  "runtime": {
    "initial": {
      "epoch": 5885
    },
    "current": {
      "epoch": 6693
    }
  },
  "metadata": {}
}