{
  "job_type": "GPU training",
  "start_time": 1763428879.871705,
  "end_time": 1763461841.3238964,
  "wall_clock_sec": 32961.452191352844,
  "cpu_percent_avg": 9.993454545454545,
  "cpu_percent_peak": 10.2,
  "ram_used_MB_avg": 12166.480169890909,
  "ram_used_MB_peak": 12447.289344,
  "gpu_util_avg": 81.76727272727273,
  "gpu_util_peak": 100.0,
  "gpu_mem_MB_avg": 11697.859282385454,
  "gpu_mem_MB_peak": 11738.80832,
  "gpu": {
    "enabled": true,
    "index": 0,
    "name": "NVIDIA GeForce RTX 3090",
    "mem_total_MB": 25769.803776,
    "samples": 275
  },
  "samples": 275,
  "interval_sec": 120.0,
  "runtime": {
    "initial": {
      "epoch": 0
    },
    "current": {
      "epoch": 1035
    }
  },
  "metadata": {}
}