{
  "job_type": "GPU training",
  "start_time": 1760951086.2727473,
  "end_time": 1760960089.6459458,
  "wall_clock_sec": 9003.373198509216,
  "cpu_percent_avg": 10.571052631578947,
  "cpu_percent_peak": 50.0,
  "ram_used_MB_avg": 24225.738213052635,
  "ram_used_MB_peak": 24382.521344,
  "gpu_util_avg": 82.5657894736842,
  "gpu_util_peak": 99.0,
  "gpu_mem_MB_avg": 3906.341402947369,
  "gpu_mem_MB_peak": 3952.082944,
  "gpu": {
    "enabled": true,
    "index": 0,
    "name": "NVIDIA GeForce RTX 3090",
    "mem_total_MB": 25769.803776,
    "samples": 76
  },
  "samples": 76,
  "interval_sec": 120.0,
  "runtime": {
    "initial": {
      "epoch": 0
    },
    "current": {
      "epoch": 150
    }
  },
  "metadata": {}
}