{
  "job_type": "GPU training",
  "start_time": 1764869600.8481305,
  "end_time": 1764926225.3384216,
  "wall_clock_sec": 56624.49029111862,
  "cpu_percent_avg": 9.79343220338983,
  "cpu_percent_peak": 11.0,
  "ram_used_MB_avg": 12401.261628745762,
  "ram_used_MB_peak": 12985.30304,
  "gpu_util_avg": 81.59745762711864,
  "gpu_util_peak": 100.0,
  "gpu_mem_MB_avg": 15898.089992677964,
  "gpu_mem_MB_peak": 16870.539264,
  "gpu": {
    "enabled": true,
    "index": 0,
    "name": "NVIDIA GeForce RTX 3090",
    "mem_total_MB": 25769.803776,
    "samples": 472
  },
  "samples": 472,
  "interval_sec": 120.0,
  "runtime": {
    "initial": {
      "epoch": 22
    },
    "current": {
      "epoch": 1453
    }
  },
  "metadata": {}
}