{
  "job_type": "GPU training",
  "start_time": 1760904576.0659752,
  "end_time": 1760947583.9934156,
  "wall_clock_sec": 43007.92744040489,
  "cpu_percent_avg": 7.657262569832401,
  "cpu_percent_peak": 33.3,
  "ram_used_MB_avg": 21848.936676826816,
  "ram_used_MB_peak": 22102.298624,
  "gpu_util_avg": 71.96927374301676,
  "gpu_util_peak": 100.0,
  "gpu_mem_MB_avg": 4738.081454480447,
  "gpu_mem_MB_peak": 4830.789632,
  "gpu": {
    "enabled": true,
    "index": 0,
    "name": "NVIDIA GeForce RTX 3090",
    "mem_total_MB": 25769.803776,
    "samples": 358
  },
  "samples": 358,
  "interval_sec": 120.0,
  "runtime": {
    "initial": {
      "epoch": 0
    },
    "current": {
      "epoch": 1279
    }
  },
  "metadata": {}
}