{
  "job_type": "GPU training",
  "start_time": 1763391469.064308,
  "end_time": 1763401702.8561635,
  "wall_clock_sec": 10233.791855573654,
  "cpu_percent_avg": 5.795402298850574,
  "cpu_percent_peak": 6.6,
  "ram_used_MB_avg": 174384.10662547124,
  "ram_used_MB_peak": 179160.338432,
  "gpu_util_avg": 25.436781609195403,
  "gpu_util_peak": 93.0,
  "gpu_mem_MB_avg": 4053.5115799540217,
  "gpu_mem_MB_peak": 8874.622976,
  "gpu": {
    "enabled": true,
    "index": 0,
    "name": "Quadro RTX 6000",
    "mem_total_MB": 25769.803776,
    "samples": 87
  },
  "samples": 87,
  "interval_sec": 120.0,
  "runtime": {
    "initial": {
      "idx": 0
    },
    "current": {
      "idx": 59
    }
  },
  "metadata": {}
}