{
  "job_type": "GPU training",
  "start_time": 1762900478.455957,
  "end_time": 1762905530.337361,
  "wall_clock_sec": 5051.881404161453,
  "cpu_percent_avg": 8.534883720930232,
  "cpu_percent_peak": 10.3,
  "ram_used_MB_avg": 9256.576785860465,
  "ram_used_MB_peak": 13273.78432,
  "gpu_util_avg": 30.953488372093023,
  "gpu_util_peak": 99.0,
  "gpu_mem_MB_avg": 2646.354348651163,
  "gpu_mem_MB_peak": 2697.986048,
  "gpu": {
    "enabled": true,
    "index": 0,
    "name": "NVIDIA GeForce RTX 3090",
    "mem_total_MB": 25769.803776,
    "samples": 43
  },
  "samples": 43,
  "interval_sec": 120.0,
  "runtime": {
    "initial": {
      "epoch": 0
    },
    "current": {
      "epoch": 743
    }
  },
  "metadata": {}
}