{
  "job_type": "GPU training",
  "start_time": 1765038492.3069897,
  "end_time": 1765194608.4549134,
  "wall_clock_sec": 156116.14792370796,
  "cpu_percent_avg": 18.888153846153603,
  "cpu_percent_peak": 27.9,
  "ram_used_MB_avg": 42017.18726340929,
  "ram_used_MB_peak": 56931.516416,
  "gpu_util_avg": 29.72,
  "gpu_util_peak": 100.0,
  "gpu_mem_MB_avg": 6720.331347495287,
  "gpu_mem_MB_peak": 25699.680256,
  "gpu": {
    "enabled": true,
    "index": 0,
    "name": "NVIDIA GeForce RTX 3090",
    "mem_total_MB": 25769.803776,
    "samples": 1300
  },
  "samples": 1300,
  "interval_sec": 120.0,
  "runtime": {
    "initial": {
      "epoch": 0
    },
    "current": {
      "epoch": 5943
    }
  },
  "metadata": {}
}