{
  "job_type": "GPU training",
  "start_time": 1763376566.6352017,
  "end_time": 1763382276.1835558,
  "wall_clock_sec": 5709.548354148865,
  "cpu_percent_avg": 9.399999999999999,
  "cpu_percent_peak": 10.7,
  "ram_used_MB_avg": 262720.28654933325,
  "ram_used_MB_peak": 270342.414336,
  "gpu_util_avg": 55.979166666666664,
  "gpu_util_peak": 92.0,
  "gpu_mem_MB_avg": 5466.794666666664,
  "gpu_mem_MB_peak": 9073.852416,
  "gpu": {
    "enabled": true,
    "index": 0,
    "name": "Quadro RTX 6000",
    "mem_total_MB": 25769.803776,
    "samples": 48
  },
  "samples": 48,
  "interval_sec": 120.0,
  "runtime": {
    "initial": {
      "idx": 0
    },
    "current": {
      "idx": 3
    }
  },
  "metadata": {}
}