{
  "job_type": "GPU training",
  "start_time": 1764872882.0721407,
  "end_time": 1764955989.4442601,
  "wall_clock_sec": 83107.37211942673,
  "cpu_percent_avg": 10.080463096960925,
  "cpu_percent_peak": 11.0,
  "ram_used_MB_avg": 12553.780240301014,
  "ram_used_MB_peak": 13051.265024,
  "gpu_util_avg": 85.89435600578871,
  "gpu_util_peak": 100.0,
  "gpu_mem_MB_avg": 16870.539264,
  "gpu_mem_MB_peak": 16870.539264,
  "gpu": {
    "enabled": true,
    "index": 0,
    "name": "NVIDIA GeForce RTX 3090",
    "mem_total_MB": 25769.803776,
    "samples": 691
  },
  "samples": 691,
  "interval_sec": 120.0,
  "runtime": {
    "initial": {
      "epoch": 0
    },
    "current": {
      "epoch": 3269
    }
  },
  "metadata": {}
}