{
  "job_type": "GPU training",
  "start_time": 1762478236.1953135,
  "end_time": 1762493602.7498183,
  "wall_clock_sec": 15366.554504871368,
  "cpu_percent_avg": 9.973643410852713,
  "cpu_percent_peak": 10.2,
  "ram_used_MB_avg": 15011.70480024806,
  "ram_used_MB_peak": 16271.81056,
  "gpu_util_avg": 80.53488372093024,
  "gpu_util_peak": 100.0,
  "gpu_mem_MB_avg": 18270.840879627907,
  "gpu_mem_MB_peak": 18409.848832,
  "gpu": {
    "enabled": true,
    "index": 0,
    "name": "NVIDIA GeForce RTX 3090",
    "mem_total_MB": 25769.803776,
    "samples": 129
  },
  "samples": 129,
  "interval_sec": 120.0,
  "runtime": {
    "initial": {
      "epoch": 0
    },
    "current": {
      "epoch": 781
    }
  },
  "metadata": {}
}