{
  "job_type": "GPU training",
  "start_time": 1764236235.6160767,
  "end_time": 1764333195.2330053,
  "wall_clock_sec": 96959.61692857742,
  "cpu_percent_avg": 7.158590852904821,
  "cpu_percent_peak": 15.4,
  "ram_used_MB_avg": 224897.12234450423,
  "ram_used_MB_peak": 351900.565504,
  "gpu_util_avg": 94.58590852904821,
  "gpu_util_peak": 100.0,
  "gpu_mem_MB_avg": 20022.31310176544,
  "gpu_mem_MB_peak": 20025.18016,
  "gpu": {
    "enabled": true,
    "index": 0,
    "name": "Quadro RTX 6000",
    "mem_total_MB": 25769.803776,
    "samples": 809
  },
  "samples": 809,
  "interval_sec": 120.0,
  "runtime": {
    "initial": {
      "idx": 0
    },
    "current": {
      "idx": 59
    }
  },
  "metadata": {}
}