{
  "job_type": "GPU training",
  "start_time": 1762891336.5659592,
  "end_time": 1762975068.3665142,
  "wall_clock_sec": 83731.80055499077,
  "cpu_percent_avg": 3.6633762517882693,
  "cpu_percent_peak": 12.5,
  "ram_used_MB_avg": 147461.676557917,
  "ram_used_MB_peak": 232147.357696,
  "gpu_util_avg": 95.96995708154506,
  "gpu_util_peak": 100.0,
  "gpu_mem_MB_avg": 19710.438035227668,
  "gpu_mem_MB_peak": 20530.593792,
  "gpu": {
    "enabled": true,
    "index": 0,
    "name": "Quadro RTX 6000",
    "mem_total_MB": 25769.803776,
    "samples": 699
  },
  "samples": 699,
  "interval_sec": 120.0,
  "runtime": {
    "initial": {
      "idx": 0
    },
    "current": {
      "idx": 49
    }
  },
  "metadata": {}
}