{
  "job_type": "GPU training",
  "start_time": 1762887670.594666,
  "end_time": 1762905195.2947192,
  "wall_clock_sec": 17524.700053215027,
  "cpu_percent_avg": 4.6190476190476195,
  "cpu_percent_peak": 7.1,
  "ram_used_MB_avg": 200460.50138209522,
  "ram_used_MB_peak": 209814.704128,
  "gpu_util_avg": 20.435374149659864,
  "gpu_util_peak": 31.0,
  "gpu_mem_MB_avg": 1620.43154459864,
  "gpu_mem_MB_peak": 3258.44992,
  "gpu": {
    "enabled": true,
    "index": 0,
    "name": "Quadro RTX 6000",
    "mem_total_MB": 25769.803776,
    "samples": 147
  },
  "samples": 147,
  "interval_sec": 120.0,
  "runtime": {
    "initial": {
      "idx": 0
    },
    "current": {
      "idx": 10
    }
  },
  "metadata": {}
}