{
  "job_type": "GPU training",
  "start_time": 1761303717.1997745,
  "end_time": 1761320043.1307948,
  "wall_clock_sec": 16325.931020259857,
  "cpu_percent_avg": 10.008759124087591,
  "cpu_percent_peak": 10.8,
  "ram_used_MB_avg": 23558.08106510949,
  "ram_used_MB_peak": 23851.261952,
  "gpu_util_avg": 78.7956204379562,
  "gpu_util_peak": 100.0,
  "gpu_mem_MB_avg": 8367.297319240877,
  "gpu_mem_MB_peak": 8425.30816,
  "gpu": {
    "enabled": true,
    "index": 0,
    "name": "NVIDIA GeForce RTX 3090",
    "mem_total_MB": 25769.803776,
    "samples": 137
  },
  "samples": 137,
  "interval_sec": 120.0,
  "runtime": {
    "initial": {
      "epoch": 0
    },
    "current": {
      "epoch": 597
    }
  },
  "metadata": {}
}