{
  "job_type": "GPU training",
  "start_time": 1765229575.6803713,
  "end_time": 1765238098.0425293,
  "wall_clock_sec": 8522.362158060074,
  "cpu_percent_avg": 22.111111111111107,
  "cpu_percent_peak": 40.9,
  "ram_used_MB_avg": 41983.45705244444,
  "ram_used_MB_peak": 43533.242368,
  "gpu_util_avg": 76.36111111111111,
  "gpu_util_peak": 98.0,
  "gpu_mem_MB_avg": 16410.411008000006,
  "gpu_mem_MB_peak": 16410.411008,
  "gpu": {
    "enabled": true,
    "index": 0,
    "name": "NVIDIA GeForce RTX 3090",
    "mem_total_MB": 25769.803776,
    "samples": 72
  },
  "samples": 72,
  "interval_sec": 120.0,
  "runtime": {
    "initial": {
      "epoch": 10000
    },
    "current": {
      "epoch": 11639
    }
  },
  "metadata": {}
}