{
  "job_type": "GPU training",
  "start_time": 1762888611.3504267,
  "end_time": 1762905053.4177842,
  "wall_clock_sec": 16442.06735754013,
  "cpu_percent_avg": 5.576086956521741,
  "cpu_percent_peak": 6.7,
  "ram_used_MB_avg": 367155.26434875344,
  "ram_used_MB_peak": 410981.08928,
  "gpu_util_avg": 15.666666666666666,
  "gpu_util_peak": 17.0,
  "gpu_mem_MB_avg": 626.5241600000007,
  "gpu_mem_MB_peak": 626.52416,
  "gpu": {
    "enabled": true,
    "index": 0,
    "name": "Quadro RTX 6000",
    "mem_total_MB": 25769.803776,
    "samples": 138
  },
  "samples": 138,
  "interval_sec": 120.0,
  "runtime": {
    "initial": {
      "idx": 0
    },
    "current": {
      "idx": 10
    }
  },
  "metadata": {}
}