{
  "job_type": "GPU training",
  "start_time": 1765122696.7888474,
  "end_time": 1765219101.3258872,
  "wall_clock_sec": 96404.53703975677,
  "cpu_percent_avg": 9.133915211970073,
  "cpu_percent_peak": 11.1,
  "ram_used_MB_avg": 11476.660683650873,
  "ram_used_MB_peak": 13359.136768,
  "gpu_util_avg": 77.93266832917706,
  "gpu_util_peak": 100.0,
  "gpu_mem_MB_avg": 7774.469490274313,
  "gpu_mem_MB_peak": 11917.06624,
  "gpu": {
    "enabled": true,
    "index": 0,
    "name": "NVIDIA GeForce RTX 3090",
    "mem_total_MB": 25769.803776,
    "samples": 802
  },
  "samples": 802,
  "interval_sec": 120.0,
  "runtime": {
    "initial": {
      "epoch": 0
    },
    "current": {
      "epoch": 4070
    }
  },
  "metadata": {}
}