{
  "job_type": "GPU training",
  "start_time": 1762877985.8661346,
  "end_time": 1762877992.0745652,
  "wall_clock_sec": 6.208430528640747,
  "cpu_percent_avg": 5.25,
  "cpu_percent_peak": 6.3,
  "ram_used_MB_avg": 330428.74163199996,
  "ram_used_MB_peak": 330854.436864,
  "gpu_util_avg": 100.0,
  "gpu_util_peak": 100.0,
  "gpu_mem_MB_avg": 25263.865856,
  "gpu_mem_MB_peak": 25263.865856,
  "gpu": {
    "enabled": true,
    "index": 0,
    "name": "Quadro RTX 6000",
    "mem_total_MB": 25769.803776,
    "samples": 2
  },
  "samples": 2,
  "interval_sec": 120.0,
  "runtime": {
    "initial": {
      "idx": 0
    },
    "current": {
      "idx": 0
    }
  },
  "metadata": {}
}