{
  "job_type": "GPU training",
  "start_time": 1762868261.7889001,
  "end_time": 1762868261.9143841,
  "wall_clock_sec": 0.12548398971557617,
  "cpu_percent_avg": 6.4,
  "cpu_percent_peak": 7.1,
  "ram_used_MB_avg": 184427.40531200002,
  "ram_used_MB_peak": 184548.302848,
  "gpu_util_avg": 11.0,
  "gpu_util_peak": 11.0,
  "gpu_mem_MB_avg": 1087.8975999999998,
  "gpu_mem_MB_peak": 1110.966272,
  "gpu": {
    "enabled": true,
    "index": 0,
    "name": "Quadro RTX 6000",
    "mem_total_MB": 25769.803776,
    "samples": 2
  },
  "samples": 2,
  "interval_sec": 120.0,
  "runtime": {
    "initial": null,
    "current": null
  },
  "metadata": {}
}