{
  "job_type": "GPU training",
  "start_time": 1764008579.5148418,
  "end_time": 1764057593.1357899,
  "wall_clock_sec": 49013.62094807625,
  "cpu_percent_avg": 10.069117647058823,
  "cpu_percent_peak": 10.6,
  "ram_used_MB_avg": 12882.118605803922,
  "ram_used_MB_peak": 13404.708864,
  "gpu_util_avg": 83.36764705882354,
  "gpu_util_peak": 100.0,
  "gpu_mem_MB_avg": 11738.80832,
  "gpu_mem_MB_peak": 11738.80832,
  "gpu": {
    "enabled": true,
    "index": 0,
    "name": "NVIDIA GeForce RTX 3090",
    "mem_total_MB": 25769.803776,
    "samples": 408
  },
  "samples": 408,
  "interval_sec": 120.0,
  "runtime": {
    "initial": {
      "epoch": 0
    },
    "current": {
      "epoch": 1896
    }
  },
  "metadata": {}
}