{
  "job_type": "GPU training",
  "start_time": 1765038389.7440028,
  "end_time": 1765191007.3176913,
  "wall_clock_sec": 152617.57368850708,
  "cpu_percent_avg": 18.75916601101471,
  "cpu_percent_peak": 28.0,
  "ram_used_MB_avg": 41806.66129845476,
  "ram_used_MB_peak": 54390.53824,
  "gpu_util_avg": 28.447678992918963,
  "gpu_util_peak": 100.0,
  "gpu_mem_MB_avg": 6510.255077412952,
  "gpu_mem_MB_peak": 25699.680256,
  "gpu": {
    "enabled": true,
    "index": 0,
    "name": "NVIDIA GeForce RTX 3090",
    "mem_total_MB": 25769.803776,
    "samples": 1271
  },
  "samples": 1271,
  "interval_sec": 120.0,
  "runtime": {
    "initial": {
      "epoch": 0
    },
    "current": {
      "epoch": 5831
    }
  },
  "metadata": {}
}