{
  "job_type": "GPU training",
  "start_time": 1762900505.0013769,
  "end_time": 1762915421.706874,
  "wall_clock_sec": 14916.705497026443,
  "cpu_percent_avg": 9.464,
  "cpu_percent_peak": 10.5,
  "ram_used_MB_avg": 10612.644511744,
  "ram_used_MB_peak": 13514.760192,
  "gpu_util_avg": 32.648,
  "gpu_util_peak": 99.0,
  "gpu_mem_MB_avg": 2697.986048,
  "gpu_mem_MB_peak": 2697.986048,
  "gpu": {
    "enabled": true,
    "index": 0,
    "name": "NVIDIA GeForce RTX 3090",
    "mem_total_MB": 25769.803776,
    "samples": 125
  },
  "samples": 125,
  "interval_sec": 120.0,
  "runtime": {
    "initial": {
      "epoch": 0
    },
    "current": {
      "epoch": 1705
    }
  },
  "metadata": {}
}