{
  "job_type": "GPU training",
  "start_time": 1765035383.239901,
  "end_time": 1765106707.0655398,
  "wall_clock_sec": 71323.82563877106,
  "cpu_percent_avg": 9.421416526138279,
  "cpu_percent_peak": 10.7,
  "ram_used_MB_avg": 11813.725272067453,
  "ram_used_MB_peak": 13173.645312,
  "gpu_util_avg": 63.26981450252951,
  "gpu_util_peak": 100.0,
  "gpu_mem_MB_avg": 7751.015218509275,
  "gpu_mem_MB_peak": 16870.539264,
  "gpu": {
    "enabled": true,
    "index": 0,
    "name": "NVIDIA GeForce RTX 3090",
    "mem_total_MB": 25769.803776,
    "samples": 593
  },
  "samples": 593,
  "interval_sec": 120.0,
  "runtime": {
    "initial": {
      "epoch": 0
    },
    "current": {
      "epoch": 2538
    }
  },
  "metadata": {}
}