{
  "job_type": "GPU training",
  "start_time": 1762827490.275265,
  "end_time": 1762827850.877352,
  "wall_clock_sec": 360.602087020874,
  "cpu_percent_avg": 7.574999999999999,
  "cpu_percent_peak": 10.1,
  "ram_used_MB_avg": 10830.057472,
  "ram_used_MB_peak": 11113.066496,
  "gpu_util_avg": 47.25,
  "gpu_util_peak": 81.0,
  "gpu_mem_MB_avg": 8421.113856,
  "gpu_mem_MB_peak": 8421.113856,
  "gpu": {
    "enabled": true,
    "index": 0,
    "name": "NVIDIA GeForce RTX 3090",
    "mem_total_MB": 25769.803776,
    "samples": 4
  },
  "samples": 4,
  "interval_sec": 120.0,
  "runtime": {
    "initial": {
      "epoch": 0
    },
    "current": {
      "epoch": 41
    }
  },
  "metadata": {}
}