{
  "job_type": "GPU training",
  "start_time": 1762900505.0013769,
  "end_time": 1762903272.2927883,
  "wall_clock_sec": 2767.2914113998413,
  "cpu_percent_avg": 7.7250000000000005,
  "cpu_percent_peak": 10.1,
  "ram_used_MB_avg": 8531.437397333333,
  "ram_used_MB_peak": 10338.533376,
  "gpu_util_avg": 25.583333333333332,
  "gpu_util_peak": 51.0,
  "gpu_mem_MB_avg": 2697.986048,
  "gpu_mem_MB_peak": 2697.986048,
  "gpu": {
    "enabled": true,
    "index": 0,
    "name": "NVIDIA GeForce RTX 3090",
    "mem_total_MB": 25769.803776,
    "samples": 24
  },
  "samples": 24,
  "interval_sec": 120.0,
  "runtime": {
    "initial": {
      "epoch": 0
    },
    "current": {
      "epoch": 309
    }
  },
  "metadata": {}
}