{
  "job_type": "GPU training",
  "start_time": 1761242365.6352985,
  "end_time": 1761247647.3997896,
  "wall_clock_sec": 5281.764491081238,
  "cpu_percent_avg": 10.44,
  "cpu_percent_peak": 25.0,
  "ram_used_MB_avg": 24640.752298666666,
  "ram_used_MB_peak": 24697.298944,
  "gpu_util_avg": 95.28888888888889,
  "gpu_util_peak": 98.0,
  "gpu_mem_MB_avg": 2721.05472,
  "gpu_mem_MB_peak": 2721.05472,
  "gpu": {
    "enabled": true,
    "index": 0,
    "name": "NVIDIA GeForce RTX 3090",
    "mem_total_MB": 25769.803776,
    "samples": 45
  },
  "samples": 45,
  "interval_sec": 120.0,
  "runtime": {
    "initial": {
      "epoch": 0
    },
    "current": {
      "epoch": 266
    }
  },
  "metadata": {}
}