{
  "job_type": "GPU training",
  "start_time": 1759040754.6767235,
  "end_time": 1759096334.5928748,
  "wall_clock_sec": 55579.91615128517,
  "cpu_percent_avg": 10.071120689655173,
  "cpu_percent_peak": 33.3,
  "ram_used_MB_avg": 24722.131403034484,
  "ram_used_MB_peak": 25073.893376,
  "gpu_util_avg": 95.07543103448276,
  "gpu_util_peak": 97.0,
  "gpu_mem_MB_avg": 2479.252585931035,
  "gpu_mem_MB_peak": 2488.270848,
  "gpu": {
    "enabled": true,
    "index": 0,
    "name": "NVIDIA GeForce RTX 3090",
    "mem_total_MB": 25769.803776,
    "samples": 464
  },
  "samples": 464,
  "interval_sec": 120.0,
  "runtime": {
    "initial": {
      "epoch": 40
    },
    "current": {
      "epoch": 179
    }
  },
  "metadata": {}
}