{
  "job_type": "GPU training",
  "start_time": 1765418532.5189497,
  "end_time": 1765452428.7904348,
  "wall_clock_sec": 33896.271485090256,
  "cpu_percent_avg": 8.803191489361701,
  "cpu_percent_peak": 10.2,
  "ram_used_MB_avg": 12232.772470014184,
  "ram_used_MB_peak": 14743.32672,
  "gpu_util_avg": 71.61347517730496,
  "gpu_util_peak": 98.0,
  "gpu_mem_MB_avg": 7804.645521248227,
  "gpu_mem_MB_peak": 7856.979968,
  "gpu": {
    "enabled": true,
    "index": 0,
    "name": "NVIDIA GeForce RTX 3090",
    "mem_total_MB": 25769.803776,
    "samples": 282
  },
  "samples": 282,
  "interval_sec": 120.0,
  "runtime": {
    "initial": {
      "epoch": 0
    },
    "current": {
      "epoch": 3045
    }
  },
  "metadata": {}
}