{
  "job_type": "GPU training",
  "start_time": 1761242365.6352985,
  "end_time": 1761243926.214525,
  "wall_clock_sec": 1560.5792264938354,
  "cpu_percent_avg": 11.164285714285713,
  "cpu_percent_peak": 25.0,
  "ram_used_MB_avg": 24579.718290285713,
  "ram_used_MB_peak": 24697.298944,
  "gpu_util_avg": 96.57142857142857,
  "gpu_util_peak": 97.0,
  "gpu_mem_MB_avg": 2721.05472,
  "gpu_mem_MB_peak": 2721.05472,
  "gpu": {
    "enabled": true,
    "index": 0,
    "name": "NVIDIA GeForce RTX 3090",
    "mem_total_MB": 25769.803776,
    "samples": 14
  },
  "samples": 14,
  "interval_sec": 120.0,
  "runtime": {
    "initial": {
      "epoch": 0
    },
    "current": {
      "epoch": 78
    }
  },
  "metadata": {}
}