{
  "job_type": "GPU training",
  "start_time": 1763208860.3060024,
  "end_time": 1763306030.9221408,
  "wall_clock_sec": 97170.61613845825,
  "cpu_percent_avg": 4.022900763358771,
  "cpu_percent_peak": 9.7,
  "ram_used_MB_avg": 239698.07013455426,
  "ram_used_MB_peak": 305887.854592,
  "gpu_util_avg": 83.8384223918575,
  "gpu_util_peak": 97.0,
  "gpu_mem_MB_avg": 7538.599909944128,
  "gpu_mem_MB_peak": 8874.622976,
  "gpu": {
    "enabled": true,
    "index": 0,
    "name": "Quadro RTX 6000",
    "mem_total_MB": 25769.803776,
    "samples": 786
  },
  "samples": 786,
  "interval_sec": 120.0,
  "runtime": {
    "initial": {
      "idx": 0
    },
    "current": {
      "idx": 59
    }
  },
  "metadata": {}
}