{
  "job_type": "GPU training",
  "start_time": 1761759556.5905223,
  "end_time": 1761837864.2066085,
  "wall_clock_sec": 78307.61608624458,
  "cpu_percent_avg": 7.627871362940276,
  "cpu_percent_peak": 10.7,
  "ram_used_MB_avg": 11930.37743083614,
  "ram_used_MB_peak": 21546.037248,
  "gpu_util_avg": 83.59724349157733,
  "gpu_util_peak": 100.0,
  "gpu_mem_MB_avg": 11721.5633194732,
  "gpu_mem_MB_peak": 11738.80832,
  "gpu": {
    "enabled": true,
    "index": 0,
    "name": "NVIDIA GeForce RTX 3090",
    "mem_total_MB": 25769.803776,
    "samples": 653
  },
  "samples": 653,
  "interval_sec": 120.0,
  "runtime": {
    "initial": {
      "epoch": 0
    },
    "current": {
      "epoch": 2955
    }
  },
  "metadata": {}
}