{
  "job_type": "GPU training",
  "start_time": 1763428961.1269677,
  "end_time": 1763468187.1438243,
  "wall_clock_sec": 39226.01685667038,
  "cpu_percent_avg": 10.025076452599388,
  "cpu_percent_peak": 10.2,
  "ram_used_MB_avg": 12161.087707204892,
  "ram_used_MB_peak": 12448.260096,
  "gpu_util_avg": 81.9908256880734,
  "gpu_util_peak": 100.0,
  "gpu_mem_MB_avg": 11738.80832,
  "gpu_mem_MB_peak": 11738.80832,
  "gpu": {
    "enabled": true,
    "index": 0,
    "name": "NVIDIA GeForce RTX 3090",
    "mem_total_MB": 25769.803776,
    "samples": 327
  },
  "samples": 327,
  "interval_sec": 120.0,
  "runtime": {
    "initial": {
      "epoch": 0
    },
    "current": {
      "epoch": 2821
    }
  },
  "metadata": {}
}