{
  "job_type": "GPU training",
  "start_time": 1761303739.116708,
  "end_time": 1761339309.870713,
  "wall_clock_sec": 35570.75400495529,
  "cpu_percent_avg": 10.063299663299663,
  "cpu_percent_peak": 10.8,
  "ram_used_MB_avg": 23588.68839606734,
  "ram_used_MB_peak": 23885.9264,
  "gpu_util_avg": 78.993265993266,
  "gpu_util_peak": 100.0,
  "gpu_mem_MB_avg": 8425.301098882155,
  "gpu_mem_MB_peak": 8425.30816,
  "gpu": {
    "enabled": true,
    "index": 0,
    "name": "NVIDIA GeForce RTX 3090",
    "mem_total_MB": 25769.803776,
    "samples": 297
  },
  "samples": 297,
  "interval_sec": 120.0,
  "runtime": {
    "initial": {
      "epoch": 0
    },
    "current": {
      "epoch": 2090
    }
  },
  "metadata": {}
}