{
  "job_type": "GPU training",
  "start_time": 1765038557.8406148,
  "end_time": 1765194650.8303554,
  "wall_clock_sec": 156092.98974061012,
  "cpu_percent_avg": 18.89207692307669,
  "cpu_percent_peak": 27.1,
  "ram_used_MB_avg": 42044.72754806152,
  "ram_used_MB_peak": 58442.317824,
  "gpu_util_avg": 29.794615384615383,
  "gpu_util_peak": 100.0,
  "gpu_mem_MB_avg": 6723.799714264517,
  "gpu_mem_MB_peak": 25699.680256,
  "gpu": {
    "enabled": true,
    "index": 0,
    "name": "NVIDIA GeForce RTX 3090",
    "mem_total_MB": 25769.803776,
    "samples": 1300
  },
  "samples": 1300,
  "interval_sec": 120.0,
  "runtime": {
    "initial": {
      "epoch": 0
    },
    "current": {
      "epoch": 5933
    }
  },
  "metadata": {}
}