{
  "job_type": "GPU training",
  "start_time": 1765038462.0607822,
  "end_time": 1765191092.1277847,
  "wall_clock_sec": 152630.06700253487,
  "cpu_percent_avg": 18.770416994492294,
  "cpu_percent_peak": 26.8,
  "ram_used_MB_avg": 41800.852583930726,
  "ram_used_MB_peak": 55005.5936,
  "gpu_util_avg": 28.373721479150277,
  "gpu_util_peak": 100.0,
  "gpu_mem_MB_avg": 6506.90165546488,
  "gpu_mem_MB_peak": 25699.680256,
  "gpu": {
    "enabled": true,
    "index": 0,
    "name": "NVIDIA GeForce RTX 3090",
    "mem_total_MB": 25769.803776,
    "samples": 1271
  },
  "samples": 1271,
  "interval_sec": 120.0,
  "runtime": {
    "initial": {
      "epoch": 0
    },
    "current": {
      "epoch": 5805
    }
  },
  "metadata": {}
}