{
  "job_type": "GPU training",
  "start_time": 1765275664.150962,
  "end_time": 1765309409.4081256,
  "wall_clock_sec": 33745.25716352463,
  "cpu_percent_avg": 13.236170212765945,
  "cpu_percent_peak": 51.5,
  "ram_used_MB_avg": 51191.819561758864,
  "ram_used_MB_peak": 58101.53472,
  "gpu_util_avg": 77.0,
  "gpu_util_peak": 99.0,
  "gpu_mem_MB_avg": 16494.5817745248,
  "gpu_mem_MB_peak": 22088.384512,
  "gpu": {
    "enabled": true,
    "index": 0,
    "name": "NVIDIA GeForce RTX 3090",
    "mem_total_MB": 25769.803776,
    "samples": 282
  },
  "samples": 282,
  "interval_sec": 120.0,
  "runtime": {
    "initial": {
      "epoch": 12851
    },
    "current": {
      "epoch": 15324
    }
  },
  "metadata": {}
}