{
  "job_type": "GPU training",
  "start_time": 1763419400.0383818,
  "end_time": 1763516530.0943067,
  "wall_clock_sec": 97130.05592489243,
  "cpu_percent_avg": 4.593416149068333,
  "cpu_percent_peak": 8.6,
  "ram_used_MB_avg": 279371.94687697897,
  "ram_used_MB_peak": 334634.749952,
  "gpu_util_avg": 99.7192546583851,
  "gpu_util_peak": 100.0,
  "gpu_mem_MB_avg": 21335.092561093097,
  "gpu_mem_MB_peak": 21430.272,
  "gpu": {
    "enabled": true,
    "index": 0,
    "name": "Quadro RTX 6000",
    "mem_total_MB": 25769.803776,
    "samples": 805
  },
  "samples": 805,
  "interval_sec": 120.0,
  "runtime": {
    "initial": {
      "idx": 0
    },
    "current": {
      "idx": 59
    }
  },
  "metadata": {}
}