{
  "job_type": "GPU training",
  "start_time": 1763428879.871705,
  "end_time": 1763481325.2294357,
  "wall_clock_sec": 52445.35773062706,
  "cpu_percent_avg": 10.033867276887872,
  "cpu_percent_peak": 10.2,
  "ram_used_MB_avg": 12121.382190279177,
  "ram_used_MB_peak": 12447.289344,
  "gpu_util_avg": 81.53546910755149,
  "gpu_util_peak": 100.0,
  "gpu_mem_MB_avg": 11713.039474819223,
  "gpu_mem_MB_peak": 11738.80832,
  "gpu": {
    "enabled": true,
    "index": 0,
    "name": "NVIDIA GeForce RTX 3090",
    "mem_total_MB": 25769.803776,
    "samples": 437
  },
  "samples": 437,
  "interval_sec": 120.0,
  "runtime": {
    "initial": {
      "epoch": 0
    },
    "current": {
      "epoch": 1650
    }
  },
  "metadata": {}
}