{
  "job_type": "GPU training",
  "start_time": 1763362395.1291254,
  "end_time": 1763372158.3452814,
  "wall_clock_sec": 9763.21615600586,
  "cpu_percent_avg": 9.160240963855424,
  "cpu_percent_peak": 9.6,
  "ram_used_MB_avg": 250095.29004722883,
  "ram_used_MB_peak": 257417.650176,
  "gpu_util_avg": 60.6144578313253,
  "gpu_util_peak": 97.0,
  "gpu_mem_MB_avg": 8874.622975999995,
  "gpu_mem_MB_peak": 8874.622976,
  "gpu": {
    "enabled": true,
    "index": 0,
    "name": "Quadro RTX 6000",
    "mem_total_MB": 25769.803776,
    "samples": 83
  },
  "samples": 83,
  "interval_sec": 120.0,
  "runtime": {
    "initial": {
      "idx": 0
    },
    "current": {
      "idx": 59
    }
  },
  "metadata": {}
}