{
  "job_type": "GPU training",
  "start_time": 1765202898.5742404,
  "end_time": 1765216701.7790296,
  "wall_clock_sec": 13803.204789161682,
  "cpu_percent_avg": 8.933620689655166,
  "cpu_percent_peak": 12.6,
  "ram_used_MB_avg": 37706.07640717241,
  "ram_used_MB_peak": 40640.602112,
  "gpu_util_avg": 75.75,
  "gpu_util_peak": 98.0,
  "gpu_mem_MB_avg": 16271.900107034451,
  "gpu_mem_MB_peak": 16410.411008,
  "gpu": {
    "enabled": true,
    "index": 0,
    "name": "NVIDIA GeForce RTX 3090",
    "mem_total_MB": 25769.803776,
    "samples": 116
  },
  "samples": 116,
  "interval_sec": 120.0,
  "runtime": {
    "initial": {
      "epoch": 6968
    },
    "current": {
      "epoch": 7619
    }
  },
  "metadata": {}
}