{
  "job_type": "GPU training",
  "start_time": 1765217101.2075973,
  "end_time": 1765218901.6744485,
  "wall_clock_sec": 1800.466851234436,
  "cpu_percent_avg": 10.137500000000001,
  "cpu_percent_peak": 11.1,
  "ram_used_MB_avg": 37141.361664,
  "ram_used_MB_peak": 38223.745024,
  "gpu_util_avg": 75.875,
  "gpu_util_peak": 98.0,
  "gpu_mem_MB_avg": 16410.411008,
  "gpu_mem_MB_peak": 16410.411008,
  "gpu": {
    "enabled": true,
    "index": 0,
    "name": "NVIDIA GeForce RTX 3090",
    "mem_total_MB": 25769.803776,
    "samples": 16
  },
  "samples": 16,
  "interval_sec": 120.0,
  "runtime": {
    "initial": {
      "epoch": 8552
    },
    "current": {
      "epoch": 8685
    }
  },
  "metadata": {}
}