{
  "job_type": "GPU training",
  "start_time": 1762900527.9181721,
  "end_time": 1762902091.2360554,
  "wall_clock_sec": 1563.3178832530975,
  "cpu_percent_avg": 8.85,
  "cpu_percent_peak": 25.0,
  "ram_used_MB_avg": 8290.475446857143,
  "ram_used_MB_peak": 8398.843904,
  "gpu_util_avg": 37.07142857142857,
  "gpu_util_peak": 99.0,
  "gpu_mem_MB_avg": 2697.986048,
  "gpu_mem_MB_peak": 2697.986048,
  "gpu": {
    "enabled": true,
    "index": 0,
    "name": "NVIDIA GeForce RTX 3090",
    "mem_total_MB": 25769.803776,
    "samples": 14
  },
  "samples": 14,
  "interval_sec": 120.0,
  "runtime": {
    "initial": {
      "epoch": 0
    },
    "current": {
      "epoch": 177
    }
  },
  "metadata": {}
}