{
  "job_type": "GPU training",
  "start_time": 1763042979.9670696,
  "end_time": 1763044663.594256,
  "wall_clock_sec": 1683.6271862983704,
  "cpu_percent_avg": 7.246666666666667,
  "cpu_percent_peak": 9.2,
  "ram_used_MB_avg": 9346.238600533334,
  "ram_used_MB_peak": 10731.134976,
  "gpu_util_avg": 22.0,
  "gpu_util_peak": 29.0,
  "gpu_mem_MB_avg": 2549.9751765333335,
  "gpu_mem_MB_peak": 2697.986048,
  "gpu": {
    "enabled": true,
    "index": 0,
    "name": "NVIDIA GeForce RTX 3090",
    "mem_total_MB": 25769.803776,
    "samples": 15
  },
  "samples": 15,
  "interval_sec": 120.0,
  "runtime": {
    "initial": {
      "epoch": 0
    },
    "current": {
      "epoch": 251
    }
  },
  "metadata": {}
}