{
  "job_type": "GPU training",
  "start_time": 1764008552.7643373,
  "end_time": 1764236421.2317283,
  "wall_clock_sec": 227868.4673910141,
  "cpu_percent_avg": 10.097888067581836,
  "cpu_percent_peak": 11.0,
  "ram_used_MB_avg": 12905.223028511089,
  "ram_used_MB_peak": 13777.354752,
  "gpu_util_avg": 83.25659978880675,
  "gpu_util_peak": 100.0,
  "gpu_mem_MB_avg": 11732.86270999789,
  "gpu_mem_MB_peak": 11738.80832,
  "gpu": {
    "enabled": true,
    "index": 0,
    "name": "NVIDIA GeForce RTX 3090",
    "mem_total_MB": 25769.803776,
    "samples": 1894
  },
  "samples": 1894,
  "interval_sec": 120.0,
  "runtime": {
    "initial": {
      "epoch": 0
    },
    "current": {
      "epoch": 7269
    }
  },
  "metadata": {}
}