{
  "job_type": "GPU training",
  "start_time": 1765217101.2075973,
  "end_time": 1765228985.193218,
  "wall_clock_sec": 11883.985620737076,
  "cpu_percent_avg": 13.083000000000004,
  "cpu_percent_peak": 34.4,
  "ram_used_MB_avg": 43189.05294847998,
  "ram_used_MB_peak": 49624.80128,
  "gpu_util_avg": 78.45,
  "gpu_util_peak": 98.0,
  "gpu_mem_MB_avg": 16502.653583359977,
  "gpu_mem_MB_peak": 25634.668544,
  "gpu": {
    "enabled": true,
    "index": 0,
    "name": "NVIDIA GeForce RTX 3090",
    "mem_total_MB": 25769.803776,
    "samples": 100
  },
  "samples": 100,
  "interval_sec": 120.0,
  "runtime": {
    "initial": {
      "epoch": 8552
    },
    "current": {
      "epoch": 9427
    }
  },
  "metadata": {}
}