{
  "job_type": "GPU training",
  "start_time": 1765038389.7440028,
  "end_time": 1765181164.82372,
  "wall_clock_sec": 142775.07971715927,
  "cpu_percent_avg": 18.542052144659127,
  "cpu_percent_peak": 28.0,
  "ram_used_MB_avg": 41658.14332630446,
  "ram_used_MB_peak": 54390.53824,
  "gpu_util_avg": 25.691337258200168,
  "gpu_util_peak": 100.0,
  "gpu_mem_MB_avg": 5935.612055575975,
  "gpu_mem_MB_peak": 25699.680256,
  "gpu": {
    "enabled": true,
    "index": 0,
    "name": "NVIDIA GeForce RTX 3090",
    "mem_total_MB": 25769.803776,
    "samples": 1189
  },
  "samples": 1189,
  "interval_sec": 120.0,
  "runtime": {
    "initial": {
      "epoch": 0
    },
    "current": {
      "epoch": 5455
    }
  },
  "metadata": {}
}