{
  "job_type": "GPU training",
  "start_time": 1761303739.116708,
  "end_time": 1761313582.6467254,
  "wall_clock_sec": 9843.530017375946,
  "cpu_percent_avg": 9.975903614457831,
  "cpu_percent_peak": 10.1,
  "ram_used_MB_avg": 23554.578061879518,
  "ram_used_MB_peak": 23603.642368,
  "gpu_util_avg": 77.60240963855422,
  "gpu_util_peak": 100.0,
  "gpu_mem_MB_avg": 8425.282893108433,
  "gpu_mem_MB_peak": 8425.30816,
  "gpu": {
    "enabled": true,
    "index": 0,
    "name": "NVIDIA GeForce RTX 3090",
    "mem_total_MB": 25769.803776,
    "samples": 83
  },
  "samples": 83,
  "interval_sec": 120.0,
  "runtime": {
    "initial": {
      "epoch": 0
    },
    "current": {
      "epoch": 580
    }
  },
  "metadata": {}
}