{
  "job_type": "GPU training",
  "start_time": 1763428879.871705,
  "end_time": 1763578058.2863152,
  "wall_clock_sec": 149178.41461014748,
  "cpu_percent_avg": 9.574919354838709,
  "cpu_percent_peak": 15.1,
  "ram_used_MB_avg": 11912.082276748386,
  "ram_used_MB_peak": 19958.112256,
  "gpu_util_avg": 82.11370967741935,
  "gpu_util_peak": 100.0,
  "gpu_mem_MB_avg": 12010.850634322582,
  "gpu_mem_MB_peak": 24975.310848,
  "gpu": {
    "enabled": true,
    "index": 0,
    "name": "NVIDIA GeForce RTX 3090",
    "mem_total_MB": 25769.803776,
    "samples": 1240
  },
  "samples": 1240,
  "interval_sec": 120.0,
  "runtime": {
    "initial": {
      "epoch": 0
    },
    "current": {
      "epoch": 4609
    }
  },
  "metadata": {}
}