{
  "job_type": "GPU training",
  "start_time": 1762428211.3031864,
  "end_time": 1762428331.338715,
  "wall_clock_sec": 120.03552865982056,
  "cpu_percent_avg": 3.6,
  "cpu_percent_peak": 7.2,
  "ram_used_MB_avg": 375249.90566399996,
  "ram_used_MB_peak": 376421.474304,
  "gpu_util_avg": 27.0,
  "gpu_util_peak": 37.0,
  "gpu_mem_MB_avg": 3692.560384,
  "gpu_mem_MB_peak": 4210.556928,
  "gpu": {
    "enabled": true,
    "index": 0,
    "name": "Quadro RTX 6000",
    "mem_total_MB": 25769.803776,
    "samples": 2
  },
  "samples": 2,
  "interval_sec": 120.0,
  "runtime": {
    "initial": {
      "idx": 10
    },
    "current": {
      "idx": 10
    }
  },
  "metadata": {}
}