{
  "job_type": "GPU training",
  "start_time": 1765065624.041113,
  "end_time": 1765203584.8609087,
  "wall_clock_sec": 137960.81979584694,
  "cpu_percent_avg": 9.866085440278988,
  "cpu_percent_peak": 11.4,
  "ram_used_MB_avg": 12101.249293614646,
  "ram_used_MB_peak": 13567.823872,
  "gpu_util_avg": 85.66782911944202,
  "gpu_util_peak": 100.0,
  "gpu_mem_MB_avg": 8407.902609743678,
  "gpu_mem_MB_peak": 8414.8224,
  "gpu": {
    "enabled": true,
    "index": 0,
    "name": "NVIDIA GeForce RTX 3090",
    "mem_total_MB": 25769.803776,
    "samples": 1147
  },
  "samples": 1147,
  "interval_sec": 120.0,
  "runtime": {
    "initial": {
      "epoch": 0
    },
    "current": {
      "epoch": 5761
    }
  },
  "metadata": {}
}