{
  "job_type": "GPU training",
  "start_time": 1762895483.2429469,
  "end_time": 1762895964.2865908,
  "wall_clock_sec": 481.043643951416,
  "cpu_percent_avg": 5.779999999999999,
  "cpu_percent_peak": 7.6,
  "ram_used_MB_avg": 7542.4800768000005,
  "ram_used_MB_peak": 8382.0544,
  "gpu_util_avg": 16.4,
  "gpu_util_peak": 32.0,
  "gpu_mem_MB_avg": 1809.9208192,
  "gpu_mem_MB_peak": 2697.986048,
  "gpu": {
    "enabled": true,
    "index": 0,
    "name": "NVIDIA GeForce RTX 3090",
    "mem_total_MB": 25769.803776,
    "samples": 5
  },
  "samples": 5,
  "interval_sec": 120.0,
  "runtime": {
    "initial": {
      "epoch": 2593
    },
    "current": {
      "epoch": 2635
    }
  },
  "metadata": {}
}