{
  "job_type": "GPU training",
  "start_time": 1763322551.324421,
  "end_time": 1763332472.0205688,
  "wall_clock_sec": 9920.696147918701,
  "cpu_percent_avg": 9.207228915662654,
  "cpu_percent_peak": 14.3,
  "ram_used_MB_avg": 246715.69234043366,
  "ram_used_MB_peak": 261219.192832,
  "gpu_util_avg": 53.83132530120482,
  "gpu_util_peak": 97.0,
  "gpu_mem_MB_avg": 8874.622975999995,
  "gpu_mem_MB_peak": 8874.622976,
  "gpu": {
    "enabled": true,
    "index": 0,
    "name": "Quadro RTX 6000",
    "mem_total_MB": 25769.803776,
    "samples": 83
  },
  "samples": 83,
  "interval_sec": 120.0,
  "runtime": {
    "initial": {
      "idx": 0
    },
    "current": {
      "idx": 59
    }
  },
  "metadata": {}
}