{
  "job_type": "GPU training",
  "start_time": 1761223096.4907696,
  "end_time": 1761228138.1732333,
  "wall_clock_sec": 5041.682463645935,
  "cpu_percent_avg": 9.82093023255814,
  "cpu_percent_peak": 10.1,
  "ram_used_MB_avg": 23975.27559144186,
  "ram_used_MB_peak": 24174.739456,
  "gpu_util_avg": 94.06976744186046,
  "gpu_util_peak": 98.0,
  "gpu_mem_MB_avg": 2668.8377689302324,
  "gpu_mem_MB_peak": 2721.05472,
  "gpu": {
    "enabled": true,
    "index": 0,
    "name": "NVIDIA GeForce RTX 3090",
    "mem_total_MB": 25769.803776,
    "samples": 43
  },
  "samples": 43,
  "interval_sec": 120.0,
  "runtime": {
    "initial": {
      "epoch": 0
    },
    "current": {
      "epoch": 308
    }
  },
  "metadata": {}
}