{
  "job_type": "GPU training",
  "start_time": 1762609135.3002863,
  "end_time": 1762609615.3868985,
  "wall_clock_sec": 480.08661222457886,
  "cpu_percent_avg": 10.14,
  "cpu_percent_peak": 11.0,
  "ram_used_MB_avg": 385160.26327040006,
  "ram_used_MB_peak": 389127.18848,
  "gpu_util_avg": 0.0,
  "gpu_util_peak": 0.0,
  "gpu_mem_MB_avg": 716.701696,
  "gpu_mem_MB_peak": 716.701696,
  "gpu": {
    "enabled": true,
    "index": 0,
    "name": "Quadro RTX 6000",
    "mem_total_MB": 25769.803776,
    "samples": 5
  },
  "samples": 5,
  "interval_sec": 120.0,
  "runtime": {
    "initial": {
      "idx": 39
    },
    "current": {
      "idx": 41
    }
  },
  "metadata": {}
}