{
  "job_type": "GPU training",
  "start_time": 1764870817.8394418,
  "end_time": 1764946702.929213,
  "wall_clock_sec": 75885.08977127075,
  "cpu_percent_avg": 11.155924170616094,
  "cpu_percent_peak": 17.2,
  "ram_used_MB_avg": 36966.608747172235,
  "ram_used_MB_peak": 51851.0592,
  "gpu_util_avg": 78.61453396524486,
  "gpu_util_peak": 100.0,
  "gpu_mem_MB_avg": 21625.1636401136,
  "gpu_mem_MB_peak": 25699.680256,
  "gpu": {
    "enabled": true,
    "index": 0,
    "name": "NVIDIA GeForce RTX 3090",
    "mem_total_MB": 25769.803776,
    "samples": 633
  },
  "samples": 633,
  "interval_sec": 120.0,
  "runtime": {
    "initial": {
      "epoch": 0
    },
    "current": {
      "epoch": 3431
    }
  },
  "metadata": {}
}