{
  "job_type": "GPU training",
  "start_time": 1761303717.1997745,
  "end_time": 1761349215.7244227,
  "wall_clock_sec": 45498.524648189545,
  "cpu_percent_avg": 10.07,
  "cpu_percent_peak": 10.8,
  "ram_used_MB_avg": 23585.868778442105,
  "ram_used_MB_peak": 23851.261952,
  "gpu_util_avg": 78.6421052631579,
  "gpu_util_peak": 100.0,
  "gpu_mem_MB_avg": 8404.393725305265,
  "gpu_mem_MB_peak": 8425.30816,
  "gpu": {
    "enabled": true,
    "index": 0,
    "name": "NVIDIA GeForce RTX 3090",
    "mem_total_MB": 25769.803776,
    "samples": 380
  },
  "samples": 380,
  "interval_sec": 120.0,
  "runtime": {
    "initial": {
      "epoch": 0
    },
    "current": {
      "epoch": 1677
    }
  },
  "metadata": {}
}