{
  "job_type": "GPU training",
  "start_time": 1763082334.4227407,
  "end_time": 1763083054.5609508,
  "wall_clock_sec": 720.1382100582123,
  "cpu_percent_avg": 3.528571428571428,
  "cpu_percent_peak": 4.2,
  "ram_used_MB_avg": 133965.1428937143,
  "ram_used_MB_peak": 135353.397248,
  "gpu_util_avg": 85.71428571428571,
  "gpu_util_peak": 100.0,
  "gpu_mem_MB_avg": 10212.605952,
  "gpu_mem_MB_peak": 11850.481664,
  "gpu": {
    "enabled": true,
    "index": 0,
    "name": "Quadro RTX 6000",
    "mem_total_MB": 25769.803776,
    "samples": 7
  },
  "samples": 7,
  "interval_sec": 120.0,
  "runtime": {
    "initial": {
      "idx": 0
    },
    "current": {
      "idx": 4
    }
  },
  "metadata": {}
}