{
  "job_type": "GPU training",
  "start_time": 1765325150.0089378,
  "end_time": 1765365599.015759,
  "wall_clock_sec": 40449.00682115555,
  "cpu_percent_avg": 10.028698224852086,
  "cpu_percent_peak": 12.7,
  "ram_used_MB_avg": 30739.78650357399,
  "ram_used_MB_peak": 37268.29568,
  "gpu_util_avg": 76.20118343195266,
  "gpu_util_peak": 99.0,
  "gpu_mem_MB_avg": 16362.87472246158,
  "gpu_mem_MB_peak": 16410.411008,
  "gpu": {
    "enabled": true,
    "index": 0,
    "name": "NVIDIA GeForce RTX 3090",
    "mem_total_MB": 25769.803776,
    "samples": 338
  },
  "samples": 338,
  "interval_sec": 120.0,
  "runtime": {
    "initial": {
      "epoch": 12745
    },
    "current": {
      "epoch": 14666
    }
  },
  "metadata": {}
}