{
  "job_type": "GPU training",
  "start_time": 1763073824.0194879,
  "end_time": 1763081989.5193548,
  "wall_clock_sec": 8165.499866962433,
  "cpu_percent_avg": 6.904285714285715,
  "cpu_percent_peak": 13.3,
  "ram_used_MB_avg": 252766.8446354286,
  "ram_used_MB_peak": 282960.019456,
  "gpu_util_avg": 19.728571428571428,
  "gpu_util_peak": 30.0,
  "gpu_mem_MB_avg": 1557.3001362285722,
  "gpu_mem_MB_peak": 2790.785024,
  "gpu": {
    "enabled": true,
    "index": 0,
    "name": "Quadro RTX 6000",
    "mem_total_MB": 25769.803776,
    "samples": 70
  },
  "samples": 70,
  "interval_sec": 120.0,
  "runtime": {
    "initial": {
      "idx": 0
    },
    "current": {
      "idx": 49
    }
  },
  "metadata": {}
}