{
  "job_type": "GPU training",
  "start_time": 1763150642.5764177,
  "end_time": 1763247973.888803,
  "wall_clock_sec": 97331.31238532066,
  "cpu_percent_avg": 7.525250000000001,
  "cpu_percent_peak": 14.3,
  "ram_used_MB_avg": 311418.2917990401,
  "ram_used_MB_peak": 390057.889792,
  "gpu_util_avg": 99.49375,
  "gpu_util_peak": 100.0,
  "gpu_mem_MB_avg": 20750.472314879786,
  "gpu_mem_MB_peak": 20775.960576,
  "gpu": {
    "enabled": true,
    "index": 0,
    "name": "Quadro RTX 6000",
    "mem_total_MB": 25769.803776,
    "samples": 800
  },
  "samples": 800,
  "interval_sec": 120.0,
  "runtime": {
    "initial": {
      "idx": 0
    },
    "current": {
      "idx": 59
    }
  },
  "metadata": {}
}