{
  "job_type": "GPU training",
  "start_time": 1761070270.4618366,
  "end_time": 1761070510.5403173,
  "wall_clock_sec": 240.07848072052002,
  "cpu_percent_avg": 3.2999999999999994,
  "cpu_percent_peak": 5.1,
  "ram_used_MB_avg": 19291.048618666668,
  "ram_used_MB_peak": 20244.340736,
  "gpu_util_avg": 0.0,
  "gpu_util_peak": 0.0,
  "gpu_mem_MB_avg": 477.822976,
  "gpu_mem_MB_peak": 477.822976,
  "gpu": {
    "enabled": true,
    "index": 0,
    "name": "NVIDIA GeForce RTX 3090",
    "mem_total_MB": 25769.803776,
    "samples": 3
  },
  "samples": 3,
  "interval_sec": 120.0,
  "runtime": {
    "initial": {
      "epoch": 0
    },
    "current": {
      "epoch": 5
    }
  },
  "metadata": {}
}