{
  "job_type": "GPU training",
  "start_time": 1765240614.3654046,
  "end_time": 1765240868.2464054,
  "wall_clock_sec": 253.8810007572174,
  "cpu_percent_avg": 15.725,
  "cpu_percent_peak": 16.0,
  "ram_used_MB_avg": 247535.68256,
  "ram_used_MB_peak": 250417.958912,
  "gpu_util_avg": 69.25,
  "gpu_util_peak": 93.0,
  "gpu_mem_MB_avg": 762.8390400000001,
  "gpu_mem_MB_peak": 888.66816,
  "gpu": {
    "enabled": true,
    "index": 0,
    "name": "Quadro RTX 6000",
    "mem_total_MB": 25769.803776,
    "samples": 4
  },
  "samples": 4,
  "interval_sec": 120.0,
  "runtime": {
    "initial": {
      "idx": 0
    },
    "current": {
      "idx": 59
    }
  },
  "metadata": {}
}