{
  "job_type": "GPU training",
  "start_time": 1764008579.5148418,
  "end_time": 1764346535.2570498,
  "wall_clock_sec": 337955.742208004,
  "cpu_percent_avg": 10.097755610972568,
  "cpu_percent_peak": 10.9,
  "ram_used_MB_avg": 12392.008756166726,
  "ram_used_MB_peak": 13905.743872,
  "gpu_util_avg": 83.27823298895618,
  "gpu_util_peak": 100.0,
  "gpu_mem_MB_avg": 11738.80832,
  "gpu_mem_MB_peak": 11738.80832,
  "gpu": {
    "enabled": true,
    "index": 0,
    "name": "NVIDIA GeForce RTX 3090",
    "mem_total_MB": 25769.803776,
    "samples": 2807
  },
  "samples": 2807,
  "interval_sec": 120.0,
  "runtime": {
    "initial": {
      "epoch": 0
    },
    "current": {
      "epoch": 12999
    }
  },
  "metadata": {}
}