{
  "job_type": "GPU training",
  "start_time": 1760884247.4065895,
  "end_time": 1760947597.8077922,
  "wall_clock_sec": 63350.40120267868,
  "cpu_percent_avg": 7.30340909090909,
  "cpu_percent_peak": 7.7,
  "ram_used_MB_avg": 21660.56952242424,
  "ram_used_MB_peak": 22273.134592,
  "gpu_util_avg": 70.42045454545455,
  "gpu_util_peak": 100.0,
  "gpu_mem_MB_avg": 3622.5527932121213,
  "gpu_mem_MB_peak": 4830.789632,
  "gpu": {
    "enabled": true,
    "index": 0,
    "name": "NVIDIA GeForce RTX 3090",
    "mem_total_MB": 25769.803776,
    "samples": 528
  },
  "samples": 528,
  "interval_sec": 120.0,
  "runtime": {
    "initial": {
      "epoch": 0
    },
    "current": {
      "epoch": 658
    }
  },
  "metadata": {}
}