{
  "job_type": "GPU training",
  "start_time": 1762887670.594666,
  "end_time": 1762968649.2914455,
  "wall_clock_sec": 80978.69677948952,
  "cpu_percent_avg": 5.353994082840229,
  "cpu_percent_peak": 8.0,
  "ram_used_MB_avg": 233599.64339351494,
  "ram_used_MB_peak": 340899.622912,
  "gpu_util_avg": 21.321005917159763,
  "gpu_util_peak": 48.0,
  "gpu_mem_MB_avg": 1752.5148508402388,
  "gpu_mem_MB_peak": 4629.987328,
  "gpu": {
    "enabled": true,
    "index": 0,
    "name": "Quadro RTX 6000",
    "mem_total_MB": 25769.803776,
    "samples": 676
  },
  "samples": 676,
  "interval_sec": 120.0,
  "runtime": {
    "initial": {
      "idx": 0
    },
    "current": {
      "idx": 49
    }
  },
  "metadata": {}
}