{
  "job_type": "GPU training",
  "start_time": 1762900478.455957,
  "end_time": 1762904087.313743,
  "wall_clock_sec": 3608.857786178589,
  "cpu_percent_avg": 8.170967741935483,
  "cpu_percent_peak": 10.3,
  "ram_used_MB_avg": 8830.560454193548,
  "ram_used_MB_peak": 10494.365696,
  "gpu_util_avg": 30.516129032258064,
  "gpu_util_peak": 99.0,
  "gpu_mem_MB_avg": 2626.367884387097,
  "gpu_mem_MB_peak": 2697.986048,
  "gpu": {
    "enabled": true,
    "index": 0,
    "name": "NVIDIA GeForce RTX 3090",
    "mem_total_MB": 25769.803776,
    "samples": 31
  },
  "samples": 31,
  "interval_sec": 120.0,
  "runtime": {
    "initial": {
      "epoch": 0
    },
    "current": {
      "epoch": 531
    }
  },
  "metadata": {}
}