{
  "job_type": "GPU training",
  "start_time": 1761046317.615754,
  "end_time": 1761052439.9603038,
  "wall_clock_sec": 6122.344549894333,
  "cpu_percent_avg": 5.0,
  "cpu_percent_peak": 5.2,
  "ram_used_MB_avg": 20775.810599384615,
  "ram_used_MB_peak": 20899.876864,
  "gpu_util_avg": 81.67307692307692,
  "gpu_util_peak": 99.0,
  "gpu_mem_MB_avg": 4356.282525538461,
  "gpu_mem_MB_peak": 4432.330752,
  "gpu": {
    "enabled": true,
    "index": 0,
    "name": "NVIDIA GeForce RTX 3090",
    "mem_total_MB": 25769.803776,
    "samples": 52
  },
  "samples": 52,
  "interval_sec": 120.0,
  "runtime": {
    "initial": {
      "epoch": 0
    },
    "current": {
      "epoch": 86
    }
  },
  "metadata": {}
}