{
  "job_type": "GPU training",
  "start_time": 1762478372.6822422,
  "end_time": 1762493618.2560003,
  "wall_clock_sec": 15245.573758125305,
  "cpu_percent_avg": 10.03359375,
  "cpu_percent_peak": 10.2,
  "ram_used_MB_avg": 15081.220256,
  "ram_used_MB_peak": 15975.944192,
  "gpu_util_avg": 81.21875,
  "gpu_util_peak": 100.0,
  "gpu_mem_MB_avg": 18409.848832,
  "gpu_mem_MB_peak": 18409.848832,
  "gpu": {
    "enabled": true,
    "index": 0,
    "name": "NVIDIA GeForce RTX 3090",
    "mem_total_MB": 25769.803776,
    "samples": 128
  },
  "samples": 128,
  "interval_sec": 120.0,
  "runtime": {
    "initial": {
      "epoch": 0
    },
    "current": {
      "epoch": 454
    }
  },
  "metadata": {}
}