{
  "job_type": "GPU training",
  "start_time": 1763095371.4075701,
  "end_time": 1763095851.4903045,
  "wall_clock_sec": 480.08273434638977,
  "cpu_percent_avg": 7.360000000000001,
  "cpu_percent_peak": 9.4,
  "ram_used_MB_avg": 266985.619456,
  "ram_used_MB_peak": 267777.41312,
  "gpu_util_avg": 23.8,
  "gpu_util_peak": 33.0,
  "gpu_mem_MB_avg": 1651.6120576,
  "gpu_mem_MB_peak": 2637.692928,
  "gpu": {
    "enabled": true,
    "index": 0,
    "name": "Quadro RTX 6000",
    "mem_total_MB": 25769.803776,
    "samples": 5
  },
  "samples": 5,
  "interval_sec": 120.0,
  "runtime": {
    "initial": {
      "idx": 0
    },
    "current": {
      "idx": 2
    }
  },
  "metadata": {}
}