{
  "job_type": "GPU training",
  "start_time": 1762478372.6822422,
  "end_time": 1762676990.777981,
  "wall_clock_sec": 198618.0957388878,
  "cpu_percent_avg": 9.74552599758162,
  "cpu_percent_peak": 10.9,
  "ram_used_MB_avg": 14221.08703698186,
  "ram_used_MB_peak": 16448.98304,
  "gpu_util_avg": 76.39117291414752,
  "gpu_util_peak": 100.0,
  "gpu_mem_MB_avg": 14972.882691405079,
  "gpu_mem_MB_peak": 18409.848832,
  "gpu": {
    "enabled": true,
    "index": 0,
    "name": "NVIDIA GeForce RTX 3090",
    "mem_total_MB": 25769.803776,
    "samples": 1654
  },
  "samples": 1654,
  "interval_sec": 120.0,
  "runtime": {
    "initial": {
      "epoch": 0
    },
    "current": {
      "epoch": 5999
    }
  },
  "metadata": {}
}