{
  "job_type": "GPU training",
  "start_time": 1764870817.8394418,
  "end_time": 1764926280.5847642,
  "wall_clock_sec": 55462.7453224659,
  "cpu_percent_avg": 10.191792656587456,
  "cpu_percent_peak": 13.4,
  "ram_used_MB_avg": 34693.02143944711,
  "ram_used_MB_peak": 40291.71712,
  "gpu_util_avg": 73.52915766738661,
  "gpu_util_peak": 100.0,
  "gpu_mem_MB_avg": 20129.12082218562,
  "gpu_mem_MB_peak": 25699.680256,
  "gpu": {
    "enabled": true,
    "index": 0,
    "name": "NVIDIA GeForce RTX 3090",
    "mem_total_MB": 25769.803776,
    "samples": 463
  },
  "samples": 463,
  "interval_sec": 120.0,
  "runtime": {
    "initial": {
      "epoch": 0
    },
    "current": {
      "epoch": 2504
    }
  },
  "metadata": {}
}