{
  "job_type": "GPU training",
  "start_time": 1762868261.8119907,
  "end_time": 1762876384.0833519,
  "wall_clock_sec": 8122.271361112595,
  "cpu_percent_avg": 5.150724637681161,
  "cpu_percent_peak": 5.5,
  "ram_used_MB_avg": 187288.71924127542,
  "ram_used_MB_peak": 196913.668096,
  "gpu_util_avg": 21.753623188405797,
  "gpu_util_peak": 31.0,
  "gpu_mem_MB_avg": 1921.925832347826,
  "gpu_mem_MB_peak": 3998.744576,
  "gpu": {
    "enabled": true,
    "index": 0,
    "name": "Quadro RTX 6000",
    "mem_total_MB": 25769.803776,
    "samples": 69
  },
  "samples": 69,
  "interval_sec": 120.0,
  "runtime": {
    "initial": {
      "idx": 0
    },
    "current": {
      "idx": 49
    }
  },
  "metadata": {}
}