{
  "job_type": "GPU training",
  "start_time": 1765182270.8602526,
  "end_time": 1765200287.3546717,
  "wall_clock_sec": 18016.4944190979,
  "cpu_percent_avg": 20.87086092715232,
  "cpu_percent_peak": 26.9,
  "ram_used_MB_avg": 49776.989407788074,
  "ram_used_MB_peak": 83821.703168,
  "gpu_util_avg": 78.40397350993378,
  "gpu_util_peak": 98.0,
  "gpu_mem_MB_avg": 16410.411007999955,
  "gpu_mem_MB_peak": 16410.411008,
  "gpu": {
    "enabled": true,
    "index": 0,
    "name": "NVIDIA GeForce RTX 3090",
    "mem_total_MB": 25769.803776,
    "samples": 151
  },
  "samples": 151,
  "interval_sec": 120.0,
  "runtime": {
    "initial": {
      "epoch": 6000
    },
    "current": {
      "epoch": 7311
    }
  },
  "metadata": {}
}