{
  "job_type": "GPU training",
  "start_time": 1763712953.1698956,
  "end_time": 1763731227.2429624,
  "wall_clock_sec": 18274.073066711426,
  "cpu_percent_avg": 10.037254901960784,
  "cpu_percent_peak": 10.2,
  "ram_used_MB_avg": 11732.693661281046,
  "ram_used_MB_peak": 12577.591296,
  "gpu_util_avg": 81.38562091503267,
  "gpu_util_peak": 100.0,
  "gpu_mem_MB_avg": 11738.80832,
  "gpu_mem_MB_peak": 11738.80832,
  "gpu": {
    "enabled": true,
    "index": 0,
    "name": "NVIDIA GeForce RTX 3090",
    "mem_total_MB": 25769.803776,
    "samples": 153
  },
  "samples": 153,
  "interval_sec": 120.0,
  "runtime": {
    "initial": {
      "epoch": 1750
    },
    "current": {
      "epoch": 2819
    }
  },
  "metadata": {}
}