{
  "job_type": "GPU training",
  "start_time": 1765454867.0309033,
  "end_time": 1765506584.0036585,
  "wall_clock_sec": 51716.97275519371,
  "cpu_percent_avg": 9.056046511627907,
  "cpu_percent_peak": 10.6,
  "ram_used_MB_avg": 12016.60934667907,
  "ram_used_MB_peak": 14267.375616,
  "gpu_util_avg": 73.43023255813954,
  "gpu_util_peak": 98.0,
  "gpu_mem_MB_avg": 7856.979968,
  "gpu_mem_MB_peak": 7856.979968,
  "gpu": {
    "enabled": true,
    "index": 0,
    "name": "NVIDIA GeForce RTX 3090",
    "mem_total_MB": 25769.803776,
    "samples": 430
  },
  "samples": 430,
  "interval_sec": 120.0,
  "runtime": {
    "initial": {
      "epoch": 6000
    },
    "current": {
      "epoch": 9999
    }
  },
  "metadata": {}
}