{
  "job_type": "GPU training",
  "start_time": 1762896421.707779,
  "end_time": 1762899678.131014,
  "wall_clock_sec": 3256.423235177994,
  "cpu_percent_avg": 7.110714285714286,
  "cpu_percent_peak": 7.7,
  "ram_used_MB_avg": 8213.923401142858,
  "ram_used_MB_peak": 8381.616128,
  "gpu_util_avg": 40.92857142857143,
  "gpu_util_peak": 99.0,
  "gpu_mem_MB_avg": 2618.6945097142857,
  "gpu_mem_MB_peak": 2697.986048,
  "gpu": {
    "enabled": true,
    "index": 0,
    "name": "NVIDIA GeForce RTX 3090",
    "mem_total_MB": 25769.803776,
    "samples": 28
  },
  "samples": 28,
  "interval_sec": 120.0,
  "runtime": {
    "initial": {
      "epoch": 0
    },
    "current": {
      "epoch": 459
    }
  },
  "metadata": {}
}