{
  "job_type": "GPU training",
  "start_time": 1763712953.1698956,
  "end_time": 1763821227.2162547,
  "wall_clock_sec": 108274.0463590622,
  "cpu_percent_avg": 8.89611111111111,
  "cpu_percent_peak": 10.5,
  "ram_used_MB_avg": 10754.627260871112,
  "ram_used_MB_peak": 12829.519872,
  "gpu_util_avg": 81.58888888888889,
  "gpu_util_peak": 100.0,
  "gpu_mem_MB_avg": 11738.80832,
  "gpu_mem_MB_peak": 11738.80832,
  "gpu": {
    "enabled": true,
    "index": 0,
    "name": "NVIDIA GeForce RTX 3090",
    "mem_total_MB": 25769.803776,
    "samples": 900
  },
  "samples": 900,
  "interval_sec": 120.0,
  "runtime": {
    "initial": {
      "epoch": 1750
    },
    "current": {
      "epoch": 8155
    }
  },
  "metadata": {}
}