{
  "job_type": "GPU training",
  "start_time": 1764008566.7825432,
  "end_time": 1764408753.4859946,
  "wall_clock_sec": 400186.70345139503,
  "cpu_percent_avg": 9.329963898916967,
  "cpu_percent_peak": 10.9,
  "ram_used_MB_avg": 11591.62687645728,
  "ram_used_MB_peak": 13905.805312,
  "gpu_util_avg": 83.07551143200963,
  "gpu_util_peak": 100.0,
  "gpu_mem_MB_avg": 11735.420538608905,
  "gpu_mem_MB_peak": 11738.80832,
  "gpu": {
    "enabled": true,
    "index": 0,
    "name": "NVIDIA GeForce RTX 3090",
    "mem_total_MB": 25769.803776,
    "samples": 3324
  },
  "samples": 3324,
  "interval_sec": 120.0,
  "runtime": {
    "initial": {
      "epoch": 0
    },
    "current": {
      "epoch": 12773
    }
  },
  "metadata": {}
}