{
  "job_type": "GPU training",
  "start_time": 1761920294.663664,
  "end_time": 1761924856.2255623,
  "wall_clock_sec": 4561.561898231506,
  "cpu_percent_avg": 8.833333333333334,
  "cpu_percent_peak": 33.3,
  "ram_used_MB_avg": 11759.392610461538,
  "ram_used_MB_peak": 13842.911232,
  "gpu_util_avg": 77.82051282051282,
  "gpu_util_peak": 100.0,
  "gpu_mem_MB_avg": 16125.04877948718,
  "gpu_mem_MB_peak": 18411.945984,
  "gpu": {
    "enabled": true,
    "index": 0,
    "name": "NVIDIA GeForce RTX 3090",
    "mem_total_MB": 25769.803776,
    "samples": 39
  },
  "samples": 39,
  "interval_sec": 120.0,
  "runtime": {
    "initial": {
      "epoch": 0
    },
    "current": {
      "epoch": 73
    }
  },
  "metadata": {}
}