{
  "job_type": "GPU training",
  "start_time": 1763373342.7688453,
  "end_time": 1763382876.502021,
  "wall_clock_sec": 9533.733175754547,
  "cpu_percent_avg": 9.771249999999998,
  "cpu_percent_peak": 12.1,
  "ram_used_MB_avg": 264388.7641599999,
  "ram_used_MB_peak": 277467.242496,
  "gpu_util_avg": 64.05,
  "gpu_util_peak": 93.0,
  "gpu_mem_MB_avg": 6505.391718399999,
  "gpu_mem_MB_peak": 9073.852416,
  "gpu": {
    "enabled": true,
    "index": 0,
    "name": "Quadro RTX 6000",
    "mem_total_MB": 25769.803776,
    "samples": 80
  },
  "samples": 80,
  "interval_sec": 120.0,
  "runtime": {
    "initial": {
      "idx": 0
    },
    "current": {
      "idx": 57
    }
  },
  "metadata": {}
}