{
  "job_type": "GPU training",
  "start_time": 1762782816.4380085,
  "end_time": 1762830832.9540882,
  "wall_clock_sec": 48016.51607966423,
  "cpu_percent_avg": 5.6605,
  "cpu_percent_peak": 10.2,
  "ram_used_MB_avg": 8623.89827584,
  "ram_used_MB_peak": 12393.906176,
  "gpu_util_avg": 56.745,
  "gpu_util_peak": 100.0,
  "gpu_mem_MB_avg": 8401.087856639999,
  "gpu_mem_MB_peak": 8421.113856,
  "gpu": {
    "enabled": true,
    "index": 0,
    "name": "NVIDIA GeForce RTX 3090",
    "mem_total_MB": 25769.803776,
    "samples": 400
  },
  "samples": 400,
  "interval_sec": 120.0,
  "runtime": {
    "initial": {
      "epoch": 0
    },
    "current": {
      "epoch": 2999
    }
  },
  "metadata": {}
}