{
  "job_type": "GPU training",
  "start_time": 1758487765.7703621,
  "end_time": 1758635224.6718528,
  "wall_clock_sec": 147458.90149068832,
  "cpu_percent_avg": 9.834499593165175,
  "cpu_percent_peak": 12.7,
  "ram_used_MB_avg": 24201.72711014483,
  "ram_used_MB_peak": 26489.4464,
  "gpu_util_avg": null,
  "gpu_util_peak": null,
  "gpu_mem_MB_avg": null,
  "gpu_mem_MB_peak": null,
  "samples": 1229,
  "interval_sec": 120.0,
  "metadata": {}
}