{
  "job_type": "GPU training",
  "start_time": 1762900527.9181721,
  "end_time": 1762973225.3487396,
  "wall_clock_sec": 72697.43056750298,
  "cpu_percent_avg": 8.544793388429751,
  "cpu_percent_peak": 25.0,
  "ram_used_MB_avg": 9849.937060178512,
  "ram_used_MB_peak": 19219.976192,
  "gpu_util_avg": 34.30413223140496,
  "gpu_util_peak": 99.0,
  "gpu_mem_MB_avg": 2697.986048,
  "gpu_mem_MB_peak": 2697.986048,
  "gpu": {
    "enabled": true,
    "index": 0,
    "name": "NVIDIA GeForce RTX 3090",
    "mem_total_MB": 25769.803776,
    "samples": 605
  },
  "samples": 605,
  "interval_sec": 120.0,
  "runtime": {
    "initial": {
      "epoch": 0
    },
    "current": {
      "epoch": 8209
    }
  },
  "metadata": {}
}