{
  "job_type": "GPU training",
  "start_time": 1761080981.679687,
  "end_time": 1761116326.3347356,
  "wall_clock_sec": 35344.65504860878,
  "cpu_percent_avg": 5.078378378378377,
  "cpu_percent_peak": 5.2,
  "ram_used_MB_avg": 20197.62297772973,
  "ram_used_MB_peak": 20341.735424,
  "gpu_util_avg": 0.0,
  "gpu_util_peak": 0.0,
  "gpu_mem_MB_avg": 477.822976,
  "gpu_mem_MB_peak": 477.822976,
  "gpu": {
    "enabled": true,
    "index": 0,
    "name": "NVIDIA GeForce RTX 3090",
    "mem_total_MB": 25769.803776,
    "samples": 296
  },
  "samples": 296,
  "interval_sec": 120.0,
  "runtime": {
    "initial": {
      "epoch": 0
    },
    "current": {
      "epoch": 2999
    }
  },
  "metadata": {}
}