{
  "job_type": "GPU training",
  "start_time": 1764883071.3399665,
  "end_time": 1764960985.8807266,
  "wall_clock_sec": 77914.54076004028,
  "cpu_percent_avg": 11.468153846153848,
  "cpu_percent_peak": 17.4,
  "ram_used_MB_avg": 38989.89106727388,
  "ram_used_MB_peak": 54595.485696,
  "gpu_util_avg": 93.79692307692308,
  "gpu_util_peak": 100.0,
  "gpu_mem_MB_avg": 25685.934332061355,
  "gpu_mem_MB_peak": 25699.680256,
  "gpu": {
    "enabled": true,
    "index": 0,
    "name": "NVIDIA GeForce RTX 3090",
    "mem_total_MB": 25769.803776,
    "samples": 650
  },
  "samples": 650,
  "interval_sec": 120.0,
  "runtime": {
    "initial": {
      "epoch": 0
    },
    "current": {
      "epoch": 2487
    }
  },
  "metadata": {}
}