{
  "job_type": "GPU training",
  "start_time": 1765283763.8518605,
  "end_time": 1765299614.543322,
  "wall_clock_sec": 15850.69146156311,
  "cpu_percent_avg": 12.812030075187963,
  "cpu_percent_peak": 18.1,
  "ram_used_MB_avg": 52685.44405750376,
  "ram_used_MB_peak": 58176.110592,
  "gpu_util_avg": 77.15037593984962,
  "gpu_util_peak": 98.0,
  "gpu_mem_MB_avg": 16523.356637353347,
  "gpu_mem_MB_peak": 25760.497664,
  "gpu": {
    "enabled": true,
    "index": 0,
    "name": "NVIDIA GeForce RTX 3090",
    "mem_total_MB": 25769.803776,
    "samples": 133
  },
  "samples": 133,
  "interval_sec": 120.0,
  "runtime": {
    "initial": {
      "epoch": 19595
    },
    "current": {
      "epoch": 22711
    }
  },
  "metadata": {}
}