{
  "job_type": "GPU training",
  "start_time": 1763429094.5913088,
  "end_time": 1763772461.1806662,
  "wall_clock_sec": 343366.5893573761,
  "cpu_percent_avg": 9.797090781633369,
  "cpu_percent_peak": 15.2,
  "ram_used_MB_avg": 11826.290308980022,
  "ram_used_MB_peak": 21349.822464,
  "gpu_util_avg": 82.43953732912723,
  "gpu_util_peak": 100.0,
  "gpu_mem_MB_avg": 11854.473134883981,
  "gpu_mem_MB_peak": 25000.476672,
  "gpu": {
    "enabled": true,
    "index": 0,
    "name": "NVIDIA GeForce RTX 3090",
    "mem_total_MB": 25769.803776,
    "samples": 2853
  },
  "samples": 2853,
  "interval_sec": 120.0,
  "runtime": {
    "initial": {
      "epoch": 0
    },
    "current": {
      "epoch": 12999
    }
  },
  "metadata": {}
}