{
  "job_type": "GPU training",
  "start_time": 1763408943.7382421,
  "end_time": 1763468587.6181526,
  "wall_clock_sec": 59643.879910469055,
  "cpu_percent_avg": 4.772357723577239,
  "cpu_percent_peak": 6.3,
  "ram_used_MB_avg": 197262.47590504066,
  "ram_used_MB_peak": 270035.034112,
  "gpu_util_avg": 19.36178861788618,
  "gpu_util_peak": 96.0,
  "gpu_mem_MB_avg": 3457.246982243921,
  "gpu_mem_MB_peak": 9073.852416,
  "gpu": {
    "enabled": true,
    "index": 0,
    "name": "Quadro RTX 6000",
    "mem_total_MB": 25769.803776,
    "samples": 492
  },
  "samples": 492,
  "interval_sec": 120.0,
  "runtime": {
    "initial": {
      "idx": 0
    },
    "current": {
      "idx": 36
    }
  },
  "metadata": {}
}