{
  "job_type": "GPU training",
  "start_time": 1763429055.4031363,
  "end_time": 1763468169.9707532,
  "wall_clock_sec": 39114.567616939545,
  "cpu_percent_avg": 10.037730061349693,
  "cpu_percent_peak": 10.2,
  "ram_used_MB_avg": 12173.251803877301,
  "ram_used_MB_peak": 12441.972736,
  "gpu_util_avg": 82.11349693251533,
  "gpu_util_peak": 100.0,
  "gpu_mem_MB_avg": 11738.80832,
  "gpu_mem_MB_peak": 11738.80832,
  "gpu": {
    "enabled": true,
    "index": 0,
    "name": "NVIDIA GeForce RTX 3090",
    "mem_total_MB": 25769.803776,
    "samples": 326
  },
  "samples": 326,
  "interval_sec": 120.0,
  "runtime": {
    "initial": {
      "epoch": 0
    },
    "current": {
      "epoch": 3315
    }
  },
  "metadata": {}
}