{
  "job_type": "GPU training",
  "start_time": 1760951155.3651507,
  "end_time": 1760960038.645988,
  "wall_clock_sec": 8883.28083729744,
  "cpu_percent_avg": 9.961333333333334,
  "cpu_percent_peak": 10.2,
  "ram_used_MB_avg": 24276.20087125333,
  "ram_used_MB_peak": 24398.073856,
  "gpu_util_avg": 82.52,
  "gpu_util_peak": 99.0,
  "gpu_mem_MB_avg": 3905.75947776,
  "gpu_mem_MB_peak": 3952.082944,
  "gpu": {
    "enabled": true,
    "index": 0,
    "name": "NVIDIA GeForce RTX 3090",
    "mem_total_MB": 25769.803776,
    "samples": 75
  },
  "samples": 75,
  "interval_sec": 120.0,
  "runtime": {
    "initial": {
      "epoch": 0
    },
    "current": {
      "epoch": 132
    }
  },
  "metadata": {}
}