{
  "job_type": "GPU training",
  "start_time": 1761057725.7660275,
  "end_time": 1761062335.2655385,
  "wall_clock_sec": 4609.499511003494,
  "cpu_percent_avg": 9.607692307692307,
  "cpu_percent_peak": 10.8,
  "ram_used_MB_avg": 24611.87486851282,
  "ram_used_MB_peak": 24965.214208,
  "gpu_util_avg": 84.51282051282051,
  "gpu_util_peak": 99.0,
  "gpu_mem_MB_avg": 4432.330752,
  "gpu_mem_MB_peak": 4432.330752,
  "gpu": {
    "enabled": true,
    "index": 0,
    "name": "NVIDIA GeForce RTX 3090",
    "mem_total_MB": 25769.803776,
    "samples": 39
  },
  "samples": 39,
  "interval_sec": 120.0,
  "runtime": {
    "initial": {
      "epoch": 0
    },
    "current": {
      "epoch": 70
    }
  },
  "metadata": {}
}