{
  "job_type": "GPU training",
  "start_time": 1764009018.4174354,
  "end_time": 1764009018.4464567,
  "wall_clock_sec": 0.029021263122558594,
  "cpu_percent_avg": 7.1,
  "cpu_percent_peak": 7.1,
  "ram_used_MB_avg": 121547.001856,
  "ram_used_MB_peak": 121547.001856,
  "gpu_util_avg": 100.0,
  "gpu_util_peak": 100.0,
  "gpu_mem_MB_avg": 12735.479808,
  "gpu_mem_MB_peak": 12735.479808,
  "gpu": {
    "enabled": true,
    "index": 0,
    "name": "Quadro RTX 6000",
    "mem_total_MB": 25769.803776,
    "samples": 1
  },
  "samples": 1,
  "interval_sec": 120.0,
  "runtime": {
    "initial": null,
    "current": null
  },
  "metadata": {}
}