{
  "job_type": "GPU training",
  "start_time": 1763105028.9412642,
  "end_time": 1763115319.5701091,
  "wall_clock_sec": 10290.628844976425,
  "cpu_percent_avg": 8.627586206896552,
  "cpu_percent_peak": 9.5,
  "ram_used_MB_avg": 276822.6519628505,
  "ram_used_MB_peak": 286776.651776,
  "gpu_util_avg": 15.160919540229886,
  "gpu_util_peak": 16.0,
  "gpu_mem_MB_avg": 626.5241600000007,
  "gpu_mem_MB_peak": 626.52416,
  "gpu": {
    "enabled": true,
    "index": 0,
    "name": "Quadro RTX 6000",
    "mem_total_MB": 25769.803776,
    "samples": 87
  },
  "samples": 87,
  "interval_sec": 120.0,
  "runtime": {
    "initial": {
      "idx": 0
    },
    "current": {
      "idx": 59
    }
  },
  "metadata": {}
}