{
  "job_type": "GPU training",
  "start_time": 1762890829.571237,
  "end_time": 1762971591.5814643,
  "wall_clock_sec": 80762.01022720337,
  "cpu_percent_avg": 3.6316023738872367,
  "cpu_percent_peak": 5.7,
  "ram_used_MB_avg": 144780.28019693767,
  "ram_used_MB_peak": 177889.447936,
  "gpu_util_avg": 99.70326409495549,
  "gpu_util_peak": 100.0,
  "gpu_mem_MB_avg": 20500.70470874802,
  "gpu_mem_MB_peak": 20530.593792,
  "gpu": {
    "enabled": true,
    "index": 0,
    "name": "Quadro RTX 6000",
    "mem_total_MB": 25769.803776,
    "samples": 674
  },
  "samples": 674,
  "interval_sec": 120.0,
  "runtime": {
    "initial": {
      "idx": 0
    },
    "current": {
      "idx": 49
    }
  },
  "metadata": {}
}