{
  "job_type": "GPU training",
  "start_time": 1760960198.250563,
  "end_time": 1760970641.8889134,
  "wall_clock_sec": 10443.638350486755,
  "cpu_percent_avg": 9.942045454545454,
  "cpu_percent_peak": 10.1,
  "ram_used_MB_avg": 24199.080401454543,
  "ram_used_MB_peak": 24364.05248,
  "gpu_util_avg": 83.125,
  "gpu_util_peak": 99.0,
  "gpu_mem_MB_avg": 3912.602717090909,
  "gpu_mem_MB_peak": 3952.082944,
  "gpu": {
    "enabled": true,
    "index": 0,
    "name": "NVIDIA GeForce RTX 3090",
    "mem_total_MB": 25769.803776,
    "samples": 88
  },
  "samples": 88,
  "interval_sec": 120.0,
  "runtime": {
    "initial": {
      "epoch": 0
    },
    "current": {
      "epoch": 157
    }
  },
  "metadata": {}
}