{
  "job_type": "GPU training",
  "start_time": 1765035383.239901,
  "end_time": 1765203842.043918,
  "wall_clock_sec": 168458.80401682854,
  "cpu_percent_avg": 9.631334760885082,
  "cpu_percent_peak": 11.1,
  "ram_used_MB_avg": 11917.494811408995,
  "ram_used_MB_peak": 13520.265216,
  "gpu_util_avg": 75.79514632405424,
  "gpu_util_peak": 100.0,
  "gpu_mem_MB_avg": 8133.85333602855,
  "gpu_mem_MB_peak": 16870.539264,
  "gpu": {
    "enabled": true,
    "index": 0,
    "name": "NVIDIA GeForce RTX 3090",
    "mem_total_MB": 25769.803776,
    "samples": 1401
  },
  "samples": 1401,
  "interval_sec": 120.0,
  "runtime": {
    "initial": {
      "epoch": 0
    },
    "current": {
      "epoch": 5999
    }
  },
  "metadata": {}
}