{
  "job_type": "GPU training",
  "start_time": 1765242968.4169736,
  "end_time": 1765243216.5258322,
  "wall_clock_sec": 248.10885858535767,
  "cpu_percent_avg": 11.925,
  "cpu_percent_peak": 16.2,
  "ram_used_MB_avg": 243732.78924800002,
  "ram_used_MB_peak": 245195.186176,
  "gpu_util_avg": 63.5,
  "gpu_util_peak": 92.0,
  "gpu_mem_MB_avg": 754.97472,
  "gpu_mem_MB_peak": 878.1824,
  "gpu": {
    "enabled": true,
    "index": 0,
    "name": "Quadro RTX 6000",
    "mem_total_MB": 25769.803776,
    "samples": 4
  },
  "samples": 4,
  "interval_sec": 120.0,
  "runtime": {
    "initial": {
      "idx": 0
    },
    "current": {
      "idx": 59
    }
  },
  "metadata": {}
}