{
  "job_type": "GPU training",
  "start_time": 1762872760.757944,
  "end_time": 1762888328.902117,
  "wall_clock_sec": 15568.144172906876,
  "cpu_percent_avg": 5.186153846153846,
  "cpu_percent_peak": 7.6,
  "ram_used_MB_avg": 7744.280576,
  "ram_used_MB_peak": 9500.393472,
  "gpu_util_avg": 4.3538461538461535,
  "gpu_util_peak": 100.0,
  "gpu_mem_MB_avg": 650.0949385846153,
  "gpu_mem_MB_peak": 9387.900928,
  "gpu": {
    "enabled": true,
    "index": 0,
    "name": "NVIDIA GeForce RTX 3090",
    "mem_total_MB": 25769.803776,
    "samples": 130
  },
  "samples": 130,
  "interval_sec": 120.0,
  "runtime": {
    "initial": {
      "epoch": 23
    },
    "current": {
      "epoch": 1785
    }
  },
  "metadata": {}
}