{
  "job_type": "GPU training",
  "start_time": 1765217118.4436631,
  "end_time": 1765218919.3462467,
  "wall_clock_sec": 1800.9025835990906,
  "cpu_percent_avg": 10.187500000000002,
  "cpu_percent_peak": 10.9,
  "ram_used_MB_avg": 37151.504128,
  "ram_used_MB_peak": 38289.85856,
  "gpu_util_avg": 79.625,
  "gpu_util_peak": 98.0,
  "gpu_mem_MB_avg": 16410.411008,
  "gpu_mem_MB_peak": 16410.411008,
  "gpu": {
    "enabled": true,
    "index": 0,
    "name": "NVIDIA GeForce RTX 3090",
    "mem_total_MB": 25769.803776,
    "samples": 16
  },
  "samples": 16,
  "interval_sec": 120.0,
  "runtime": {
    "initial": {
      "epoch": 8559
    },
    "current": {
      "epoch": 8691
    }
  },
  "metadata": {}
}