{
  "job_type": "GPU training",
  "start_time": 1761046330.5213532,
  "end_time": 1761058815.1207402,
  "wall_clock_sec": 12484.599386930466,
  "cpu_percent_avg": 5.489523809523809,
  "cpu_percent_peak": 10.2,
  "ram_used_MB_avg": 21208.10125409524,
  "ram_used_MB_peak": 24823.861248,
  "gpu_util_avg": 85.4952380952381,
  "gpu_util_peak": 99.0,
  "gpu_mem_MB_avg": 4432.111050361905,
  "gpu_mem_MB_peak": 4432.330752,
  "gpu": {
    "enabled": true,
    "index": 0,
    "name": "NVIDIA GeForce RTX 3090",
    "mem_total_MB": 25769.803776,
    "samples": 105
  },
  "samples": 105,
  "interval_sec": 120.0,
  "runtime": {
    "initial": {
      "epoch": 0
    },
    "current": {
      "epoch": 205
    }
  },
  "metadata": {}
}