{
  "job_type": "GPU training",
  "start_time": 1763413700.7799895,
  "end_time": 1763468926.273244,
  "wall_clock_sec": 55225.49325442314,
  "cpu_percent_avg": 2.389845474613678,
  "cpu_percent_peak": 7.1,
  "ram_used_MB_avg": 192270.43740538607,
  "ram_used_MB_peak": 281066.401792,
  "gpu_util_avg": 0.0,
  "gpu_util_peak": 0.0,
  "gpu_mem_MB_avg": 382.33702399999936,
  "gpu_mem_MB_peak": 382.337024,
  "gpu": {
    "enabled": true,
    "index": 0,
    "name": "Quadro RTX 6000",
    "mem_total_MB": 25769.803776,
    "samples": 453
  },
  "samples": 453,
  "interval_sec": 120.0,
  "runtime": {
    "initial": {
      "idx": 0
    },
    "current": {
      "idx": 32
    }
  },
  "metadata": {}
}