{
  "job_type": "GPU training",
  "start_time": 1758487822.5413458,
  "end_time": 1758521073.9640045,
  "wall_clock_sec": 33251.42265868187,
  "cpu_percent_avg": 10.025899280575539,
  "cpu_percent_peak": 10.1,
  "ram_used_MB_avg": 24463.671178129494,
  "ram_used_MB_peak": 24563.728384,
  "gpu_util_avg": null,
  "gpu_util_peak": null,
  "gpu_mem_MB_avg": null,
  "gpu_mem_MB_peak": null,
  "samples": 278,
  "interval_sec": 120.0,
  "metadata": {}
}