{
  "job_type": "GPU training",
  "start_time": 1763428879.871705,
  "end_time": 1763823153.3786776,
  "wall_clock_sec": 394273.50697255135,
  "cpu_percent_avg": 9.503144078144079,
  "cpu_percent_peak": 15.1,
  "ram_used_MB_avg": 11547.171756229549,
  "ram_used_MB_peak": 19958.112256,
  "gpu_util_avg": 82.25976800976801,
  "gpu_util_peak": 100.0,
  "gpu_mem_MB_avg": 11841.779159365078,
  "gpu_mem_MB_peak": 24975.310848,
  "gpu": {
    "enabled": true,
    "index": 0,
    "name": "NVIDIA GeForce RTX 3090",
    "mem_total_MB": 25769.803776,
    "samples": 3276
  },
  "samples": 3276,
  "interval_sec": 120.0,
  "runtime": {
    "initial": {
      "epoch": 0
    },
    "current": {
      "epoch": 12415
    }
  },
  "metadata": {}
}