{
  "job_type": "GPU training",
  "start_time": 1764008604.2154963,
  "end_time": 1764348024.9300375,
  "wall_clock_sec": 339420.7145411968,
  "cpu_percent_avg": 10.086524822695035,
  "cpu_percent_peak": 11.0,
  "ram_used_MB_avg": 12376.325538314895,
  "ram_used_MB_peak": 13892.108288,
  "gpu_util_avg": 83.32163120567375,
  "gpu_util_peak": 100.0,
  "gpu_mem_MB_avg": 11738.80832,
  "gpu_mem_MB_peak": 11738.80832,
  "gpu": {
    "enabled": true,
    "index": 0,
    "name": "NVIDIA GeForce RTX 3090",
    "mem_total_MB": 25769.803776,
    "samples": 2820
  },
  "samples": 2820,
  "interval_sec": 120.0,
  "runtime": {
    "initial": {
      "epoch": 0
    },
    "current": {
      "epoch": 12999
    }
  },
  "metadata": {}
}