{
  "job_type": "GPU training",
  "start_time": 1763598327.5461683,
  "end_time": 1763647651.5180368,
  "wall_clock_sec": 49323.971868515015,
  "cpu_percent_avg": 10.059024390243902,
  "cpu_percent_peak": 10.2,
  "ram_used_MB_avg": 12060.796078829268,
  "ram_used_MB_peak": 12376.154112,
  "gpu_util_avg": 82.38536585365854,
  "gpu_util_peak": 100.0,
  "gpu_mem_MB_avg": 11738.80832,
  "gpu_mem_MB_peak": 11738.80832,
  "gpu": {
    "enabled": true,
    "index": 0,
    "name": "NVIDIA GeForce RTX 3090",
    "mem_total_MB": 25769.803776,
    "samples": 410
  },
  "samples": 410,
  "interval_sec": 120.0,
  "runtime": {
    "initial": {
      "epoch": 0
    },
    "current": {
      "epoch": 2908
    }
  },
  "metadata": {}
}