{
  "job_type": "GPU training",
  "start_time": 1763429094.5913088,
  "end_time": 1763468210.1865113,
  "wall_clock_sec": 39115.595202445984,
  "cpu_percent_avg": 10.04079754601227,
  "cpu_percent_peak": 10.2,
  "ram_used_MB_avg": 12178.103528441718,
  "ram_used_MB_peak": 12442.779648,
  "gpu_util_avg": 81.87423312883436,
  "gpu_util_peak": 100.0,
  "gpu_mem_MB_avg": 11738.80832,
  "gpu_mem_MB_peak": 11738.80832,
  "gpu": {
    "enabled": true,
    "index": 0,
    "name": "NVIDIA GeForce RTX 3090",
    "mem_total_MB": 25769.803776,
    "samples": 326
  },
  "samples": 326,
  "interval_sec": 120.0,
  "runtime": {
    "initial": {
      "epoch": 0
    },
    "current": {
      "epoch": 1487
    }
  },
  "metadata": {}
}