{
  "job_type": "GPU training",
  "start_time": 1763098407.687634,
  "end_time": 1763108243.598928,
  "wall_clock_sec": 9835.91129398346,
  "cpu_percent_avg": 8.699999999999996,
  "cpu_percent_peak": 14.3,
  "ram_used_MB_avg": 264070.72814881935,
  "ram_used_MB_peak": 293163.311104,
  "gpu_util_avg": 97.28915662650603,
  "gpu_util_peak": 100.0,
  "gpu_mem_MB_avg": 11053.159633734935,
  "gpu_mem_MB_peak": 11183.587328,
  "gpu": {
    "enabled": true,
    "index": 0,
    "name": "Quadro RTX 6000",
    "mem_total_MB": 25769.803776,
    "samples": 83
  },
  "samples": 83,
  "interval_sec": 120.0,
  "runtime": {
    "initial": {
      "idx": 0
    },
    "current": {
      "idx": 59
    }
  },
  "metadata": {}
}