{
  "job_type": "GPU training",
  "start_time": 1765038477.7211626,
  "end_time": 1765122391.6208467,
  "wall_clock_sec": 83913.89968419075,
  "cpu_percent_avg": 18.54242857142837,
  "cpu_percent_peak": 25.1,
  "ram_used_MB_avg": 41171.254558719964,
  "ram_used_MB_peak": 49528.27904,
  "gpu_util_avg": 32.455714285714286,
  "gpu_util_peak": 100.0,
  "gpu_mem_MB_avg": 8872.029435611243,
  "gpu_mem_MB_peak": 25699.680256,
  "gpu": {
    "enabled": true,
    "index": 0,
    "name": "NVIDIA GeForce RTX 3090",
    "mem_total_MB": 25769.803776,
    "samples": 700
  },
  "samples": 700,
  "interval_sec": 120.0,
  "runtime": {
    "initial": {
      "epoch": 0
    },
    "current": {
      "epoch": 3183
    }
  },
  "metadata": {}
}