{
  "job_type": "CPU multiprocessing drift evaluation",
  "start_time": 1758651756.813129,
  "end_time": 1758726790.225656,
  "wall_clock_sec": 75033.41252708435,
  "cpu_percent_avg": 23.226290322580628,
  "cpu_percent_peak": 47.2,
  "ram_used_MB_avg": 151327.22808898095,
  "ram_used_MB_peak": 192541.63456,
  "gpu_util_avg": null,
  "gpu_util_peak": null,
  "gpu_mem_MB_avg": null,
  "gpu_mem_MB_peak": null,
  "samples": 620,
  "interval_sec": 120.0,
  "metadata": {}
}