{
  "job_type": "GPU training",
  "start_time": 1764236188.170747,
  "end_time": 1764239163.2570167,
  "wall_clock_sec": 2975.0862696170807,
  "cpu_percent_avg": 8.369230769230771,
  "cpu_percent_peak": 14.3,
  "ram_used_MB_avg": 258692.1990301539,
  "ram_used_MB_peak": 260588.990464,
  "gpu_util_avg": 21.307692307692307,
  "gpu_util_peak": 30.0,
  "gpu_mem_MB_avg": 4235.077474461538,
  "gpu_mem_MB_peak": 13024.886784,
  "gpu": {
    "enabled": true,
    "index": 0,
    "name": "Quadro RTX 6000",
    "mem_total_MB": 25769.803776,
    "samples": 26
  },
  "samples": 26,
  "interval_sec": 120.0,
  "runtime": {
    "initial": {
      "idx": 0
    },
    "current": {
      "idx": 59
    }
  },
  "metadata": {}
}