{
  "job_type": "GPU training",
  "start_time": 1765038462.0607822,
  "end_time": 1765196159.266338,
  "wall_clock_sec": 157697.20555591583,
  "cpu_percent_avg": 18.93028919330267,
  "cpu_percent_peak": 27.4,
  "ram_used_MB_avg": 42140.9355592085,
  "ram_used_MB_peak": 58345.693184,
  "gpu_util_avg": 30.015220700152206,
  "gpu_util_peak": 100.0,
  "gpu_mem_MB_avg": 6830.989100030349,
  "gpu_mem_MB_peak": 25699.680256,
  "gpu": {
    "enabled": true,
    "index": 0,
    "name": "NVIDIA GeForce RTX 3090",
    "mem_total_MB": 25769.803776,
    "samples": 1314
  },
  "samples": 1314,
  "interval_sec": 120.0,
  "runtime": {
    "initial": {
      "epoch": 0
    },
    "current": {
      "epoch": 5999
    }
  },
  "metadata": {}
}