{
  "job_type": "GPU training",
  "start_time": 1762900527.9181721,
  "end_time": 1762981404.7806664,
  "wall_clock_sec": 80876.86249423027,
  "cpu_percent_avg": 8.797028231797919,
  "cpu_percent_peak": 25.0,
  "ram_used_MB_avg": 10148.242953890045,
  "ram_used_MB_peak": 19219.976192,
  "gpu_util_avg": 33.76968796433878,
  "gpu_util_peak": 99.0,
  "gpu_mem_MB_avg": 2697.986048,
  "gpu_mem_MB_peak": 2697.986048,
  "gpu": {
    "enabled": true,
    "index": 0,
    "name": "NVIDIA GeForce RTX 3090",
    "mem_total_MB": 25769.803776,
    "samples": 673
  },
  "samples": 673,
  "interval_sec": 120.0,
  "runtime": {
    "initial": {
      "epoch": 0
    },
    "current": {
      "epoch": 9119
    }
  },
  "metadata": {}
}