{
  "job_type": "CPU multiprocessing drift evaluation",
  "start_time": 1758657068.0745583,
  "end_time": 1758727067.6916432,
  "wall_clock_sec": 69999.61708498001,
  "cpu_percent_avg": 1.9884083044982694,
  "cpu_percent_peak": 2.0,
  "ram_used_MB_avg": 196202.6092990448,
  "ram_used_MB_peak": 245507.366912,
  "gpu_util_avg": null,
  "gpu_util_peak": null,
  "gpu_mem_MB_avg": null,
  "gpu_mem_MB_peak": null,
  "samples": 578,
  "interval_sec": 120.0,
  "metadata": {}
}