{
  "job_type": "GPU training",
  "start_time": 1762262985.3986573,
  "end_time": 1762325986.50057,
  "wall_clock_sec": 63001.10191273689,
  "cpu_percent_avg": 6.838212927756653,
  "cpu_percent_peak": 8.2,
  "ram_used_MB_avg": 9234.676662022814,
  "ram_used_MB_peak": 10124.120064,
  "gpu_util_avg": 47.4828897338403,
  "gpu_util_peak": 96.0,
  "gpu_mem_MB_avg": 1245.5333592091254,
  "gpu_mem_MB_peak": 1443.889152,
  "gpu": {
    "enabled": true,
    "index": 0,
    "name": "NVIDIA GeForce RTX 3090",
    "mem_total_MB": 25769.803776,
    "samples": 526
  },
  "samples": 526,
  "interval_sec": 120.0,
  "runtime": {
    "initial": {
      "epoch": 1
    },
    "current": {
      "epoch": 2999
    }
  },
  "metadata": {}
}