{
  "job_type": "GPU training",
  "start_time": 1760951201.4725182,
  "end_time": 1760959964.588241,
  "wall_clock_sec": 8763.115722894669,
  "cpu_percent_avg": 9.968918918918918,
  "cpu_percent_peak": 10.2,
  "ram_used_MB_avg": 24301.41678010811,
  "ram_used_MB_peak": 24382.40256,
  "gpu_util_avg": 83.08108108108108,
  "gpu_util_peak": 98.0,
  "gpu_mem_MB_avg": 3952.054604108109,
  "gpu_mem_MB_peak": 3952.082944,
  "gpu": {
    "enabled": true,
    "index": 0,
    "name": "NVIDIA GeForce RTX 3090",
    "mem_total_MB": 25769.803776,
    "samples": 74
  },
  "samples": 74,
  "interval_sec": 120.0,
  "runtime": {
    "initial": {
      "epoch": 0
    },
    "current": {
      "epoch": 163
    }
  },
  "metadata": {}
}