{
  "job_type": "GPU training",
  "start_time": 1761070148.4296196,
  "end_time": 1761070495.644329,
  "wall_clock_sec": 347.21470952033997,
  "cpu_percent_avg": 3.2249999999999996,
  "cpu_percent_peak": 5.1,
  "ram_used_MB_avg": 19188.758528,
  "ram_used_MB_peak": 20246.581248,
  "gpu_util_avg": 0.0,
  "gpu_util_peak": 0.0,
  "gpu_mem_MB_avg": 477.822976,
  "gpu_mem_MB_peak": 477.822976,
  "gpu": {
    "enabled": true,
    "index": 0,
    "name": "NVIDIA GeForce RTX 3090",
    "mem_total_MB": 25769.803776,
    "samples": 4
  },
  "samples": 4,
  "interval_sec": 120.0,
  "runtime": {
    "initial": {
      "epoch": 0
    },
    "current": {
      "epoch": 35
    }
  },
  "metadata": {}
}