{
  "job_type": "GPU training",
  "start_time": 1765275664.150962,
  "end_time": 1765299677.7308242,
  "wall_clock_sec": 24013.579862117767,
  "cpu_percent_avg": 13.293034825870631,
  "cpu_percent_peak": 51.5,
  "ram_used_MB_avg": 49562.7542568756,
  "ram_used_MB_peak": 58101.53472,
  "gpu_util_avg": 77.40298507462687,
  "gpu_util_peak": 99.0,
  "gpu_mem_MB_avg": 16528.50133715417,
  "gpu_mem_MB_peak": 22088.384512,
  "gpu": {
    "enabled": true,
    "index": 0,
    "name": "NVIDIA GeForce RTX 3090",
    "mem_total_MB": 25769.803776,
    "samples": 201
  },
  "samples": 201,
  "interval_sec": 120.0,
  "runtime": {
    "initial": {
      "epoch": 12851
    },
    "current": {
      "epoch": 14610
    }
  },
  "metadata": {}
}