{
  "job_type": "GPU training",
  "start_time": 1765275664.150962,
  "end_time": 1765283346.5683506,
  "wall_clock_sec": 7682.4173884391785,
  "cpu_percent_avg": 14.324615384615385,
  "cpu_percent_peak": 51.5,
  "ram_used_MB_avg": 43221.58655015385,
  "ram_used_MB_peak": 51284.21376,
  "gpu_util_avg": 79.66153846153846,
  "gpu_util_peak": 99.0,
  "gpu_mem_MB_avg": 16426.523789784627,
  "gpu_mem_MB_peak": 16759.52128,
  "gpu": {
    "enabled": true,
    "index": 0,
    "name": "NVIDIA GeForce RTX 3090",
    "mem_total_MB": 25769.803776,
    "samples": 65
  },
  "samples": 65,
  "interval_sec": 120.0,
  "runtime": {
    "initial": {
      "epoch": 12851
    },
    "current": {
      "epoch": 13409
    }
  },
  "metadata": {}
}