{
  "job_type": "GPU training",
  "start_time": 1765325120.968366,
  "end_time": 1765365690.2447884,
  "wall_clock_sec": 40569.27642250061,
  "cpu_percent_avg": 10.0274336283186,
  "cpu_percent_peak": 12.7,
  "ram_used_MB_avg": 30768.347202454268,
  "ram_used_MB_peak": 37321.609216,
  "gpu_util_avg": 78.1268436578171,
  "gpu_util_peak": 99.0,
  "gpu_mem_MB_avg": 16410.411008000043,
  "gpu_mem_MB_peak": 16410.411008,
  "gpu": {
    "enabled": true,
    "index": 0,
    "name": "NVIDIA GeForce RTX 3090",
    "mem_total_MB": 25769.803776,
    "samples": 339
  },
  "samples": 339,
  "interval_sec": 120.0,
  "runtime": {
    "initial": {
      "epoch": 16494
    },
    "current": {
      "epoch": 19527
    }
  },
  "metadata": {}
}