{
  "job_type": "GPU training",
  "start_time": 1763712810.7068083,
  "end_time": 1763818692.5966198,
  "wall_clock_sec": 105881.88981151581,
  "cpu_percent_avg": 8.986363636363636,
  "cpu_percent_peak": 10.5,
  "ram_used_MB_avg": 10814.58704290909,
  "ram_used_MB_peak": 12638.769152,
  "gpu_util_avg": 82.47386363636363,
  "gpu_util_peak": 100.0,
  "gpu_mem_MB_avg": 11738.80832,
  "gpu_mem_MB_peak": 11738.80832,
  "gpu": {
    "enabled": true,
    "index": 0,
    "name": "NVIDIA GeForce RTX 3090",
    "mem_total_MB": 25769.803776,
    "samples": 880
  },
  "samples": 880,
  "interval_sec": 120.0,
  "runtime": {
    "initial": {
      "epoch": 6759
    },
    "current": {
      "epoch": 12999
    }
  },
  "metadata": {}
}