{
  "job_type": "GPU training",
  "start_time": 1764971028.681512,
  "end_time": 1764973062.1221528,
  "wall_clock_sec": 2033.4406406879425,
  "cpu_percent_avg": 4.711111111111111,
  "cpu_percent_peak": 7.1,
  "ram_used_MB_avg": 314411.4480924444,
  "ram_used_MB_peak": 323935.285248,
  "gpu_util_avg": 0.0,
  "gpu_util_peak": 0.0,
  "gpu_mem_MB_avg": 716.701696,
  "gpu_mem_MB_peak": 716.701696,
  "gpu": {
    "enabled": true,
    "index": 0,
    "name": "Quadro RTX 6000",
    "mem_total_MB": 25769.803776,
    "samples": 18
  },
  "samples": 18,
  "interval_sec": 120.0,
  "runtime": {
    "initial": {
      "idx": 0
    },
    "current": {
      "idx": 59
    }
  },
  "metadata": {}
}