{
  "job_type": "GPU training",
  "start_time": 1762827421.3971891,
  "end_time": 1762888269.9877276,
  "wall_clock_sec": 60848.59053850174,
  "cpu_percent_avg": 5.966600790513834,
  "cpu_percent_peak": 10.2,
  "ram_used_MB_avg": 8498.893998039526,
  "ram_used_MB_peak": 12103.049216,
  "gpu_util_avg": 4.278656126482214,
  "gpu_util_peak": 100.0,
  "gpu_mem_MB_avg": 996.8057979446639,
  "gpu_mem_MB_peak": 11485.052928,
  "gpu": {
    "enabled": true,
    "index": 0,
    "name": "NVIDIA GeForce RTX 3090",
    "mem_total_MB": 25769.803776,
    "samples": 506
  },
  "samples": 506,
  "interval_sec": 120.0,
  "runtime": {
    "initial": {
      "epoch": 0
    },
    "current": {
      "epoch": 6907
    }
  },
  "metadata": {}
}