{
  "job_type": "GPU training",
  "start_time": 1761242365.6352985,
  "end_time": 1761298785.658774,
  "wall_clock_sec": 56420.023475408554,
  "cpu_percent_avg": 8.973460721868365,
  "cpu_percent_peak": 25.0,
  "ram_used_MB_avg": 23767.02098099363,
  "ram_used_MB_peak": 24731.8528,
  "gpu_util_avg": 96.10191082802548,
  "gpu_util_peak": 98.0,
  "gpu_mem_MB_avg": 2721.05472,
  "gpu_mem_MB_peak": 2721.05472,
  "gpu": {
    "enabled": true,
    "index": 0,
    "name": "NVIDIA GeForce RTX 3090",
    "mem_total_MB": 25769.803776,
    "samples": 471
  },
  "samples": 471,
  "interval_sec": 120.0,
  "runtime": {
    "initial": {
      "epoch": 0
    },
    "current": {
      "epoch": 2821
    }
  },
  "metadata": {}
}