{
  "job_type": "GPU training",
  "start_time": 1765182270.8602526,
  "end_time": 1765191033.6293342,
  "wall_clock_sec": 8762.76908159256,
  "cpu_percent_avg": 22.43513513513513,
  "cpu_percent_peak": 24.3,
  "ram_used_MB_avg": 44875.21097340539,
  "ram_used_MB_peak": 50295.017472,
  "gpu_util_avg": 80.05405405405405,
  "gpu_util_peak": 98.0,
  "gpu_mem_MB_avg": 16410.411008000003,
  "gpu_mem_MB_peak": 16410.411008,
  "gpu": {
    "enabled": true,
    "index": 0,
    "name": "NVIDIA GeForce RTX 3090",
    "mem_total_MB": 25769.803776,
    "samples": 74
  },
  "samples": 74,
  "interval_sec": 120.0,
  "runtime": {
    "initial": {
      "epoch": 6000
    },
    "current": {
      "epoch": 6647
    }
  },
  "metadata": {}
}