{
  "job_type": "GPU training",
  "start_time": 1763176426.0647833,
  "end_time": 1763273992.371731,
  "wall_clock_sec": 97566.30694770813,
  "cpu_percent_avg": 7.437326607818416,
  "cpu_percent_peak": 14.3,
  "ram_used_MB_avg": 288402.3168626279,
  "ram_used_MB_peak": 390060.986368,
  "gpu_util_avg": 86.89911727616645,
  "gpu_util_peak": 100.0,
  "gpu_mem_MB_avg": 17658.80197455709,
  "gpu_mem_MB_peak": 20775.960576,
  "gpu": {
    "enabled": true,
    "index": 0,
    "name": "Quadro RTX 6000",
    "mem_total_MB": 25769.803776,
    "samples": 793
  },
  "samples": 793,
  "interval_sec": 120.0,
  "runtime": {
    "initial": {
      "idx": 0
    },
    "current": {
      "idx": 59
    }
  },
  "metadata": {}
}