{
  "job_type": "GPU training",
  "start_time": 1763437612.7323399,
  "end_time": 1763447575.0429475,
  "wall_clock_sec": 9962.310607671738,
  "cpu_percent_avg": 5.429761904761906,
  "cpu_percent_peak": 6.7,
  "ram_used_MB_avg": 123842.9604815238,
  "ram_used_MB_peak": 127404.908544,
  "gpu_util_avg": 92.07142857142857,
  "gpu_util_peak": 100.0,
  "gpu_mem_MB_avg": 10740.239408761907,
  "gpu_mem_MB_peak": 22705.340416,
  "gpu": {
    "enabled": true,
    "index": 0,
    "name": "Quadro RTX 6000",
    "mem_total_MB": 25769.803776,
    "samples": 84
  },
  "samples": 84,
  "interval_sec": 120.0,
  "runtime": {
    "initial": {
      "idx": 0
    },
    "current": {
      "idx": 59
    }
  },
  "metadata": {}
}