{
  "job_type": "GPU training",
  "start_time": 1764947377.5051622,
  "end_time": 1764949412.4473221,
  "wall_clock_sec": 2034.9421598911285,
  "cpu_percent_avg": 3.811111111111111,
  "cpu_percent_peak": 6.7,
  "ram_used_MB_avg": 269573.5189048888,
  "ram_used_MB_peak": 286154.518528,
  "gpu_util_avg": 93.77777777777777,
  "gpu_util_peak": 100.0,
  "gpu_mem_MB_avg": 1213.2606862222221,
  "gpu_mem_MB_peak": 1261.961216,
  "gpu": {
    "enabled": true,
    "index": 0,
    "name": "Quadro RTX 6000",
    "mem_total_MB": 25769.803776,
    "samples": 18
  },
  "samples": 18,
  "interval_sec": 120.0,
  "runtime": {
    "initial": {
      "idx": 0
    },
    "current": {
      "idx": 59
    }
  },
  "metadata": {}
}