{
  "job_type": "GPU training",
  "start_time": 1764800070.9533796,
  "end_time": 1764801754.8265865,
  "wall_clock_sec": 1683.8732068538666,
  "cpu_percent_avg": 9.2,
  "cpu_percent_peak": 10.2,
  "ram_used_MB_avg": 12543.297399466666,
  "ram_used_MB_peak": 13025.427456,
  "gpu_util_avg": 84.06666666666666,
  "gpu_util_peak": 100.0,
  "gpu_mem_MB_avg": 15393.2136448,
  "gpu_mem_MB_peak": 16824.40192,
  "gpu": {
    "enabled": true,
    "index": 0,
    "name": "NVIDIA GeForce RTX 3090",
    "mem_total_MB": 25769.803776,
    "samples": 15
  },
  "samples": 15,
  "interval_sec": 120.0,
  "runtime": {
    "initial": {
      "epoch": 0
    },
    "current": {
      "epoch": 65
    }
  },
  "metadata": {}
}