{
  "job_type": "GPU training",
  "start_time": 1763083259.288021,
  "end_time": 1763083260.0396962,
  "wall_clock_sec": 0.7516751289367676,
  "cpu_percent_avg": 7.1,
  "cpu_percent_peak": 7.7,
  "ram_used_MB_avg": 255226.482688,
  "ram_used_MB_peak": 255253.594112,
  "gpu_util_avg": 19.5,
  "gpu_util_peak": 26.0,
  "gpu_mem_MB_avg": 1760.0348159999999,
  "gpu_mem_MB_peak": 2228.748288,
  "gpu": {
    "enabled": true,
    "index": 0,
    "name": "Quadro RTX 6000",
    "mem_total_MB": 25769.803776,
    "samples": 2
  },
  "samples": 2,
  "interval_sec": 120.0,
  "runtime": {
    "initial": null,
    "current": null
  },
  "metadata": {}
}