{
  "job_type": "GPU training",
  "start_time": 1762879537.1244435,
  "end_time": 1762879538.0321543,
  "wall_clock_sec": 0.9077107906341553,
  "cpu_percent_avg": 2.15,
  "cpu_percent_peak": 4.3,
  "ram_used_MB_avg": 186356.944896,
  "ram_used_MB_peak": 186404.569088,
  "gpu_util_avg": 20.5,
  "gpu_util_peak": 28.0,
  "gpu_mem_MB_avg": 3118.9893119999997,
  "gpu_mem_MB_peak": 4722.262016,
  "gpu": {
    "enabled": true,
    "index": 0,
    "name": "Quadro RTX 6000",
    "mem_total_MB": 25769.803776,
    "samples": 2
  },
  "samples": 2,
  "interval_sec": 120.0,
  "runtime": {
    "initial": {
      "idx": 0
    },
    "current": {
      "idx": 0
    }
  },
  "metadata": {}
}