{
  "job_type": "GPU training",
  "start_time": 1759247030.5182412,
  "end_time": 1759311614.1405704,
  "wall_clock_sec": 64583.62232923508,
  "cpu_percent_avg": 5.092764378478664,
  "cpu_percent_peak": 5.7,
  "ram_used_MB_avg": 20454.027438782934,
  "ram_used_MB_peak": 20577.062912,
  "gpu_util_avg": 0.0,
  "gpu_util_peak": 0.0,
  "gpu_mem_MB_avg": 477.822976,
  "gpu_mem_MB_peak": 477.822976,
  "gpu": {
    "enabled": true,
    "index": 0,
    "name": "NVIDIA GeForce RTX 3090",
    "mem_total_MB": 25769.803776,
    "samples": 539
  },
  "samples": 539,
  "interval_sec": 120.0,
  "runtime": {
    "initial": {
      "epoch": 0
    },
    "current": {
      "epoch": 55
    }
  },
  "metadata": {}
}