{
  "job_type": "GPU training",
  "start_time": 1761223096.4907696,
  "end_time": 1761247589.9036162,
  "wall_clock_sec": 24493.412846565247,
  "cpu_percent_avg": 9.999024390243902,
  "cpu_percent_peak": 10.8,
  "ram_used_MB_avg": 24152.040303141464,
  "ram_used_MB_peak": 24707.149824,
  "gpu_util_avg": 95.36585365853658,
  "gpu_util_peak": 98.0,
  "gpu_mem_MB_avg": 2710.1018961170735,
  "gpu_mem_MB_peak": 2721.05472,
  "gpu": {
    "enabled": true,
    "index": 0,
    "name": "NVIDIA GeForce RTX 3090",
    "mem_total_MB": 25769.803776,
    "samples": 205
  },
  "samples": 205,
  "interval_sec": 120.0,
  "runtime": {
    "initial": {
      "epoch": 0
    },
    "current": {
      "epoch": 1510
    }
  },
  "metadata": {}
}