{
  "job_type": "GPU training",
  "start_time": 1765275664.150962,
  "end_time": 1765313010.492549,
  "wall_clock_sec": 37346.34158682823,
  "cpu_percent_avg": 13.016987179487174,
  "cpu_percent_peak": 51.5,
  "ram_used_MB_avg": 51135.38447097436,
  "ram_used_MB_peak": 58101.53472,
  "gpu_util_avg": 77.31410256410257,
  "gpu_util_peak": 99.0,
  "gpu_mem_MB_avg": 16486.488431589758,
  "gpu_mem_MB_peak": 22088.384512,
  "gpu": {
    "enabled": true,
    "index": 0,
    "name": "NVIDIA GeForce RTX 3090",
    "mem_total_MB": 25769.803776,
    "samples": 312
  },
  "samples": 312,
  "interval_sec": 120.0,
  "runtime": {
    "initial": {
      "epoch": 12851
    },
    "current": {
      "epoch": 15592
    }
  },
  "metadata": {}
}