{
  "job_type": "GPU training",
  "start_time": 1761303715.1729577,
  "end_time": 1761320043.064121,
  "wall_clock_sec": 16327.891163349152,
  "cpu_percent_avg": 10.008759124087591,
  "cpu_percent_peak": 10.9,
  "ram_used_MB_avg": 23550.400526948906,
  "ram_used_MB_peak": 23851.782144,
  "gpu_util_avg": 79.55474452554745,
  "gpu_util_peak": 100.0,
  "gpu_mem_MB_avg": 8367.297319240877,
  "gpu_mem_MB_peak": 8425.30816,
  "gpu": {
    "enabled": true,
    "index": 0,
    "name": "NVIDIA GeForce RTX 3090",
    "mem_total_MB": 25769.803776,
    "samples": 137
  },
  "samples": 137,
  "interval_sec": 120.0,
  "runtime": {
    "initial": {
      "epoch": 0
    },
    "current": {
      "epoch": 953
    }
  },
  "metadata": {}
}