{
  "job_type": "GPU training",
  "start_time": 1762478236.1953135,
  "end_time": 1762493482.7228022,
  "wall_clock_sec": 15246.527488708496,
  "cpu_percent_avg": 9.971874999999999,
  "cpu_percent_peak": 10.2,
  "ram_used_MB_avg": 15005.1696,
  "ram_used_MB_peak": 16271.81056,
  "gpu_util_avg": 80.5,
  "gpu_util_peak": 100.0,
  "gpu_mem_MB_avg": 18269.75488,
  "gpu_mem_MB_peak": 18409.848832,
  "gpu": {
    "enabled": true,
    "index": 0,
    "name": "NVIDIA GeForce RTX 3090",
    "mem_total_MB": 25769.803776,
    "samples": 128
  },
  "samples": 128,
  "interval_sec": 120.0,
  "runtime": {
    "initial": {
      "epoch": 0
    },
    "current": {
      "epoch": 775
    }
  },
  "metadata": {}
}