{
  "job_type": "GPU training",
  "start_time": 1761214674.0513022,
  "end_time": 1761215994.5976799,
  "wall_clock_sec": 1320.546377658844,
  "cpu_percent_avg": 8.983333333333333,
  "cpu_percent_peak": 10.2,
  "ram_used_MB_avg": 23671.311360000003,
  "ram_used_MB_peak": 24269.12768,
  "gpu_util_avg": 90.08333333333333,
  "gpu_util_peak": 99.0,
  "gpu_mem_MB_avg": 4108.555605333333,
  "gpu_mem_MB_peak": 4438.622208,
  "gpu": {
    "enabled": true,
    "index": 0,
    "name": "NVIDIA GeForce RTX 3090",
    "mem_total_MB": 25769.803776,
    "samples": 12
  },
  "samples": 12,
  "interval_sec": 120.0,
  "runtime": {
    "initial": {
      "epoch": 0
    },
    "current": {
      "epoch": 14
    }
  },
  "metadata": {}
}