{
  "job_type": "GPU training",
  "start_time": 1763410229.6932206,
  "end_time": 1763468567.2257783,
  "wall_clock_sec": 58337.53255772591,
  "cpu_percent_avg": 5.702702702702697,
  "cpu_percent_peak": 7.7,
  "ram_used_MB_avg": 139516.0121906029,
  "ram_used_MB_peak": 273553.965056,
  "gpu_util_avg": 94.3118503118503,
  "gpu_util_peak": 100.0,
  "gpu_mem_MB_avg": 10062.173445854465,
  "gpu_mem_MB_peak": 25523.912704,
  "gpu": {
    "enabled": true,
    "index": 0,
    "name": "Quadro RTX 6000",
    "mem_total_MB": 25769.803776,
    "samples": 481
  },
  "samples": 481,
  "interval_sec": 120.0,
  "runtime": {
    "initial": {
      "idx": 0
    },
    "current": {
      "idx": 35
    }
  },
  "metadata": {}
}