{
  "job_type": "GPU training",
  "start_time": 1765243299.741113,
  "end_time": 1765243539.4640284,
  "wall_clock_sec": 239.72291541099548,
  "cpu_percent_avg": 10.366666666666667,
  "cpu_percent_peak": 15.6,
  "ram_used_MB_avg": 247309.78167466668,
  "ram_used_MB_peak": 251501.920256,
  "gpu_util_avg": 63.333333333333336,
  "gpu_util_peak": 95.0,
  "gpu_mem_MB_avg": 713.9054933333333,
  "gpu_mem_MB_peak": 878.1824,
  "gpu": {
    "enabled": true,
    "index": 0,
    "name": "Quadro RTX 6000",
    "mem_total_MB": 25769.803776,
    "samples": 3
  },
  "samples": 3,
  "interval_sec": 120.0,
  "runtime": {
    "initial": {
      "idx": 0
    },
    "current": {
      "idx": 59
    }
  },
  "metadata": {}
}