{
  "job_type": "GPU training",
  "start_time": 1762895638.3374376,
  "end_time": 1762895998.751605,
  "wall_clock_sec": 360.4141674041748,
  "cpu_percent_avg": 5.699999999999999,
  "cpu_percent_peak": 7.6,
  "ram_used_MB_avg": 8156.781568,
  "ram_used_MB_peak": 8386.387968,
  "gpu_util_avg": 40.75,
  "gpu_util_peak": 99.0,
  "gpu_mem_MB_avg": 2697.986048,
  "gpu_mem_MB_peak": 2697.986048,
  "gpu": {
    "enabled": true,
    "index": 0,
    "name": "NVIDIA GeForce RTX 3090",
    "mem_total_MB": 25769.803776,
    "samples": 4
  },
  "samples": 4,
  "interval_sec": 120.0,
  "runtime": {
    "initial": {
      "epoch": 7749
    },
    "current": {
      "epoch": 7789
    }
  },
  "metadata": {}
}