{
  "job_type": "GPU training",
  "start_time": 1762893835.6615345,
  "end_time": 1762905116.635979,
  "wall_clock_sec": 11280.974444389343,
  "cpu_percent_avg": 5.093684210526318,
  "cpu_percent_peak": 6.7,
  "ram_used_MB_avg": 140011.34188867372,
  "ram_used_MB_peak": 143795.56864,
  "gpu_util_avg": 100.0,
  "gpu_util_peak": 100.0,
  "gpu_mem_MB_avg": 20530.59379200003,
  "gpu_mem_MB_peak": 20530.593792,
  "gpu": {
    "enabled": true,
    "index": 0,
    "name": "Quadro RTX 6000",
    "mem_total_MB": 25769.803776,
    "samples": 95
  },
  "samples": 95,
  "interval_sec": 120.0,
  "runtime": {
    "initial": {
      "idx": 0
    },
    "current": {
      "idx": 6
    }
  },
  "metadata": {}
}