{
  "job_type": "GPU training",
  "start_time": 1758882302.345863,
  "end_time": 1758895267.07147,
  "wall_clock_sec": 12964.725606918335,
  "cpu_percent_avg": 9.900917431192662,
  "cpu_percent_peak": 10.2,
  "ram_used_MB_avg": 24445.927423999998,
  "ram_used_MB_peak": 24676.896768,
  "gpu_util_avg": 98.42201834862385,
  "gpu_util_peak": 100.0,
  "gpu_mem_MB_avg": 2469.826372110092,
  "gpu_mem_MB_peak": 2488.270848,
  "gpu": {
    "enabled": true,
    "index": 0,
    "name": "NVIDIA GeForce RTX 3090",
    "mem_total_MB": 25769.803776,
    "samples": 109
  },
  "samples": 109,
  "interval_sec": 120.0,
  "runtime": {
    "initial": {
      "epoch": 0
    },
    "current": {
      "epoch": 24
    }
  },
  "metadata": {}
}