{
  "job_type": "GPU training",
  "start_time": 1761214674.0513022,
  "end_time": 1761218035.2988994,
  "wall_clock_sec": 3361.24759721756,
  "cpu_percent_avg": 9.641379310344826,
  "cpu_percent_peak": 10.2,
  "ram_used_MB_avg": 23988.475409655173,
  "ram_used_MB_peak": 24269.12768,
  "gpu_util_avg": 94.65517241379311,
  "gpu_util_peak": 99.0,
  "gpu_mem_MB_avg": 4302.042924137931,
  "gpu_mem_MB_peak": 4438.622208,
  "gpu": {
    "enabled": true,
    "index": 0,
    "name": "NVIDIA GeForce RTX 3090",
    "mem_total_MB": 25769.803776,
    "samples": 29
  },
  "samples": 29,
  "interval_sec": 120.0,
  "runtime": {
    "initial": {
      "epoch": 0
    },
    "current": {
      "epoch": 35
    }
  },
  "metadata": {}
}