{
  "job_type": "GPU training",
  "start_time": 1763316166.1281433,
  "end_time": 1763316315.383118,
  "wall_clock_sec": 149.25497460365295,
  "cpu_percent_avg": 1.7333333333333334,
  "cpu_percent_peak": 2.6,
  "ram_used_MB_avg": 5056.382293333333,
  "ram_used_MB_peak": 5175.62368,
  "gpu_util_avg": 0.0,
  "gpu_util_peak": 0.0,
  "gpu_mem_MB_avg": 477.822976,
  "gpu_mem_MB_peak": 477.822976,
  "gpu": {
    "enabled": true,
    "index": 0,
    "name": "NVIDIA GeForce RTX 3090",
    "mem_total_MB": 25769.803776,
    "samples": 3
  },
  "samples": 3,
  "interval_sec": 120.0,
  "runtime": {
    "initial": {
      "idx": 0
    },
    "current": {
      "idx": 59
    }
  },
  "metadata": {}
}