{
  "job_type": "GPU training",
  "start_time": 1765038501.279121,
  "end_time": 1765194608.4377062,
  "wall_clock_sec": 156107.15858530998,
  "cpu_percent_avg": 18.889538461538223,
  "cpu_percent_peak": 28.0,
  "ram_used_MB_avg": 42024.23450387692,
  "ram_used_MB_peak": 56931.516416,
  "gpu_util_avg": 29.963076923076922,
  "gpu_util_peak": 100.0,
  "gpu_mem_MB_avg": 6723.959117981441,
  "gpu_mem_MB_peak": 25699.680256,
  "gpu": {
    "enabled": true,
    "index": 0,
    "name": "NVIDIA GeForce RTX 3090",
    "mem_total_MB": 25769.803776,
    "samples": 1300
  },
  "samples": 1300,
  "interval_sec": 120.0,
  "runtime": {
    "initial": {
      "epoch": 0
    },
    "current": {
      "epoch": 5931
    }
  },
  "metadata": {}
}