{
  "job_type": "GPU training",
  "start_time": 1763439082.4702404,
  "end_time": 1763468926.2216673,
  "wall_clock_sec": 29843.751426935196,
  "cpu_percent_avg": 2.362655601659743,
  "cpu_percent_peak": 2.6,
  "ram_used_MB_avg": 116813.28835877188,
  "ram_used_MB_peak": 119289.073664,
  "gpu_util_avg": 0.0,
  "gpu_util_peak": 0.0,
  "gpu_mem_MB_avg": 382.3370239999982,
  "gpu_mem_MB_peak": 382.337024,
  "gpu": {
    "enabled": true,
    "index": 0,
    "name": "Quadro RTX 6000",
    "mem_total_MB": 25769.803776,
    "samples": 241
  },
  "samples": 241,
  "interval_sec": 120.0,
  "runtime": {
    "initial": {
      "idx": 0
    },
    "current": {
      "idx": 18
    }
  },
  "metadata": {}
}