{
  "job_type": "GPU training",
  "start_time": 1764800173.6870143,
  "end_time": 1764800895.5557613,
  "wall_clock_sec": 721.8687469959259,
  "cpu_percent_avg": 8.67142857142857,
  "cpu_percent_peak": 10.2,
  "ram_used_MB_avg": 12610.062628571428,
  "ram_used_MB_peak": 13056.487424,
  "gpu_util_avg": 78.42857142857143,
  "gpu_util_peak": 100.0,
  "gpu_mem_MB_avg": 14489.17635657143,
  "gpu_mem_MB_peak": 16824.40192,
  "gpu": {
    "enabled": true,
    "index": 0,
    "name": "NVIDIA GeForce RTX 3090",
    "mem_total_MB": 25769.803776,
    "samples": 7
  },
  "samples": 7,
  "interval_sec": 120.0,
  "runtime": {
    "initial": {
      "epoch": 0
    },
    "current": {
      "epoch": 24
    }
  },
  "metadata": {}
}