{
  "job_type": "GPU training",
  "start_time": 1765327254.868251,
  "end_time": 1765347420.2766228,
  "wall_clock_sec": 20165.408371686935,
  "cpu_percent_avg": 11.691715976331361,
  "cpu_percent_peak": 12.5,
  "ram_used_MB_avg": 148458.68943299406,
  "ram_used_MB_peak": 151462.985728,
  "gpu_util_avg": 87.27218934911242,
  "gpu_util_peak": 100.0,
  "gpu_mem_MB_avg": 14409.007104000035,
  "gpu_mem_MB_peak": 14409.007104,
  "gpu": {
    "enabled": true,
    "index": 0,
    "name": "Quadro RTX 6000",
    "mem_total_MB": 25769.803776,
    "samples": 169
  },
  "samples": 169,
  "interval_sec": 120.0,
  "runtime": {
    "initial": {
      "epoch": 1121
    },
    "current": {
      "epoch": 5999
    }
  },
  "metadata": {}
}