{
  "job_type": "GPU training",
  "start_time": 1764239223.7394586,
  "end_time": 1764336106.890651,
  "wall_clock_sec": 96883.15119242668,
  "cpu_percent_avg": 7.362793572311488,
  "cpu_percent_peak": 8.6,
  "ram_used_MB_avg": 160878.15627977267,
  "ram_used_MB_peak": 259131.1872,
  "gpu_util_avg": 22.91347342398022,
  "gpu_util_peak": 100.0,
  "gpu_mem_MB_avg": 1898.2909873522794,
  "gpu_mem_MB_peak": 9510.060032,
  "gpu": {
    "enabled": true,
    "index": 0,
    "name": "Quadro RTX 6000",
    "mem_total_MB": 25769.803776,
    "samples": 809
  },
  "samples": 809,
  "interval_sec": 120.0,
  "runtime": {
    "initial": {
      "idx": 0
    },
    "current": {
      "idx": 59
    }
  },
  "metadata": {}
}