{
  "job_type": "GPU training",
  "start_time": 1762896421.707779,
  "end_time": 1762900159.6111798,
  "wall_clock_sec": 3737.9034008979797,
  "cpu_percent_avg": 7.184375,
  "cpu_percent_peak": 7.9,
  "ram_used_MB_avg": 8230.560128,
  "ram_used_MB_peak": 8381.616128,
  "gpu_util_avg": 39.09375,
  "gpu_util_peak": 99.0,
  "gpu_mem_MB_avg": 2628.6059520000003,
  "gpu_mem_MB_peak": 2697.986048,
  "gpu": {
    "enabled": true,
    "index": 0,
    "name": "NVIDIA GeForce RTX 3090",
    "mem_total_MB": 25769.803776,
    "samples": 32
  },
  "samples": 32,
  "interval_sec": 120.0,
  "runtime": {
    "initial": {
      "epoch": 0
    },
    "current": {
      "epoch": 531
    }
  },
  "metadata": {}
}