{
  "job_type": "GPU training",
  "start_time": 1763372018.9402335,
  "end_time": 1763381811.6919775,
  "wall_clock_sec": 9792.751744031906,
  "cpu_percent_avg": 2.503614457831326,
  "cpu_percent_peak": 3.3,
  "ram_used_MB_avg": 175982.69341301214,
  "ram_used_MB_peak": 282800.975872,
  "gpu_util_avg": 26.93975903614458,
  "gpu_util_peak": 97.0,
  "gpu_mem_MB_avg": 4097.588655807229,
  "gpu_mem_MB_peak": 8874.622976,
  "gpu": {
    "enabled": true,
    "index": 0,
    "name": "Quadro RTX 6000",
    "mem_total_MB": 25769.803776,
    "samples": 83
  },
  "samples": 83,
  "interval_sec": 120.0,
  "runtime": {
    "initial": {
      "idx": 0
    },
    "current": {
      "idx": 59
    }
  },
  "metadata": {}
}