{
  "job_type": "GPU training",
  "start_time": 1765418714.2960846,
  "end_time": 1765452471.4895895,
  "wall_clock_sec": 33757.19350481033,
  "cpu_percent_avg": 8.98185053380783,
  "cpu_percent_peak": 50.0,
  "ram_used_MB_avg": 12253.043380384343,
  "ram_used_MB_peak": 14719.05792,
  "gpu_util_avg": 73.52669039145907,
  "gpu_util_peak": 98.0,
  "gpu_mem_MB_avg": 7830.719622832739,
  "gpu_mem_MB_peak": 7856.979968,
  "gpu": {
    "enabled": true,
    "index": 0,
    "name": "NVIDIA GeForce RTX 3090",
    "mem_total_MB": 25769.803776,
    "samples": 281
  },
  "samples": 281,
  "interval_sec": 120.0,
  "runtime": {
    "initial": {
      "epoch": 0
    },
    "current": {
      "epoch": 1821
    }
  },
  "metadata": {}
}