{
  "job_type": "GPU training",
  "start_time": 1761849740.4387648,
  "end_time": 1761904000.3474078,
  "wall_clock_sec": 54259.90864300728,
  "cpu_percent_avg": 7.500662251655629,
  "cpu_percent_peak": 10.2,
  "ram_used_MB_avg": 10105.161298507726,
  "ram_used_MB_peak": 13096.132608,
  "gpu_util_avg": 16.3841059602649,
  "gpu_util_peak": 100.0,
  "gpu_mem_MB_avg": 2244.41052397351,
  "gpu_mem_MB_peak": 11738.80832,
  "gpu": {
    "enabled": true,
    "index": 0,
    "name": "NVIDIA GeForce RTX 3090",
    "mem_total_MB": 25769.803776,
    "samples": 453
  },
  "samples": 453,
  "interval_sec": 120.0,
  "runtime": {
    "initial": {
      "epoch": 0
    },
    "current": {
      "epoch": 2263
    }
  },
  "metadata": {}
}