{
  "job_type": "GPU training",
  "start_time": 1762782858.772803,
  "end_time": 1762827902.656178,
  "wall_clock_sec": 45043.88337492943,
  "cpu_percent_avg": 5.452533333333333,
  "cpu_percent_peak": 33.3,
  "ram_used_MB_avg": 8453.978903893332,
  "ram_used_MB_peak": 12520.63232,
  "gpu_util_avg": 56.55466666666667,
  "gpu_util_peak": 99.0,
  "gpu_mem_MB_avg": 8421.113856,
  "gpu_mem_MB_peak": 8421.113856,
  "gpu": {
    "enabled": true,
    "index": 0,
    "name": "NVIDIA GeForce RTX 3090",
    "mem_total_MB": 25769.803776,
    "samples": 375
  },
  "samples": 375,
  "interval_sec": 120.0,
  "runtime": {
    "initial": {
      "epoch": 0
    },
    "current": {
      "epoch": 1669
    }
  },
  "metadata": {}
}