{
  "job_type": "GPU training",
  "start_time": 1759040754.6767235,
  "end_time": 1759096934.8163164,
  "wall_clock_sec": 56180.13959288597,
  "cpu_percent_avg": 10.071428571428571,
  "cpu_percent_peak": 33.3,
  "ram_used_MB_avg": 24722.85326792324,
  "ram_used_MB_peak": 25073.893376,
  "gpu_util_avg": 95.08528784648188,
  "gpu_util_peak": 97.0,
  "gpu_mem_MB_avg": 2479.3487294498937,
  "gpu_mem_MB_peak": 2488.270848,
  "gpu": {
    "enabled": true,
    "index": 0,
    "name": "NVIDIA GeForce RTX 3090",
    "mem_total_MB": 25769.803776,
    "samples": 469
  },
  "samples": 469,
  "interval_sec": 120.0,
  "runtime": {
    "initial": {
      "epoch": 40
    },
    "current": {
      "epoch": 181
    }
  },
  "metadata": {}
}