{
  "job_type": "GPU training",
  "start_time": 1762936232.440774,
  "end_time": 1762944390.3130066,
  "wall_clock_sec": 8157.872232675552,
  "cpu_percent_avg": 4.342028985507245,
  "cpu_percent_peak": 5.7,
  "ram_used_MB_avg": 184006.5189324058,
  "ram_used_MB_peak": 207256.797184,
  "gpu_util_avg": 20.92753623188406,
  "gpu_util_peak": 30.0,
  "gpu_mem_MB_avg": 1946.9092953043485,
  "gpu_mem_MB_peak": 3319.267328,
  "gpu": {
    "enabled": true,
    "index": 0,
    "name": "Quadro RTX 6000",
    "mem_total_MB": 25769.803776,
    "samples": 69
  },
  "samples": 69,
  "interval_sec": 120.0,
  "runtime": {
    "initial": {
      "idx": 0
    },
    "current": {
      "idx": 49
    }
  },
  "metadata": {}
}