{
  "job_type": "GPU training",
  "start_time": 1761688459.0926533,
  "end_time": 1761747562.1191988,
  "wall_clock_sec": 59103.0265455246,
  "cpu_percent_avg": 8.179107505070993,
  "cpu_percent_peak": 10.2,
  "ram_used_MB_avg": 23619.78300910345,
  "ram_used_MB_peak": 26878.222336,
  "gpu_util_avg": 94.3630831643002,
  "gpu_util_peak": 100.0,
  "gpu_mem_MB_avg": 18044.944384,
  "gpu_mem_MB_peak": 18044.944384,
  "gpu": {
    "enabled": true,
    "index": 0,
    "name": "NVIDIA GeForce RTX 3090",
    "mem_total_MB": 25769.803776,
    "samples": 493
  },
  "samples": 493,
  "interval_sec": 120.0,
  "runtime": {
    "initial": {
      "epoch": 0
    },
    "current": {
      "epoch": 899
    }
  },
  "metadata": {}
}