{
  "job_type": "GPU training",
  "start_time": 1763712953.1698956,
  "end_time": 1763902586.4825296,
  "wall_clock_sec": 189633.31263399124,
  "cpu_percent_avg": 7.398287888395688,
  "cpu_percent_peak": 10.7,
  "ram_used_MB_avg": 9577.561467860494,
  "ram_used_MB_peak": 12829.519872,
  "gpu_util_avg": 55.209892200380466,
  "gpu_util_peak": 100.0,
  "gpu_mem_MB_avg": 8118.4408061078,
  "gpu_mem_MB_peak": 11738.80832,
  "gpu": {
    "enabled": true,
    "index": 0,
    "name": "NVIDIA GeForce RTX 3090",
    "mem_total_MB": 25769.803776,
    "samples": 1577
  },
  "samples": 1577,
  "interval_sec": 120.0,
  "runtime": {
    "initial": {
      "epoch": 1750
    },
    "current": {
      "epoch": 12999
    }
  },
  "metadata": {}
}