{
  "job_type": "GPU training",
  "start_time": 1765471140.8091946,
  "end_time": 1765506016.5062394,
  "wall_clock_sec": 34875.697044849396,
  "cpu_percent_avg": 7.906849315068492,
  "cpu_percent_peak": 13.5,
  "ram_used_MB_avg": 261024.24647539746,
  "ram_used_MB_peak": 354783.555584,
  "gpu_util_avg": 58.22260273972603,
  "gpu_util_peak": 98.0,
  "gpu_mem_MB_avg": 11824.561727123293,
  "gpu_mem_MB_peak": 16741.040128,
  "gpu": {
    "enabled": true,
    "index": 0,
    "name": "Quadro RTX 6000",
    "mem_total_MB": 25769.803776,
    "samples": 292
  },
  "samples": 292,
  "interval_sec": 120.0,
  "runtime": {
    "initial": {
      "epoch": 10000
    },
    "current": {
      "epoch": 19999
    }
  },
  "metadata": {}
}