{
  "job_type": "GPU training",
  "start_time": 1761303739.116708,
  "end_time": 1761483014.231008,
  "wall_clock_sec": 179275.1143000126,
  "cpu_percent_avg": 12.679116465863453,
  "cpu_percent_peak": 17.7,
  "ram_used_MB_avg": 26855.386420433733,
  "ram_used_MB_peak": 30496.321536,
  "gpu_util_avg": 76.690093708166,
  "gpu_util_peak": 100.0,
  "gpu_mem_MB_avg": 11895.224986216868,
  "gpu_mem_MB_peak": 18411.945984,
  "gpu": {
    "enabled": true,
    "index": 0,
    "name": "NVIDIA GeForce RTX 3090",
    "mem_total_MB": 25769.803776,
    "samples": 1494
  },
  "samples": 1494,
  "interval_sec": 120.0,
  "runtime": {
    "initial": {
      "epoch": 0
    },
    "current": {
      "epoch": 3391
    }
  },
  "metadata": {}
}