{
  "job_type": "GPU training",
  "start_time": 1758487822.5413458,
  "end_time": 1758632759.388111,
  "wall_clock_sec": 144936.84676527977,
  "cpu_percent_avg": 9.875579470198675,
  "cpu_percent_peak": 12.7,
  "ram_used_MB_avg": 24249.268546119205,
  "ram_used_MB_peak": 26667.180032,
  "gpu_util_avg": null,
  "gpu_util_peak": null,
  "gpu_mem_MB_avg": null,
  "gpu_mem_MB_peak": null,
  "samples": 1208,
  "interval_sec": 120.0,
  "metadata": {}
}