{
  "job_type": "GPU training",
  "start_time": 1763416283.4419637,
  "end_time": 1763467142.2967367,
  "wall_clock_sec": 50858.854773044586,
  "cpu_percent_avg": 3.9632458233890273,
  "cpu_percent_peak": 7.1,
  "ram_used_MB_avg": 260823.2371847638,
  "ram_used_MB_peak": 287751.74144,
  "gpu_util_avg": 31.86157517899761,
  "gpu_util_peak": 100.0,
  "gpu_mem_MB_avg": 4694.2911260716,
  "gpu_mem_MB_peak": 16155.93472,
  "gpu": {
    "enabled": true,
    "index": 0,
    "name": "Quadro RTX 6000",
    "mem_total_MB": 25769.803776,
    "samples": 419
  },
  "samples": 419,
  "interval_sec": 120.0,
  "runtime": {
    "initial": {
      "idx": 0
    },
    "current": {
      "idx": 31
    }
  },
  "metadata": {}
}