{
  "job_type": "GPU training",
  "start_time": 1765065624.041113,
  "end_time": 1765181089.854813,
  "wall_clock_sec": 115465.81370019913,
  "cpu_percent_avg": 9.831666666666667,
  "cpu_percent_peak": 11.4,
  "ram_used_MB_avg": 12120.246557866667,
  "ram_used_MB_peak": 13567.823872,
  "gpu_util_avg": 85.721875,
  "gpu_util_peak": 100.0,
  "gpu_mem_MB_avg": 8406.554692266665,
  "gpu_mem_MB_peak": 8414.8224,
  "gpu": {
    "enabled": true,
    "index": 0,
    "name": "NVIDIA GeForce RTX 3090",
    "mem_total_MB": 25769.803776,
    "samples": 960
  },
  "samples": 960,
  "interval_sec": 120.0,
  "runtime": {
    "initial": {
      "epoch": 0
    },
    "current": {
      "epoch": 4816
    }
  },
  "metadata": {}
}