{
  "job_type": "GPU training",
  "start_time": 1764869603.6855853,
  "end_time": 1764935493.1375942,
  "wall_clock_sec": 65889.45200896263,
  "cpu_percent_avg": 9.838251366120218,
  "cpu_percent_peak": 11.0,
  "ram_used_MB_avg": 12432.171090069216,
  "ram_used_MB_peak": 13019.426816,
  "gpu_util_avg": 82.47176684881603,
  "gpu_util_peak": 100.0,
  "gpu_mem_MB_avg": 16037.39418206193,
  "gpu_mem_MB_peak": 16870.539264,
  "gpu": {
    "enabled": true,
    "index": 0,
    "name": "NVIDIA GeForce RTX 3090",
    "mem_total_MB": 25769.803776,
    "samples": 549
  },
  "samples": 549,
  "interval_sec": 120.0,
  "runtime": {
    "initial": {
      "epoch": 36
    },
    "current": {
      "epoch": 2823
    }
  },
  "metadata": {}
}