{
  "job_type": "GPU training",
  "start_time": 1761562061.942715,
  "end_time": 1761747492.6856363,
  "wall_clock_sec": 185430.7429213524,
  "cpu_percent_avg": 6.664724919093851,
  "cpu_percent_peak": 10.2,
  "ram_used_MB_avg": 23791.298290910036,
  "ram_used_MB_peak": 28044.414976,
  "gpu_util_avg": 94.20647249190938,
  "gpu_util_peak": 100.0,
  "gpu_mem_MB_avg": 18044.944384,
  "gpu_mem_MB_peak": 18044.944384,
  "gpu": {
    "enabled": true,
    "index": 0,
    "name": "NVIDIA GeForce RTX 3090",
    "mem_total_MB": 25769.803776,
    "samples": 1545
  },
  "samples": 1545,
  "interval_sec": 120.0,
  "runtime": {
    "initial": {
      "epoch": 0
    },
    "current": {
      "epoch": 2996
    }
  },
  "metadata": {}
}