{
  "job_type": "GPU training",
  "start_time": 1763821529.1231573,
  "end_time": 1763882731.5581622,
  "wall_clock_sec": 61202.43500494957,
  "cpu_percent_avg": 6.31,
  "cpu_percent_peak": 10.8,
  "ram_used_MB_avg": 8699.633262431373,
  "ram_used_MB_peak": 12530.741248,
  "gpu_util_avg": 27.027450980392157,
  "gpu_util_peak": 100.0,
  "gpu_mem_MB_avg": 4187.324030494117,
  "gpu_mem_MB_peak": 11738.80832,
  "gpu": {
    "enabled": true,
    "index": 0,
    "name": "NVIDIA GeForce RTX 3090",
    "mem_total_MB": 25769.803776,
    "samples": 510
  },
  "samples": 510,
  "interval_sec": 120.0,
  "runtime": {
    "initial": {
      "epoch": 7773
    },
    "current": {
      "epoch": 12999
    }
  },
  "metadata": {}
}