{
  "job_type": "GPU training",
  "start_time": 1761759573.488302,
  "end_time": 1761853760.9162185,
  "wall_clock_sec": 94187.4279165268,
  "cpu_percent_avg": 7.459669211195929,
  "cpu_percent_peak": 11.0,
  "ram_used_MB_avg": 11539.454389740456,
  "ram_used_MB_peak": 21563.6992,
  "gpu_util_avg": 83.60050890585242,
  "gpu_util_peak": 100.0,
  "gpu_mem_MB_avg": 11724.958045150128,
  "gpu_mem_MB_peak": 12180.586496,
  "gpu": {
    "enabled": true,
    "index": 0,
    "name": "NVIDIA GeForce RTX 3090",
    "mem_total_MB": 25769.803776,
    "samples": 786
  },
  "samples": 786,
  "interval_sec": 120.0,
  "runtime": {
    "initial": {
      "epoch": 0
    },
    "current": {
      "epoch": 2999
    }
  },
  "metadata": {}
}