{
  "job_type": "GPU training",
  "start_time": 1763598604.0027957,
  "end_time": 1763598604.1068718,
  "wall_clock_sec": 0.10407614707946777,
  "cpu_percent_avg": 2.55,
  "cpu_percent_peak": 5.1,
  "ram_used_MB_avg": 215011.581952,
  "ram_used_MB_peak": 215025.901568,
  "gpu_util_avg": 100.0,
  "gpu_util_peak": 100.0,
  "gpu_mem_MB_avg": 20018.888704,
  "gpu_mem_MB_peak": 20018.888704,
  "gpu": {
    "enabled": true,
    "index": 0,
    "name": "Quadro RTX 6000",
    "mem_total_MB": 25769.803776,
    "samples": 2
  },
  "samples": 2,
  "interval_sec": 120.0,
  "runtime": {
    "initial": null,
    "current": null
  },
  "metadata": {}
}