{
  "job_type": "GPU training",
  "start_time": 1765038442.0688314,
  "end_time": 1765122461.1805487,
  "wall_clock_sec": 84019.11171722412,
  "cpu_percent_avg": 18.53751783166884,
  "cpu_percent_peak": 25.0,
  "ram_used_MB_avg": 41165.436673825934,
  "ram_used_MB_peak": 49775.14496,
  "gpu_util_avg": 32.450784593437945,
  "gpu_util_peak": 100.0,
  "gpu_mem_MB_avg": 8859.954130715934,
  "gpu_mem_MB_peak": 25699.680256,
  "gpu": {
    "enabled": true,
    "index": 0,
    "name": "NVIDIA GeForce RTX 3090",
    "mem_total_MB": 25769.803776,
    "samples": 701
  },
  "samples": 701,
  "interval_sec": 120.0,
  "runtime": {
    "initial": {
      "epoch": 0
    },
    "current": {
      "epoch": 3201
    }
  },
  "metadata": {}
}