{
  "job_type": "GPU training",
  "start_time": 1765275611.285771,
  "end_time": 1765299620.6406221,
  "wall_clock_sec": 24009.35485124588,
  "cpu_percent_avg": 13.28159203980098,
  "cpu_percent_peak": 53.9,
  "ram_used_MB_avg": 49472.59850507464,
  "ram_used_MB_peak": 57826.025472,
  "gpu_util_avg": 78.30348258706468,
  "gpu_util_peak": 100.0,
  "gpu_mem_MB_avg": 16460.22521504472,
  "gpu_mem_MB_peak": 25724.84608,
  "gpu": {
    "enabled": true,
    "index": 0,
    "name": "NVIDIA GeForce RTX 3090",
    "mem_total_MB": 25769.803776,
    "samples": 201
  },
  "samples": 201,
  "interval_sec": 120.0,
  "runtime": {
    "initial": {
      "epoch": 12848
    },
    "current": {
      "epoch": 14605
    }
  },
  "metadata": {}
}