{
  "job_type": "GPU training",
  "start_time": 1761561915.458519,
  "end_time": 1761688091.659888,
  "wall_clock_sec": 126176.20136904716,
  "cpu_percent_avg": 5.952376425855513,
  "cpu_percent_peak": 10.2,
  "ram_used_MB_avg": 23867.22118278327,
  "ram_used_MB_peak": 28066.4064,
  "gpu_util_avg": 94.80893536121673,
  "gpu_util_peak": 100.0,
  "gpu_mem_MB_avg": 18028.245599391634,
  "gpu_mem_MB_peak": 18044.944384,
  "gpu": {
    "enabled": true,
    "index": 0,
    "name": "NVIDIA GeForce RTX 3090",
    "mem_total_MB": 25769.803776,
    "samples": 1052
  },
  "samples": 1052,
  "interval_sec": 120.0,
  "runtime": {
    "initial": {
      "epoch": 0
    },
    "current": {
      "epoch": 1963
    }
  },
  "metadata": {}
}