{
  "job_type": "GPU training",
  "start_time": 1763150780.0580764,
  "end_time": 1763248177.924351,
  "wall_clock_sec": 97397.86627459526,
  "cpu_percent_avg": 4.54321295143213,
  "cpu_percent_peak": 9.9,
  "ram_used_MB_avg": 294950.93579046533,
  "ram_used_MB_peak": 390349.410304,
  "gpu_util_avg": 92.73972602739725,
  "gpu_util_peak": 97.0,
  "gpu_mem_MB_avg": 7287.078912000104,
  "gpu_mem_MB_peak": 7287.078912,
  "gpu": {
    "enabled": true,
    "index": 0,
    "name": "Quadro RTX 6000",
    "mem_total_MB": 25769.803776,
    "samples": 803
  },
  "samples": 803,
  "interval_sec": 120.0,
  "runtime": {
    "initial": {
      "idx": 0
    },
    "current": {
      "idx": 59
    }
  },
  "metadata": {}
}