{
  "job_type": "GPU training",
  "start_time": 1765038442.0688314,
  "end_time": 1765105655.225278,
  "wall_clock_sec": 67213.15644645691,
  "cpu_percent_avg": 18.823351158645163,
  "cpu_percent_peak": 25.0,
  "ram_used_MB_avg": 41283.173414331526,
  "ram_used_MB_peak": 49775.14496,
  "gpu_util_avg": 40.549019607843135,
  "gpu_util_peak": 100.0,
  "gpu_mem_MB_avg": 10985.516508406234,
  "gpu_mem_MB_peak": 25699.680256,
  "gpu": {
    "enabled": true,
    "index": 0,
    "name": "NVIDIA GeForce RTX 3090",
    "mem_total_MB": 25769.803776,
    "samples": 561
  },
  "samples": 561,
  "interval_sec": 120.0,
  "runtime": {
    "initial": {
      "epoch": 0
    },
    "current": {
      "epoch": 2563
    }
  },
  "metadata": {}
}