{
  "job_type": "GPU training",
  "start_time": 1762889947.5770297,
  "end_time": 1762970767.3374462,
  "wall_clock_sec": 80819.76041650772,
  "cpu_percent_avg": 4.388724035608312,
  "cpu_percent_peak": 13.3,
  "ram_used_MB_avg": 231855.68171223742,
  "ram_used_MB_peak": 357401.980928,
  "gpu_util_avg": 99.55489614243324,
  "gpu_util_peak": 100.0,
  "gpu_mem_MB_avg": 20500.70470874802,
  "gpu_mem_MB_peak": 20530.593792,
  "gpu": {
    "enabled": true,
    "index": 0,
    "name": "Quadro RTX 6000",
    "mem_total_MB": 25769.803776,
    "samples": 674
  },
  "samples": 674,
  "interval_sec": 120.0,
  "runtime": {
    "initial": {
      "idx": 0
    },
    "current": {
      "idx": 49
    }
  },
  "metadata": {}
}