{
  "job_type": "GPU training",
  "start_time": 1761303715.1729577,
  "end_time": 1761349215.7067804,
  "wall_clock_sec": 45500.53382277489,
  "cpu_percent_avg": 10.07,
  "cpu_percent_peak": 10.9,
  "ram_used_MB_avg": 23583.13422416842,
  "ram_used_MB_peak": 23851.782144,
  "gpu_util_avg": 78.92368421052632,
  "gpu_util_peak": 100.0,
  "gpu_mem_MB_avg": 8404.393725305265,
  "gpu_mem_MB_peak": 8425.30816,
  "gpu": {
    "enabled": true,
    "index": 0,
    "name": "NVIDIA GeForce RTX 3090",
    "mem_total_MB": 25769.803776,
    "samples": 380
  },
  "samples": 380,
  "interval_sec": 120.0,
  "runtime": {
    "initial": {
      "epoch": 0
    },
    "current": {
      "epoch": 2665
    }
  },
  "metadata": {}
}