{
  "job_type": "GPU training",
  "start_time": 1762889947.5770297,
  "end_time": 1762905069.906809,
  "wall_clock_sec": 15122.32977938652,
  "cpu_percent_avg": 3.5047244094488197,
  "cpu_percent_peak": 13.3,
  "ram_used_MB_avg": 191760.72883804733,
  "ram_used_MB_peak": 193275.14624,
  "gpu_util_avg": 99.21259842519684,
  "gpu_util_peak": 100.0,
  "gpu_mem_MB_avg": 20371.969838362205,
  "gpu_mem_MB_peak": 20530.593792,
  "gpu": {
    "enabled": true,
    "index": 0,
    "name": "Quadro RTX 6000",
    "mem_total_MB": 25769.803776,
    "samples": 127
  },
  "samples": 127,
  "interval_sec": 120.0,
  "runtime": {
    "initial": {
      "idx": 0
    },
    "current": {
      "idx": 9
    }
  },
  "metadata": {}
}