{
  "job_type": "GPU training",
  "start_time": 1763401780.916865,
  "end_time": 1763404763.3948867,
  "wall_clock_sec": 2982.478021621704,
  "cpu_percent_avg": 6.176923076923079,
  "cpu_percent_peak": 13.3,
  "ram_used_MB_avg": 175925.77023999998,
  "ram_used_MB_peak": 176536.748032,
  "gpu_util_avg": 28.576923076923077,
  "gpu_util_peak": 71.0,
  "gpu_mem_MB_avg": 3138.9122560000005,
  "gpu_mem_MB_peak": 3138.912256,
  "gpu": {
    "enabled": true,
    "index": 0,
    "name": "Quadro RTX 6000",
    "mem_total_MB": 25769.803776,
    "samples": 26
  },
  "samples": 26,
  "interval_sec": 120.0,
  "runtime": {
    "initial": {
      "idx": 0
    },
    "current": {
      "idx": 59
    }
  },
  "metadata": {}
}