{
  "job_type": "GPU training",
  "start_time": 1765283763.8518605,
  "end_time": 1765285924.5281293,
  "wall_clock_sec": 2160.6762688159943,
  "cpu_percent_avg": 12.926315789473685,
  "cpu_percent_peak": 15.6,
  "ram_used_MB_avg": 50266.533888000005,
  "ram_used_MB_peak": 51641.679872,
  "gpu_util_avg": 75.63157894736842,
  "gpu_util_peak": 98.0,
  "gpu_mem_MB_avg": 16410.411008000003,
  "gpu_mem_MB_peak": 16410.411008,
  "gpu": {
    "enabled": true,
    "index": 0,
    "name": "NVIDIA GeForce RTX 3090",
    "mem_total_MB": 25769.803776,
    "samples": 19
  },
  "samples": 19,
  "interval_sec": 120.0,
  "runtime": {
    "initial": {
      "epoch": 19595
    },
    "current": {
      "epoch": 20021
    }
  },
  "metadata": {}
}