{
  "job_type": "GPU training",
  "start_time": 1761223141.2134774,
  "end_time": 1761244154.789573,
  "wall_clock_sec": 21013.576095581055,
  "cpu_percent_avg": 9.996022727272727,
  "cpu_percent_peak": 10.9,
  "ram_used_MB_avg": 24098.695633454543,
  "ram_used_MB_peak": 24814.669824,
  "gpu_util_avg": 95.28977272727273,
  "gpu_util_peak": 98.0,
  "gpu_mem_MB_avg": 2708.3090850909093,
  "gpu_mem_MB_peak": 2721.05472,
  "gpu": {
    "enabled": true,
    "index": 0,
    "name": "NVIDIA GeForce RTX 3090",
    "mem_total_MB": 25769.803776,
    "samples": 176
  },
  "samples": 176,
  "interval_sec": 120.0,
  "runtime": {
    "initial": {
      "epoch": 0
    },
    "current": {
      "epoch": 413
    }
  },
  "metadata": {}
}