{
  "job_type": "GPU training",
  "start_time": 1763428961.1269677,
  "end_time": 1763491088.0715425,
  "wall_clock_sec": 62126.944574832916,
  "cpu_percent_avg": 10.292069632495165,
  "cpu_percent_peak": 15.2,
  "ram_used_MB_avg": 12479.97360179497,
  "ram_used_MB_peak": 19954.597888,
  "gpu_util_avg": 81.94777562862669,
  "gpu_util_peak": 100.0,
  "gpu_mem_MB_avg": 11738.80832,
  "gpu_mem_MB_peak": 11738.80832,
  "gpu": {
    "enabled": true,
    "index": 0,
    "name": "NVIDIA GeForce RTX 3090",
    "mem_total_MB": 25769.803776,
    "samples": 517
  },
  "samples": 517,
  "interval_sec": 120.0,
  "runtime": {
    "initial": {
      "epoch": 0
    },
    "current": {
      "epoch": 4488
    }
  },
  "metadata": {}
}