{
  "job_type": "GPU training",
  "start_time": 1763397776.278581,
  "end_time": 1763408004.5977898,
  "wall_clock_sec": 10228.319208860397,
  "cpu_percent_avg": 2.7160919540229878,
  "cpu_percent_peak": 3.2,
  "ram_used_MB_avg": 277130.87699862075,
  "ram_used_MB_peak": 281208.13568,
  "gpu_util_avg": 25.091954022988507,
  "gpu_util_peak": 91.0,
  "gpu_mem_MB_avg": 3726.034967540232,
  "gpu_mem_MB_peak": 9073.852416,
  "gpu": {
    "enabled": true,
    "index": 0,
    "name": "Quadro RTX 6000",
    "mem_total_MB": 25769.803776,
    "samples": 87
  },
  "samples": 87,
  "interval_sec": 120.0,
  "runtime": {
    "initial": {
      "idx": 0
    },
    "current": {
      "idx": 59
    }
  },
  "metadata": {}
}