{
  "job_type": "GPU training",
  "start_time": 1759097265.8815985,
  "end_time": 1759213054.6155765,
  "wall_clock_sec": 115788.73397803307,
  "cpu_percent_avg": 10.095652173913043,
  "cpu_percent_peak": 11.0,
  "ram_used_MB_avg": 24774.906479304347,
  "ram_used_MB_peak": 25029.423104,
  "gpu_util_avg": 95.42546583850931,
  "gpu_util_peak": 97.0,
  "gpu_mem_MB_avg": 2488.270848,
  "gpu_mem_MB_peak": 2488.270848,
  "gpu": {
    "enabled": true,
    "index": 0,
    "name": "NVIDIA GeForce RTX 3090",
    "mem_total_MB": 25769.803776,
    "samples": 966
  },
  "samples": 966,
  "interval_sec": 120.0,
  "runtime": {
    "initial": {
      "epoch": 204
    },
    "current": {
      "epoch": 416
    }
  },
  "metadata": {}
}