{
  "job_type": "GPU training",
  "start_time": 1763417554.3709412,
  "end_time": 1763468582.6529653,
  "wall_clock_sec": 51028.282024145126,
  "cpu_percent_avg": 3.9206650831354,
  "cpu_percent_peak": 4.8,
  "ram_used_MB_avg": 261349.54977352978,
  "ram_used_MB_peak": 287751.225344,
  "gpu_util_avg": 32.187648456057005,
  "gpu_util_peak": 100.0,
  "gpu_mem_MB_avg": 5079.896482356294,
  "gpu_mem_MB_peak": 25119.162368,
  "gpu": {
    "enabled": true,
    "index": 0,
    "name": "Quadro RTX 6000",
    "mem_total_MB": 25769.803776,
    "samples": 421
  },
  "samples": 421,
  "interval_sec": 120.0,
  "runtime": {
    "initial": {
      "idx": 0
    },
    "current": {
      "idx": 31
    }
  },
  "metadata": {}
}