{
  "job_type": "GPU training",
  "start_time": 1762896451.5170252,
  "end_time": 1762899338.0467243,
  "wall_clock_sec": 2886.529699087143,
  "cpu_percent_avg": 7.111999999999999,
  "cpu_percent_peak": 7.7,
  "ram_used_MB_avg": 8263.91199744,
  "ram_used_MB_peak": 8381.652992,
  "gpu_util_avg": 33.6,
  "gpu_util_peak": 99.0,
  "gpu_mem_MB_avg": 2697.986048,
  "gpu_mem_MB_peak": 2697.986048,
  "gpu": {
    "enabled": true,
    "index": 0,
    "name": "NVIDIA GeForce RTX 3090",
    "mem_total_MB": 25769.803776,
    "samples": 25
  },
  "samples": 25,
  "interval_sec": 120.0,
  "runtime": {
    "initial": {
      "epoch": 0
    },
    "current": {
      "epoch": 325
    }
  },
  "metadata": {}
}