{
  "job_type": "GPU training",
  "start_time": 1765449485.4673882,
  "end_time": 1765475772.2900171,
  "wall_clock_sec": 26286.822628974915,
  "cpu_percent_avg": 18.785909090909072,
  "cpu_percent_peak": 47.0,
  "ram_used_MB_avg": 45358.495390254575,
  "ram_used_MB_peak": 69886.910464,
  "gpu_util_avg": 76.20454545454545,
  "gpu_util_peak": 99.0,
  "gpu_mem_MB_avg": 16477.932450909037,
  "gpu_mem_MB_peak": 18705.678336,
  "gpu": {
    "enabled": true,
    "index": 0,
    "name": "NVIDIA GeForce RTX 3090",
    "mem_total_MB": 25769.803776,
    "samples": 220
  },
  "samples": 220,
  "interval_sec": 120.0,
  "runtime": {
    "initial": {
      "epoch": 25664
    },
    "current": {
      "epoch": 27599
    }
  },
  "metadata": {}
}