{
  "job_type": "GPU training",
  "start_time": 1763509004.1638982,
  "end_time": 1763588388.4029489,
  "wall_clock_sec": 79384.23905062675,
  "cpu_percent_avg": 5.431458966565347,
  "cpu_percent_peak": 13.3,
  "ram_used_MB_avg": 290058.4380459573,
  "ram_used_MB_peak": 337111.28576,
  "gpu_util_avg": 99.67629179331307,
  "gpu_util_peak": 100.0,
  "gpu_mem_MB_avg": 20499.97792252911,
  "gpu_mem_MB_peak": 20530.593792,
  "gpu": {
    "enabled": true,
    "index": 0,
    "name": "Quadro RTX 6000",
    "mem_total_MB": 25769.803776,
    "samples": 658
  },
  "samples": 658,
  "interval_sec": 120.0,
  "runtime": {
    "initial": {
      "idx": 0
    },
    "current": {
      "idx": 49
    }
  },
  "metadata": {}
}