{
  "job_type": "GPU training",
  "start_time": 1761562061.942715,
  "end_time": 1761747701.4603765,
  "wall_clock_sec": 185639.5176615715,
  "cpu_percent_avg": 6.666127989657402,
  "cpu_percent_peak": 10.2,
  "ram_used_MB_avg": 23787.77903824176,
  "ram_used_MB_peak": 28044.414976,
  "gpu_util_avg": 94.21266968325791,
  "gpu_util_peak": 100.0,
  "gpu_mem_MB_avg": 18044.944384,
  "gpu_mem_MB_peak": 18044.944384,
  "gpu": {
    "enabled": true,
    "index": 0,
    "name": "NVIDIA GeForce RTX 3090",
    "mem_total_MB": 25769.803776,
    "samples": 1547
  },
  "samples": 1547,
  "interval_sec": 120.0,
  "runtime": {
    "initial": {
      "epoch": 0
    },
    "current": {
      "epoch": 2999
    }
  },
  "metadata": {}
}