{
  "job_type": "GPU training",
  "start_time": 1763414496.4812124,
  "end_time": 1763515355.2942326,
  "wall_clock_sec": 100858.81302022934,
  "cpu_percent_avg": 2.5563025210084094,
  "cpu_percent_peak": 4.2,
  "ram_used_MB_avg": 214322.7647815607,
  "ram_used_MB_peak": 296640.548864,
  "gpu_util_avg": 1.6362545018007202,
  "gpu_util_peak": 97.0,
  "gpu_mem_MB_avg": 395.28781875630557,
  "gpu_mem_MB_peak": 1152.909312,
  "gpu": {
    "enabled": true,
    "index": 0,
    "name": "Quadro RTX 6000",
    "mem_total_MB": 25769.803776,
    "samples": 833
  },
  "samples": 833,
  "interval_sec": 120.0,
  "runtime": {
    "initial": {
      "idx": 0
    },
    "current": {
      "idx": 59
    }
  },
  "metadata": {}
}