{
  "job_type": "GPU training",
  "start_time": 1763173195.0685914,
  "end_time": 1763270646.6566143,
  "wall_clock_sec": 97451.58802294731,
  "cpu_percent_avg": 3.7728877679697455,
  "cpu_percent_peak": 6.4,
  "ram_used_MB_avg": 263765.60903424956,
  "ram_used_MB_peak": 313374.461952,
  "gpu_util_avg": 92.66456494325347,
  "gpu_util_peak": 96.0,
  "gpu_mem_MB_avg": 7287.078912000103,
  "gpu_mem_MB_peak": 7287.078912,
  "gpu": {
    "enabled": true,
    "index": 0,
    "name": "Quadro RTX 6000",
    "mem_total_MB": 25769.803776,
    "samples": 793
  },
  "samples": 793,
  "interval_sec": 120.0,
  "runtime": {
    "initial": {
      "idx": 0
    },
    "current": {
      "idx": 59
    }
  },
  "metadata": {}
}