{
  "job_type": "GPU training",
  "start_time": 1764947489.205863,
  "end_time": 1764949524.700682,
  "wall_clock_sec": 2035.4948189258575,
  "cpu_percent_avg": 3.9722222222222223,
  "cpu_percent_peak": 5.1,
  "ram_used_MB_avg": 183415.3237617778,
  "ram_used_MB_peak": 193102.2336,
  "gpu_util_avg": 0.0,
  "gpu_util_peak": 0.0,
  "gpu_mem_MB_avg": 716.701696,
  "gpu_mem_MB_peak": 716.701696,
  "gpu": {
    "enabled": true,
    "index": 0,
    "name": "Quadro RTX 6000",
    "mem_total_MB": 25769.803776,
    "samples": 18
  },
  "samples": 18,
  "interval_sec": 120.0,
  "runtime": {
    "initial": {
      "idx": 0
    },
    "current": {
      "idx": 59
    }
  },
  "metadata": {}
}