{
  "job_type": "GPU training",
  "start_time": 1765300845.3417494,
  "end_time": 1765325383.370357,
  "wall_clock_sec": 24538.028607606888,
  "cpu_percent_avg": 10.066341463414634,
  "cpu_percent_peak": 10.3,
  "ram_used_MB_avg": 14559.806099356098,
  "ram_used_MB_peak": 15900.823552,
  "gpu_util_avg": 84.98048780487805,
  "gpu_util_peak": 100.0,
  "gpu_mem_MB_avg": 18320.28861315122,
  "gpu_mem_MB_peak": 18407.75168,
  "gpu": {
    "enabled": true,
    "index": 0,
    "name": "NVIDIA GeForce RTX 3090",
    "mem_total_MB": 25769.803776,
    "samples": 205
  },
  "samples": 205,
  "interval_sec": 120.0,
  "runtime": {
    "initial": {
      "epoch": 0
    },
    "current": {
      "epoch": 1821
    }
  },
  "metadata": {}
}