{
  "job_type": "GPU training",
  "start_time": 1761303756.0148702,
  "end_time": 1761319981.2418535,
  "wall_clock_sec": 16225.226983308792,
  "cpu_percent_avg": 10.015441176470588,
  "cpu_percent_peak": 10.8,
  "ram_used_MB_avg": 23586.70263717647,
  "ram_used_MB_peak": 23879.196672,
  "gpu_util_avg": 76.33823529411765,
  "gpu_util_peak": 100.0,
  "gpu_mem_MB_avg": 8425.30816,
  "gpu_mem_MB_peak": 8425.30816,
  "gpu": {
    "enabled": true,
    "index": 0,
    "name": "NVIDIA GeForce RTX 3090",
    "mem_total_MB": 25769.803776,
    "samples": 136
  },
  "samples": 136,
  "interval_sec": 120.0,
  "runtime": {
    "initial": {
      "epoch": 0
    },
    "current": {
      "epoch": 955
    }
  },
  "metadata": {}
}