{
  "job_type": "GPU training",
  "start_time": 1762893835.6799269,
  "end_time": 1762977641.4885578,
  "wall_clock_sec": 83805.8086309433,
  "cpu_percent_avg": 3.6944206008583698,
  "cpu_percent_peak": 7.1,
  "ram_used_MB_avg": 151658.90850060084,
  "ram_used_MB_peak": 332556.341248,
  "gpu_util_avg": 93.05293276108726,
  "gpu_util_peak": 100.0,
  "gpu_mem_MB_avg": 19144.86704306739,
  "gpu_mem_MB_peak": 20530.593792,
  "gpu": {
    "enabled": true,
    "index": 0,
    "name": "Quadro RTX 6000",
    "mem_total_MB": 25769.803776,
    "samples": 699
  },
  "samples": 699,
  "interval_sec": 120.0,
  "runtime": {
    "initial": {
      "idx": 0
    },
    "current": {
      "idx": 49
    }
  },
  "metadata": {}
}