{
  "job_type": "GPU training",
  "start_time": 1761688459.0926533,
  "end_time": 1761887611.1255145,
  "wall_clock_sec": 199152.03286123276,
  "cpu_percent_avg": 7.795361445783132,
  "cpu_percent_peak": 11.6,
  "ram_used_MB_avg": 15501.43262226506,
  "ram_used_MB_peak": 26878.222336,
  "gpu_util_avg": 74.27710843373494,
  "gpu_util_peak": 100.0,
  "gpu_mem_MB_avg": 11900.348045879517,
  "gpu_mem_MB_peak": 18044.944384,
  "gpu": {
    "enabled": true,
    "index": 0,
    "name": "NVIDIA GeForce RTX 3090",
    "mem_total_MB": 25769.803776,
    "samples": 1660
  },
  "samples": 1660,
  "interval_sec": 120.0,
  "runtime": {
    "initial": {
      "epoch": 0
    },
    "current": {
      "epoch": 2999
    }
  },
  "metadata": {}
}