{
  "job_type": "GPU training",
  "start_time": 1762482503.9789717,
  "end_time": 1762487607.2306423,
  "wall_clock_sec": 5103.251670598984,
  "cpu_percent_avg": 15.22272727272727,
  "cpu_percent_peak": 32.8,
  "ram_used_MB_avg": 362859.6815127273,
  "ram_used_MB_peak": 376880.922624,
  "gpu_util_avg": 27.977272727272727,
  "gpu_util_peak": 58.0,
  "gpu_mem_MB_avg": 4032.870958545455,
  "gpu_mem_MB_peak": 9168.224256,
  "gpu": {
    "enabled": true,
    "index": 0,
    "name": "Quadro RTX 6000",
    "mem_total_MB": 25769.803776,
    "samples": 44
  },
  "samples": 44,
  "interval_sec": 120.0,
  "runtime": {
    "initial": {
      "idx": 10
    },
    "current": {
      "idx": 39
    }
  },
  "metadata": {}
}