{
  "job_type": "GPU training",
  "start_time": 1762705044.7569823,
  "end_time": 1762768986.343454,
  "wall_clock_sec": 63941.58647155762,
  "cpu_percent_avg": 5.131460674157303,
  "cpu_percent_peak": 6.1,
  "ram_used_MB_avg": 7684.364456749064,
  "ram_used_MB_peak": 8537.042944,
  "gpu_util_avg": 0.0,
  "gpu_util_peak": 0.0,
  "gpu_mem_MB_avg": 477.822976,
  "gpu_mem_MB_peak": 477.822976,
  "gpu": {
    "enabled": true,
    "index": 0,
    "name": "NVIDIA GeForce RTX 3090",
    "mem_total_MB": 25769.803776,
    "samples": 534
  },
  "samples": 534,
  "interval_sec": 120.0,
  "runtime": {
    "initial": {
      "epoch": 0
    },
    "current": {
      "epoch": 5999
    }
  },
  "metadata": {}
}