{
  "job_type": "GPU training",
  "start_time": 1759230565.0689166,
  "end_time": 1759245485.3773556,
  "wall_clock_sec": 14920.308439016342,
  "cpu_percent_avg": 5.022399999999999,
  "cpu_percent_peak": 5.7,
  "ram_used_MB_avg": 20396.523618304,
  "ram_used_MB_peak": 20686.839808,
  "gpu_util_avg": 0.0,
  "gpu_util_peak": 0.0,
  "gpu_mem_MB_avg": 477.822976,
  "gpu_mem_MB_peak": 477.822976,
  "gpu": {
    "enabled": true,
    "index": 0,
    "name": "NVIDIA GeForce RTX 3090",
    "mem_total_MB": 25769.803776,
    "samples": 125
  },
  "samples": 125,
  "interval_sec": 120.0,
  "runtime": {
    "initial": {
      "epoch": 0
    },
    "current": {
      "epoch": 22
    }
  },
  "metadata": {}
}