{
  "job_type": "GPU training",
  "start_time": 1763083194.458172,
  "end_time": 1763083194.7336812,
  "wall_clock_sec": 0.2755091190338135,
  "cpu_percent_avg": 7.199999999999999,
  "cpu_percent_peak": 7.3,
  "ram_used_MB_avg": 253851.12576,
  "ram_used_MB_peak": 254112.731136,
  "gpu_util_avg": 20.0,
  "gpu_util_peak": 27.0,
  "gpu_mem_MB_avg": 1067.9746559999999,
  "gpu_mem_MB_peak": 1205.338112,
  "gpu": {
    "enabled": true,
    "index": 0,
    "name": "Quadro RTX 6000",
    "mem_total_MB": 25769.803776,
    "samples": 2
  },
  "samples": 2,
  "interval_sec": 120.0,
  "runtime": {
    "initial": null,
    "current": null
  },
  "metadata": {}
}