{
  "job_type": "GPU training",
  "start_time": 1761303739.116708,
  "end_time": 1761319981.2239108,
  "wall_clock_sec": 16242.107202768326,
  "cpu_percent_avg": 10.012500000000001,
  "cpu_percent_peak": 10.8,
  "ram_used_MB_avg": 23575.608139294116,
  "ram_used_MB_peak": 23885.9264,
  "gpu_util_avg": 76.96323529411765,
  "gpu_util_peak": 100.0,
  "gpu_mem_MB_avg": 8425.292739764707,
  "gpu_mem_MB_peak": 8425.30816,
  "gpu": {
    "enabled": true,
    "index": 0,
    "name": "NVIDIA GeForce RTX 3090",
    "mem_total_MB": 25769.803776,
    "samples": 136
  },
  "samples": 136,
  "interval_sec": 120.0,
  "runtime": {
    "initial": {
      "epoch": 0
    },
    "current": {
      "epoch": 953
    }
  },
  "metadata": {}
}