{
  "job_type": "GPU training",
  "start_time": 1762900478.455957,
  "end_time": 1762902162.799657,
  "wall_clock_sec": 1684.343700170517,
  "cpu_percent_avg": 7.0,
  "cpu_percent_peak": 7.6,
  "ram_used_MB_avg": 8081.653486933333,
  "ram_used_MB_peak": 8407.810048,
  "gpu_util_avg": 29.8,
  "gpu_util_peak": 99.0,
  "gpu_mem_MB_avg": 2549.9751765333335,
  "gpu_mem_MB_peak": 2697.986048,
  "gpu": {
    "enabled": true,
    "index": 0,
    "name": "NVIDIA GeForce RTX 3090",
    "mem_total_MB": 25769.803776,
    "samples": 15
  },
  "samples": 15,
  "interval_sec": 120.0,
  "runtime": {
    "initial": {
      "epoch": 0
    },
    "current": {
      "epoch": 253
    }
  },
  "metadata": {}
}