{
  "job_type": "GPU training",
  "start_time": 1765303444.4747796,
  "end_time": 1765308125.3223908,
  "wall_clock_sec": 4680.847611188889,
  "cpu_percent_avg": 17.027499999999996,
  "cpu_percent_peak": 19.3,
  "ram_used_MB_avg": 284845.9375616,
  "ram_used_MB_peak": 306091.982848,
  "gpu_util_avg": 2.5,
  "gpu_util_peak": 100.0,
  "gpu_mem_MB_avg": 1014.497279999999,
  "gpu_mem_MB_peak": 12628.525056,
  "gpu": {
    "enabled": true,
    "index": 0,
    "name": "Quadro RTX 6000",
    "mem_total_MB": 25769.803776,
    "samples": 40
  },
  "samples": 40,
  "interval_sec": 120.0,
  "runtime": {
    "initial": {
      "epoch": 0
    },
    "current": {
      "epoch": 1116
    }
  },
  "metadata": {}
}