{
  "job_type": "GPU training",
  "start_time": 1763428961.1269677,
  "end_time": 1763461814.448153,
  "wall_clock_sec": 32853.32118535042,
  "cpu_percent_avg": 10.010948905109489,
  "cpu_percent_peak": 10.2,
  "ram_used_MB_avg": 12180.780218861313,
  "ram_used_MB_peak": 12448.260096,
  "gpu_util_avg": 82.21532846715328,
  "gpu_util_peak": 100.0,
  "gpu_mem_MB_avg": 11738.80832,
  "gpu_mem_MB_peak": 11738.80832,
  "gpu": {
    "enabled": true,
    "index": 0,
    "name": "NVIDIA GeForce RTX 3090",
    "mem_total_MB": 25769.803776,
    "samples": 274
  },
  "samples": 274,
  "interval_sec": 120.0,
  "runtime": {
    "initial": {
      "epoch": 0
    },
    "current": {
      "epoch": 2351
    }
  },
  "metadata": {}
}