{
  "job_type": "GPU training",
  "start_time": 1762889947.5770297,
  "end_time": 1762905189.9368322,
  "wall_clock_sec": 15242.359802484512,
  "cpu_percent_avg": 3.505468750000001,
  "cpu_percent_peak": 13.3,
  "ram_used_MB_avg": 191766.1264640001,
  "ram_used_MB_peak": 193275.14624,
  "gpu_util_avg": 99.21875,
  "gpu_util_peak": 100.0,
  "gpu_mem_MB_avg": 20373.209088,
  "gpu_mem_MB_peak": 20530.593792,
  "gpu": {
    "enabled": true,
    "index": 0,
    "name": "Quadro RTX 6000",
    "mem_total_MB": 25769.803776,
    "samples": 128
  },
  "samples": 128,
  "interval_sec": 120.0,
  "runtime": {
    "initial": {
      "idx": 0
    },
    "current": {
      "idx": 9
    }
  },
  "metadata": {}
}