{
  "job_type": "GPU training",
  "start_time": 1762900505.0013769,
  "end_time": 1762958608.5865834,
  "wall_clock_sec": 58103.58520650864,
  "cpu_percent_avg": 8.124586776859504,
  "cpu_percent_peak": 10.5,
  "ram_used_MB_avg": 9183.426686942148,
  "ram_used_MB_peak": 13514.760192,
  "gpu_util_avg": 33.09504132231405,
  "gpu_util_peak": 99.0,
  "gpu_mem_MB_avg": 2697.986048,
  "gpu_mem_MB_peak": 2697.986048,
  "gpu": {
    "enabled": true,
    "index": 0,
    "name": "NVIDIA GeForce RTX 3090",
    "mem_total_MB": 25769.803776,
    "samples": 484
  },
  "samples": 484,
  "interval_sec": 120.0,
  "runtime": {
    "initial": {
      "epoch": 0
    },
    "current": {
      "epoch": 6613
    }
  },
  "metadata": {}
}