{
  "job_type": "GPU training",
  "start_time": 1759042316.155445,
  "end_time": 1759089972.5083587,
  "wall_clock_sec": 47656.35291361809,
  "cpu_percent_avg": 10.083919597989949,
  "cpu_percent_peak": 10.9,
  "ram_used_MB_avg": 24795.212589025126,
  "ram_used_MB_peak": 25073.90976,
  "gpu_util_avg": 95.48994974874371,
  "gpu_util_peak": 97.0,
  "gpu_mem_MB_avg": 2488.270848,
  "gpu_mem_MB_peak": 2488.270848,
  "gpu": {
    "enabled": true,
    "index": 0,
    "name": "NVIDIA GeForce RTX 3090",
    "mem_total_MB": 25769.803776,
    "samples": 398
  },
  "samples": 398,
  "interval_sec": 120.0,
  "runtime": {
    "initial": {
      "epoch": 0
    },
    "current": {
      "epoch": 119
    }
  },
  "metadata": {}
}