{
  "job_type": "GPU training",
  "start_time": 1762618000.550876,
  "end_time": 1762626493.1490195,
  "wall_clock_sec": 8492.598143577576,
  "cpu_percent_avg": 9.319444444444445,
  "cpu_percent_peak": 10.3,
  "ram_used_MB_avg": 445530.5710364444,
  "ram_used_MB_peak": 486558.18752,
  "gpu_util_avg": 6.208333333333333,
  "gpu_util_peak": 100.0,
  "gpu_mem_MB_avg": 1449.685447111112,
  "gpu_mem_MB_peak": 11271.667712,
  "gpu": {
    "enabled": true,
    "index": 0,
    "name": "Quadro RTX 6000",
    "mem_total_MB": 25769.803776,
    "samples": 72
  },
  "samples": 72,
  "interval_sec": 120.0,
  "runtime": {
    "initial": {
      "idx": 0
    },
    "current": {
      "idx": 49
    }
  },
  "metadata": {}
}