{
  "job_type": "GPU training",
  "start_time": 1761223153.2887206,
  "end_time": 1761242123.280977,
  "wall_clock_sec": 18969.99225640297,
  "cpu_percent_avg": 10.309433962264151,
  "cpu_percent_peak": 50.0,
  "ram_used_MB_avg": 24059.0434278239,
  "ram_used_MB_peak": 24328.589312,
  "gpu_util_avg": 95.23899371069183,
  "gpu_util_peak": 98.0,
  "gpu_mem_MB_avg": 2706.9463442515726,
  "gpu_mem_MB_peak": 2721.05472,
  "gpu": {
    "enabled": true,
    "index": 0,
    "name": "NVIDIA GeForce RTX 3090",
    "mem_total_MB": 25769.803776,
    "samples": 159
  },
  "samples": 159,
  "interval_sec": 120.0,
  "runtime": {
    "initial": {
      "epoch": 0
    },
    "current": {
      "epoch": 325
    }
  },
  "metadata": {}
}