{
  "job_type": "GPU training",
  "start_time": 1761562061.942715,
  "end_time": 1761648288.380916,
  "wall_clock_sec": 86226.43820118904,
  "cpu_percent_avg": 6.333936022253129,
  "cpu_percent_peak": 10.2,
  "ram_used_MB_avg": 24178.625568756608,
  "ram_used_MB_peak": 28044.414976,
  "gpu_util_avg": 94.35465924895688,
  "gpu_util_peak": 100.0,
  "gpu_mem_MB_avg": 18044.944384,
  "gpu_mem_MB_peak": 18044.944384,
  "gpu": {
    "enabled": true,
    "index": 0,
    "name": "NVIDIA GeForce RTX 3090",
    "mem_total_MB": 25769.803776,
    "samples": 719
  },
  "samples": 719,
  "interval_sec": 120.0,
  "runtime": {
    "initial": {
      "epoch": 0
    },
    "current": {
      "epoch": 1391
    }
  },
  "metadata": {}
}