{
  "job_type": "CPU multiprocessing drift evaluation",
  "start_time": 1758657068.0745583,
  "end_time": 1758739802.8159661,
  "wall_clock_sec": 82734.74140787125,
  "cpu_percent_avg": 1.9891812865497072,
  "cpu_percent_peak": 2.0,
  "ram_used_MB_avg": 194673.34908706407,
  "ram_used_MB_peak": 245507.366912,
  "gpu_util_avg": null,
  "gpu_util_peak": null,
  "gpu_mem_MB_avg": null,
  "gpu_mem_MB_peak": null,
  "samples": 684,
  "interval_sec": 120.0,
  "metadata": {}
}