{
  "job_type": "GPU training",
  "start_time": 1762188478.9105213,
  "end_time": 1762247191.9546652,
  "wall_clock_sec": 58713.04414391518,
  "cpu_percent_avg": 7.508979591836734,
  "cpu_percent_peak": 10.2,
  "ram_used_MB_avg": 9640.547014530614,
  "ram_used_MB_peak": 11614.1056,
  "gpu_util_avg": 0.0,
  "gpu_util_peak": 0.0,
  "gpu_mem_MB_avg": 477.822976,
  "gpu_mem_MB_peak": 477.822976,
  "gpu": {
    "enabled": true,
    "index": 0,
    "name": "NVIDIA GeForce RTX 3090",
    "mem_total_MB": 25769.803776,
    "samples": 490
  },
  "samples": 490,
  "interval_sec": 120.0,
  "runtime": {
    "initial": {
      "epoch": 0
    },
    "current": {
      "epoch": 2505
    }
  },
  "metadata": {}
}