{
  "job_type": "GPU training",
  "start_time": 1762609788.712086,
  "end_time": 1762617960.647168,
  "wall_clock_sec": 8171.935081958771,
  "cpu_percent_avg": 9.280000000000005,
  "cpu_percent_peak": 10.8,
  "ram_used_MB_avg": 446915.9533421712,
  "ram_used_MB_peak": 484520.042496,
  "gpu_util_avg": 4.742857142857143,
  "gpu_util_peak": 83.0,
  "gpu_mem_MB_avg": 1319.8426112,
  "gpu_mem_MB_peak": 11271.667712,
  "gpu": {
    "enabled": true,
    "index": 0,
    "name": "Quadro RTX 6000",
    "mem_total_MB": 25769.803776,
    "samples": 70
  },
  "samples": 70,
  "interval_sec": 120.0,
  "runtime": {
    "initial": {
      "idx": 0
    },
    "current": {
      "idx": 49
    }
  },
  "metadata": {}
}