{
  "job_type": "GPU training",
  "start_time": 1761759573.488302,
  "end_time": 1761848929.4603543,
  "wall_clock_sec": 89355.97205233574,
  "cpu_percent_avg": 7.360805369127517,
  "cpu_percent_peak": 11.0,
  "ram_used_MB_avg": 11517.297657127516,
  "ram_used_MB_peak": 21563.6992,
  "gpu_util_avg": 83.81476510067114,
  "gpu_util_peak": 100.0,
  "gpu_mem_MB_avg": 11724.285894271141,
  "gpu_mem_MB_peak": 12180.586496,
  "gpu": {
    "enabled": true,
    "index": 0,
    "name": "NVIDIA GeForce RTX 3090",
    "mem_total_MB": 25769.803776,
    "samples": 745
  },
  "samples": 745,
  "interval_sec": 120.0,
  "runtime": {
    "initial": {
      "epoch": 0
    },
    "current": {
      "epoch": 2845
    }
  },
  "metadata": {}
}