{
  "job_type": "GPU training",
  "start_time": 1765217056.8896291,
  "end_time": 1765218858.0927236,
  "wall_clock_sec": 1801.2030944824219,
  "cpu_percent_avg": 10.175,
  "cpu_percent_peak": 11.0,
  "ram_used_MB_avg": 37027.871999999996,
  "ram_used_MB_peak": 37556.862976,
  "gpu_util_avg": 74.1875,
  "gpu_util_peak": 98.0,
  "gpu_mem_MB_avg": 15406.206975999998,
  "gpu_mem_MB_peak": 16410.411008,
  "gpu": {
    "enabled": true,
    "index": 0,
    "name": "NVIDIA GeForce RTX 3090",
    "mem_total_MB": 25769.803776,
    "samples": 16
  },
  "samples": 16,
  "interval_sec": 120.0,
  "runtime": {
    "initial": {
      "epoch": 7636
    },
    "current": {
      "epoch": 7721
    }
  },
  "metadata": {}
}