{
  "job_type": "GPU training",
  "start_time": 1762478398.0806098,
  "end_time": 1762609401.012314,
  "wall_clock_sec": 131002.93170428276,
  "cpu_percent_avg": 9.542804766269477,
  "cpu_percent_peak": 10.8,
  "ram_used_MB_avg": 14243.481057495876,
  "ram_used_MB_peak": 16624.074752,
  "gpu_util_avg": 74.83684692942255,
  "gpu_util_peak": 100.0,
  "gpu_mem_MB_avg": 16645.042142210816,
  "gpu_mem_MB_peak": 18409.848832,
  "gpu": {
    "enabled": true,
    "index": 0,
    "name": "NVIDIA GeForce RTX 3090",
    "mem_total_MB": 25769.803776,
    "samples": 1091
  },
  "samples": 1091,
  "interval_sec": 120.0,
  "runtime": {
    "initial": {
      "epoch": 0
    },
    "current": {
      "epoch": 3851
    }
  },
  "metadata": {}
}