{
  "job_type": "GPU training",
  "start_time": 1760951201.4725182,
  "end_time": 1760960084.6189752,
  "wall_clock_sec": 8883.146456956863,
  "cpu_percent_avg": 9.970666666666666,
  "cpu_percent_peak": 10.2,
  "ram_used_MB_avg": 24302.370816,
  "ram_used_MB_peak": 24382.40256,
  "gpu_util_avg": 83.28,
  "gpu_util_peak": 98.0,
  "gpu_mem_MB_avg": 3952.0549819733333,
  "gpu_mem_MB_peak": 3952.082944,
  "gpu": {
    "enabled": true,
    "index": 0,
    "name": "NVIDIA GeForce RTX 3090",
    "mem_total_MB": 25769.803776,
    "samples": 75
  },
  "samples": 75,
  "interval_sec": 120.0,
  "runtime": {
    "initial": {
      "epoch": 0
    },
    "current": {
      "epoch": 165
    }
  },
  "metadata": {}
}