{
  "job_type": "GPU training",
  "start_time": 1762900478.455957,
  "end_time": 1762963649.6518154,
  "wall_clock_sec": 63171.195858478546,
  "cpu_percent_avg": 8.11787072243346,
  "cpu_percent_peak": 10.4,
  "ram_used_MB_avg": 9223.230436745247,
  "ram_used_MB_peak": 29316.943872,
  "gpu_util_avg": 32.28897338403042,
  "gpu_util_peak": 99.0,
  "gpu_mem_MB_avg": 2693.765205657795,
  "gpu_mem_MB_peak": 2697.986048,
  "gpu": {
    "enabled": true,
    "index": 0,
    "name": "NVIDIA GeForce RTX 3090",
    "mem_total_MB": 25769.803776,
    "samples": 526
  },
  "samples": 526,
  "interval_sec": 120.0,
  "runtime": {
    "initial": {
      "epoch": 0
    },
    "current": {
      "epoch": 9397
    }
  },
  "metadata": {}
}