{
  "job_type": "GPU training",
  "start_time": 1763427746.814036,
  "end_time": 1763429307.2027233,
  "wall_clock_sec": 1560.3886873722076,
  "cpu_percent_avg": 6.521428571428571,
  "cpu_percent_peak": 13.3,
  "ram_used_MB_avg": 126487.3398857143,
  "ram_used_MB_peak": 127335.911424,
  "gpu_util_avg": 99.78571428571429,
  "gpu_util_peak": 100.0,
  "gpu_mem_MB_avg": 8584.31722057143,
  "gpu_mem_MB_peak": 21272.9856,
  "gpu": {
    "enabled": true,
    "index": 0,
    "name": "Quadro RTX 6000",
    "mem_total_MB": 25769.803776,
    "samples": 14
  },
  "samples": 14,
  "interval_sec": 120.0,
  "runtime": {
    "initial": {
      "idx": 0
    },
    "current": {
      "idx": 9
    }
  },
  "metadata": {}
}