{
  "job_type": "GPU training",
  "start_time": 1764869600.8481305,
  "end_time": 1764955993.662487,
  "wall_clock_sec": 86392.81435656548,
  "cpu_percent_avg": 9.891515994436718,
  "cpu_percent_peak": 11.0,
  "ram_used_MB_avg": 12403.042688534075,
  "ram_used_MB_peak": 13062.230016,
  "gpu_util_avg": 82.86787204450626,
  "gpu_util_peak": 100.0,
  "gpu_mem_MB_avg": 16232.158101184978,
  "gpu_mem_MB_peak": 16870.539264,
  "gpu": {
    "enabled": true,
    "index": 0,
    "name": "NVIDIA GeForce RTX 3090",
    "mem_total_MB": 25769.803776,
    "samples": 719
  },
  "samples": 719,
  "interval_sec": 120.0,
  "runtime": {
    "initial": {
      "epoch": 22
    },
    "current": {
      "epoch": 2198
    }
  },
  "metadata": {}
}