{
  "job_type": "GPU training",
  "start_time": 1763589874.9511333,
  "end_time": 1763589875.0757928,
  "wall_clock_sec": 0.12465953826904297,
  "cpu_percent_avg": 6.15,
  "cpu_percent_peak": 7.1,
  "ram_used_MB_avg": 139059.816448,
  "ram_used_MB_peak": 139067.346944,
  "gpu_util_avg": 100.0,
  "gpu_util_peak": 100.0,
  "gpu_mem_MB_avg": 24519.376896,
  "gpu_mem_MB_peak": 24519.376896,
  "gpu": {
    "enabled": true,
    "index": 0,
    "name": "Quadro RTX 6000",
    "mem_total_MB": 25769.803776,
    "samples": 2
  },
  "samples": 2,
  "interval_sec": 120.0,
  "runtime": {
    "initial": null,
    "current": null
  },
  "metadata": {}
}