{
  "job_type": "GPU training",
  "start_time": 1758882480.7535844,
  "end_time": 1759013758.6757278,
  "wall_clock_sec": 131277.92214345932,
  "cpu_percent_avg": 10.085009140767825,
  "cpu_percent_peak": 10.8,
  "ram_used_MB_avg": 24588.067497418648,
  "ram_used_MB_peak": 24881.99168,
  "gpu_util_avg": 99.79433272394881,
  "gpu_util_peak": 100.0,
  "gpu_mem_MB_avg": 2488.270848,
  "gpu_mem_MB_peak": 2488.270848,
  "gpu": {
    "enabled": true,
    "index": 0,
    "name": "NVIDIA GeForce RTX 3090",
    "mem_total_MB": 25769.803776,
    "samples": 1094
  },
  "samples": 1094,
  "interval_sec": 120.0,
  "runtime": {
    "initial": {
      "epoch": 0
    },
    "current": {
      "epoch": 316
    }
  },
  "metadata": {}
}