{
  "job_type": "GPU training",
  "start_time": 1761349565.4201674,
  "end_time": 1761481287.854955,
  "wall_clock_sec": 131722.43478751183,
  "cpu_percent_avg": 13.638979963570128,
  "cpu_percent_peak": 17.9,
  "ram_used_MB_avg": 28039.154413814205,
  "ram_used_MB_peak": 30560.690176,
  "gpu_util_avg": 75.89799635701274,
  "gpu_util_peak": 100.0,
  "gpu_mem_MB_avg": 13010.95202786157,
  "gpu_mem_MB_peak": 18411.945984,
  "gpu": {
    "enabled": true,
    "index": 0,
    "name": "NVIDIA GeForce RTX 3090",
    "mem_total_MB": 25769.803776,
    "samples": 1098
  },
  "samples": 1098,
  "interval_sec": 120.0,
  "runtime": {
    "initial": {
      "epoch": 0
    },
    "current": {
      "epoch": 2999
    }
  },
  "metadata": {}
}