{
  "job_type": "GPU training",
  "start_time": 1763375963.591581,
  "end_time": 1763382876.8571155,
  "wall_clock_sec": 6913.26553440094,
  "cpu_percent_avg": 2.310344827586209,
  "cpu_percent_peak": 2.5,
  "ram_used_MB_avg": 120222.69514151722,
  "ram_used_MB_peak": 121513.181184,
  "gpu_util_avg": 15.39655172413793,
  "gpu_util_peak": 93.0,
  "gpu_mem_MB_avg": 3138.912256000002,
  "gpu_mem_MB_peak": 3138.912256,
  "gpu": {
    "enabled": true,
    "index": 0,
    "name": "Quadro RTX 6000",
    "mem_total_MB": 25769.803776,
    "samples": 58
  },
  "samples": 58,
  "interval_sec": 120.0,
  "runtime": {
    "initial": {
      "idx": 0
    },
    "current": {
      "idx": 4
    }
  },
  "metadata": {}
}