{
  "job_type": "GPU training",
  "start_time": 1765238631.6176085,
  "end_time": 1765274760.5816605,
  "wall_clock_sec": 36128.9640519619,
  "cpu_percent_avg": 13.03675496688749,
  "cpu_percent_peak": 35.9,
  "ram_used_MB_avg": 33625.42863258277,
  "ram_used_MB_peak": 42074.267648,
  "gpu_util_avg": 74.82450331125828,
  "gpu_util_peak": 98.0,
  "gpu_mem_MB_avg": 16357.208145377484,
  "gpu_mem_MB_peak": 16410.411008,
  "gpu": {
    "enabled": true,
    "index": 0,
    "name": "NVIDIA GeForce RTX 3090",
    "mem_total_MB": 25769.803776,
    "samples": 302
  },
  "samples": 302,
  "interval_sec": 120.0,
  "runtime": {
    "initial": {
      "epoch": 8647
    },
    "current": {
      "epoch": 10356
    }
  },
  "metadata": {}
}