{
  "job_type": "GPU training",
  "start_time": 1764870817.8394418,
  "end_time": 1765002884.4592075,
  "wall_clock_sec": 132066.6197657585,
  "cpu_percent_avg": 10.609074410163343,
  "cpu_percent_peak": 17.2,
  "ram_used_MB_avg": 36780.756560842136,
  "ram_used_MB_peak": 54595.743744,
  "gpu_util_avg": 84.6869328493648,
  "gpu_util_peak": 100.0,
  "gpu_mem_MB_avg": 23359.236501140163,
  "gpu_mem_MB_peak": 25699.680256,
  "gpu": {
    "enabled": true,
    "index": 0,
    "name": "NVIDIA GeForce RTX 3090",
    "mem_total_MB": 25769.803776,
    "samples": 1102
  },
  "samples": 1102,
  "interval_sec": 120.0,
  "runtime": {
    "initial": {
      "epoch": 0
    },
    "current": {
      "epoch": 5999
    }
  },
  "metadata": {}
}