{
  "job_type": "GPU training",
  "start_time": 1765038425.012335,
  "end_time": 1765122461.1804807,
  "wall_clock_sec": 84036.16814565659,
  "cpu_percent_avg": 18.532810271041154,
  "cpu_percent_peak": 25.1,
  "ram_used_MB_avg": 41162.86036578603,
  "ram_used_MB_peak": 49486.483456,
  "gpu_util_avg": 32.38801711840228,
  "gpu_util_peak": 100.0,
  "gpu_mem_MB_avg": 8872.699994567574,
  "gpu_mem_MB_peak": 25699.680256,
  "gpu": {
    "enabled": true,
    "index": 0,
    "name": "NVIDIA GeForce RTX 3090",
    "mem_total_MB": 25769.803776,
    "samples": 701
  },
  "samples": 701,
  "interval_sec": 120.0,
  "runtime": {
    "initial": {
      "epoch": 0
    },
    "current": {
      "epoch": 3201
    }
  },
  "metadata": {}
}