{
  "job_type": "GPU training",
  "start_time": 1761688459.0926533,
  "end_time": 1761745521.0573716,
  "wall_clock_sec": 57061.96471834183,
  "cpu_percent_avg": 8.196008403361343,
  "cpu_percent_peak": 10.2,
  "ram_used_MB_avg": 23694.932992,
  "ram_used_MB_peak": 26878.222336,
  "gpu_util_avg": 94.34243697478992,
  "gpu_util_peak": 100.0,
  "gpu_mem_MB_avg": 18044.944384,
  "gpu_mem_MB_peak": 18044.944384,
  "gpu": {
    "enabled": true,
    "index": 0,
    "name": "NVIDIA GeForce RTX 3090",
    "mem_total_MB": 25769.803776,
    "samples": 476
  },
  "samples": 476,
  "interval_sec": 120.0,
  "runtime": {
    "initial": {
      "epoch": 0
    },
    "current": {
      "epoch": 869
    }
  },
  "metadata": {}
}