{
  "job_type": "GPU training",
  "start_time": 1762618375.0342126,
  "end_time": 1762626489.501614,
  "wall_clock_sec": 8114.467401504517,
  "cpu_percent_avg": 9.768115942028988,
  "cpu_percent_peak": 11.1,
  "ram_used_MB_avg": 418098.89944857964,
  "ram_used_MB_peak": 447506.075648,
  "gpu_util_avg": 5.115942028985507,
  "gpu_util_peak": 100.0,
  "gpu_mem_MB_avg": 1328.5837838840578,
  "gpu_mem_MB_peak": 11271.667712,
  "gpu": {
    "enabled": true,
    "index": 0,
    "name": "Quadro RTX 6000",
    "mem_total_MB": 25769.803776,
    "samples": 69
  },
  "samples": 69,
  "interval_sec": 120.0,
  "runtime": {
    "initial": {
      "idx": 0
    },
    "current": {
      "idx": 49
    }
  },
  "metadata": {}
}