{
  "job_type": "GPU training",
  "start_time": 1762893833.6984968,
  "end_time": 1762901903.005987,
  "wall_clock_sec": 8069.307490110397,
  "cpu_percent_avg": 5.328985507246376,
  "cpu_percent_peak": 5.7,
  "ram_used_MB_avg": 139881.3683533913,
  "ram_used_MB_peak": 142352.674816,
  "gpu_util_avg": 100.0,
  "gpu_util_peak": 100.0,
  "gpu_mem_MB_avg": 20530.593792000007,
  "gpu_mem_MB_peak": 20530.593792,
  "gpu": {
    "enabled": true,
    "index": 0,
    "name": "Quadro RTX 6000",
    "mem_total_MB": 25769.803776,
    "samples": 69
  },
  "samples": 69,
  "interval_sec": 120.0,
  "runtime": {
    "initial": {
      "idx": 0
    },
    "current": {
      "idx": 49
    }
  },
  "metadata": {}
}