{
  "job_type": "GPU training",
  "start_time": 1765300845.3417494,
  "end_time": 1765381676.1760912,
  "wall_clock_sec": 80830.83434176445,
  "cpu_percent_avg": 10.104754829123328,
  "cpu_percent_peak": 13.4,
  "ram_used_MB_avg": 15090.412886347696,
  "ram_used_MB_peak": 18217.566208,
  "gpu_util_avg": 84.481426448737,
  "gpu_util_peak": 100.0,
  "gpu_mem_MB_avg": 18381.01016801189,
  "gpu_mem_MB_peak": 18407.75168,
  "gpu": {
    "enabled": true,
    "index": 0,
    "name": "NVIDIA GeForce RTX 3090",
    "mem_total_MB": 25769.803776,
    "samples": 673
  },
  "samples": 673,
  "interval_sec": 120.0,
  "runtime": {
    "initial": {
      "epoch": 0
    },
    "current": {
      "epoch": 5999
    }
  },
  "metadata": {}
}