{
  "job_type": "GPU training",
  "start_time": 1763429094.5913088,
  "end_time": 1763550997.6355357,
  "wall_clock_sec": 121903.04422688484,
  "cpu_percent_avg": 9.703257650542941,
  "cpu_percent_peak": 15.2,
  "ram_used_MB_avg": 12042.598931711747,
  "ram_used_MB_peak": 21349.822464,
  "gpu_util_avg": 82.42250740375124,
  "gpu_util_peak": 100.0,
  "gpu_mem_MB_avg": 12064.56519745706,
  "gpu_mem_MB_peak": 25000.476672,
  "gpu": {
    "enabled": true,
    "index": 0,
    "name": "NVIDIA GeForce RTX 3090",
    "mem_total_MB": 25769.803776,
    "samples": 1013
  },
  "samples": 1013,
  "interval_sec": 120.0,
  "runtime": {
    "initial": {
      "epoch": 0
    },
    "current": {
      "epoch": 4529
    }
  },
  "metadata": {}
}