{
  "job_type": "GPU training",
  "start_time": 1764882954.843789,
  "end_time": 1764960985.9151037,
  "wall_clock_sec": 78031.07131457329,
  "cpu_percent_avg": 11.465284178187405,
  "cpu_percent_peak": 17.4,
  "ram_used_MB_avg": 38986.08234489711,
  "ram_used_MB_peak": 54595.743744,
  "gpu_util_avg": 93.54531490015361,
  "gpu_util_peak": 100.0,
  "gpu_mem_MB_avg": 25685.94578285696,
  "gpu_mem_MB_peak": 25699.680256,
  "gpu": {
    "enabled": true,
    "index": 0,
    "name": "NVIDIA GeForce RTX 3090",
    "mem_total_MB": 25769.803776,
    "samples": 651
  },
  "samples": 651,
  "interval_sec": 120.0,
  "runtime": {
    "initial": {
      "epoch": 0
    },
    "current": {
      "epoch": 3494
    }
  },
  "metadata": {}
}