{
  "job_type": "GPU training",
  "start_time": 1763161152.3210118,
  "end_time": 1763258846.21554,
  "wall_clock_sec": 97693.89452815056,
  "cpu_percent_avg": 2.411374999999994,
  "cpu_percent_peak": 20.0,
  "ram_used_MB_avg": 127461.15738112014,
  "ram_used_MB_peak": 152263.55712,
  "gpu_util_avg": 92.03125,
  "gpu_util_peak": 100.0,
  "gpu_mem_MB_avg": 11418.787184639978,
  "gpu_mem_MB_peak": 25555.369984,
  "gpu": {
    "enabled": true,
    "index": 0,
    "name": "Quadro RTX 6000",
    "mem_total_MB": 25769.803776,
    "samples": 800
  },
  "samples": 800,
  "interval_sec": 120.0,
  "runtime": {
    "initial": {
      "idx": 0
    },
    "current": {
      "idx": 59
    }
  },
  "metadata": {}
}