{
  "job_type": "GPU training",
  "start_time": 1763083275.209906,
  "end_time": 1763083275.8721666,
  "wall_clock_sec": 0.6622605323791504,
  "cpu_percent_avg": 3.65,
  "cpu_percent_peak": 7.3,
  "ram_used_MB_avg": 255448.91392000002,
  "ram_used_MB_peak": 255563.706368,
  "gpu_util_avg": 21.5,
  "gpu_util_peak": 30.0,
  "gpu_mem_MB_avg": 1397.22752,
  "gpu_mem_MB_peak": 1740.111872,
  "gpu": {
    "enabled": true,
    "index": 0,
    "name": "Quadro RTX 6000",
    "mem_total_MB": 25769.803776,
    "samples": 2
  },
  "samples": 2,
  "interval_sec": 120.0,
  "runtime": {
    "initial": null,
    "current": null
  },
  "metadata": {}
}