{
  "job_type": "GPU training",
  "start_time": 1762921818.9273887,
  "end_time": 1763002248.9320202,
  "wall_clock_sec": 80430.00463151932,
  "cpu_percent_avg": 6.2791356184798675,
  "cpu_percent_peak": 8.5,
  "ram_used_MB_avg": 289253.624513049,
  "ram_used_MB_peak": 364564.303872,
  "gpu_util_avg": 20.883755588673623,
  "gpu_util_peak": 39.0,
  "gpu_mem_MB_avg": 1836.22144152608,
  "gpu_mem_MB_peak": 4705.4848,
  "gpu": {
    "enabled": true,
    "index": 0,
    "name": "Quadro RTX 6000",
    "mem_total_MB": 25769.803776,
    "samples": 671
  },
  "samples": 671,
  "interval_sec": 120.0,
  "runtime": {
    "initial": {
      "idx": 0
    },
    "current": {
      "idx": 49
    }
  },
  "metadata": {}
}