{
  "job_type": "GPU training",
  "start_time": 1763213473.8416467,
  "end_time": 1763310482.490479,
  "wall_clock_sec": 97008.64883232117,
  "cpu_percent_avg": 4.213810741687972,
  "cpu_percent_peak": 12.5,
  "ram_used_MB_avg": 243586.59755015842,
  "ram_used_MB_peak": 388147.634176,
  "gpu_util_avg": 81.69565217391305,
  "gpu_util_peak": 97.0,
  "gpu_mem_MB_avg": 7608.910117319811,
  "gpu_mem_MB_peak": 8874.622976,
  "gpu": {
    "enabled": true,
    "index": 0,
    "name": "Quadro RTX 6000",
    "mem_total_MB": 25769.803776,
    "samples": 782
  },
  "samples": 782,
  "interval_sec": 120.0,
  "runtime": {
    "initial": {
      "idx": 0
    },
    "current": {
      "idx": 59
    }
  },
  "metadata": {}
}