{
  "job_type": "GPU training",
  "start_time": 1765035383.239901,
  "end_time": 1765203528.879526,
  "wall_clock_sec": 168145.63962483406,
  "cpu_percent_avg": 9.63555078683834,
  "cpu_percent_peak": 11.1,
  "ram_used_MB_avg": 11921.770182500715,
  "ram_used_MB_peak": 13520.265216,
  "gpu_util_avg": 75.7474964234621,
  "gpu_util_peak": 100.0,
  "gpu_mem_MB_avg": 8133.250398123032,
  "gpu_mem_MB_peak": 16870.539264,
  "gpu": {
    "enabled": true,
    "index": 0,
    "name": "NVIDIA GeForce RTX 3090",
    "mem_total_MB": 25769.803776,
    "samples": 1398
  },
  "samples": 1398,
  "interval_sec": 120.0,
  "runtime": {
    "initial": {
      "epoch": 0
    },
    "current": {
      "epoch": 5989
    }
  },
  "metadata": {}
}