{
  "job_type": "GPU training",
  "start_time": 1764800069.1110883,
  "end_time": 1764844792.2957428,
  "wall_clock_sec": 44723.18465447426,
  "cpu_percent_avg": 10.072117962466487,
  "cpu_percent_peak": 11.0,
  "ram_used_MB_avg": 12846.388385973189,
  "ram_used_MB_peak": 13259.894784,
  "gpu_util_avg": 85.57640750670241,
  "gpu_util_peak": 100.0,
  "gpu_mem_MB_avg": 16766.84743172118,
  "gpu_mem_MB_peak": 16824.40192,
  "gpu": {
    "enabled": true,
    "index": 0,
    "name": "NVIDIA GeForce RTX 3090",
    "mem_total_MB": 25769.803776,
    "samples": 373
  },
  "samples": 373,
  "interval_sec": 120.0,
  "runtime": {
    "initial": {
      "epoch": 0
    },
    "current": {
      "epoch": 1111
    }
  },
  "metadata": {}
}