{
  "job_type": "GPU training",
  "start_time": 1759040754.6767235,
  "end_time": 1759213068.6321595,
  "wall_clock_sec": 172313.9554359913,
  "cpu_percent_avg": 10.096378830083566,
  "cpu_percent_peak": 33.3,
  "ram_used_MB_avg": 24755.703534172702,
  "ram_used_MB_peak": 25073.893376,
  "gpu_util_avg": 95.34610027855153,
  "gpu_util_peak": 97.0,
  "gpu_mem_MB_avg": 2483.9568358328693,
  "gpu_mem_MB_peak": 2488.270848,
  "gpu": {
    "enabled": true,
    "index": 0,
    "name": "NVIDIA GeForce RTX 3090",
    "mem_total_MB": 25769.803776,
    "samples": 1436
  },
  "samples": 1436,
  "interval_sec": 120.0,
  "runtime": {
    "initial": {
      "epoch": 40
    },
    "current": {
      "epoch": 473
    }
  },
  "metadata": {}
}