{
  "job_type": "GPU training",
  "start_time": 1763410229.6932206,
  "end_time": 1763468927.3583717,
  "wall_clock_sec": 58697.66515111923,
  "cpu_percent_avg": 5.697933884297514,
  "cpu_percent_peak": 7.7,
  "ram_used_MB_avg": 139649.55823180164,
  "ram_used_MB_peak": 273553.965056,
  "gpu_util_avg": 94.32438016528926,
  "gpu_util_peak": 100.0,
  "gpu_mem_MB_avg": 10037.987717289254,
  "gpu_mem_MB_peak": 25523.912704,
  "gpu": {
    "enabled": true,
    "index": 0,
    "name": "Quadro RTX 6000",
    "mem_total_MB": 25769.803776,
    "samples": 484
  },
  "samples": 484,
  "interval_sec": 120.0,
  "runtime": {
    "initial": {
      "idx": 0
    },
    "current": {
      "idx": 36
    }
  },
  "metadata": {}
}