{
  "job_type": "CPU multiprocessing drift evaluation",
  "start_time": 1758646368.8457096,
  "end_time": 1758726886.5739536,
  "wall_clock_sec": 80517.72824406624,
  "cpu_percent_avg": 17.878947368421088,
  "cpu_percent_peak": 50.9,
  "ram_used_MB_avg": 192951.35926318218,
  "ram_used_MB_peak": 1440890.888192,
  "gpu_util_avg": null,
  "gpu_util_peak": null,
  "gpu_mem_MB_avg": null,
  "gpu_mem_MB_peak": null,
  "samples": 665,
  "interval_sec": 120.0,
  "metadata": {}
}