{
  "job_type": "GPU training",
  "start_time": 1764008566.7825432,
  "end_time": 1764415778.1040096,
  "wall_clock_sec": 407211.3214664459,
  "cpu_percent_avg": 9.25501034584688,
  "cpu_percent_peak": 10.9,
  "ram_used_MB_avg": 11516.903071668934,
  "ram_used_MB_peak": 13905.805312,
  "gpu_util_avg": 83.09074785693171,
  "gpu_util_peak": 100.0,
  "gpu_mem_MB_avg": 11735.459784910436,
  "gpu_mem_MB_peak": 11738.80832,
  "gpu": {
    "enabled": true,
    "index": 0,
    "name": "NVIDIA GeForce RTX 3090",
    "mem_total_MB": 25769.803776,
    "samples": 3383
  },
  "samples": 3383,
  "interval_sec": 120.0,
  "runtime": {
    "initial": {
      "epoch": 0
    },
    "current": {
      "epoch": 12999
    }
  },
  "metadata": {}
}