{
  "job_type": "GPU training",
  "start_time": 1761229568.4068897,
  "end_time": 1761242251.2962217,
  "wall_clock_sec": 12682.889332056046,
  "cpu_percent_avg": 10.035514018691588,
  "cpu_percent_peak": 10.8,
  "ram_used_MB_avg": 24082.96348471028,
  "ram_used_MB_peak": 24400.031744,
  "gpu_util_avg": 95.96261682242991,
  "gpu_util_peak": 98.0,
  "gpu_mem_MB_avg": 2721.05472,
  "gpu_mem_MB_peak": 2721.05472,
  "gpu": {
    "enabled": true,
    "index": 0,
    "name": "NVIDIA GeForce RTX 3090",
    "mem_total_MB": 25769.803776,
    "samples": 107
  },
  "samples": 107,
  "interval_sec": 120.0,
  "runtime": {
    "initial": {
      "epoch": 0
    },
    "current": {
      "epoch": 1354
    }
  },
  "metadata": {}
}