{
  "job_type": "GPU training",
  "start_time": 1765038462.0607822,
  "end_time": 1765182209.2446625,
  "wall_clock_sec": 143747.18388032913,
  "cpu_percent_avg": 18.544527986632996,
  "cpu_percent_peak": 26.8,
  "ram_used_MB_avg": 41608.72344658975,
  "ram_used_MB_peak": 55005.5936,
  "gpu_util_avg": 25.528822055137844,
  "gpu_util_peak": 100.0,
  "gpu_mem_MB_avg": 5894.6546278227515,
  "gpu_mem_MB_peak": 25699.680256,
  "gpu": {
    "enabled": true,
    "index": 0,
    "name": "NVIDIA GeForce RTX 3090",
    "mem_total_MB": 25769.803776,
    "samples": 1197
  },
  "samples": 1197,
  "interval_sec": 120.0,
  "runtime": {
    "initial": {
      "epoch": 0
    },
    "current": {
      "epoch": 5467
    }
  },
  "metadata": {}
}