{
  "job_type": "GPU training",
  "start_time": 1765367266.454599,
  "end_time": 1765391289.1076577,
  "wall_clock_sec": 24022.65305876732,
  "cpu_percent_avg": 10.29253731343283,
  "cpu_percent_peak": 23.5,
  "ram_used_MB_avg": 155290.95477747265,
  "ram_used_MB_peak": 192136.0896,
  "gpu_util_avg": 25.044776119402986,
  "gpu_util_peak": 100.0,
  "gpu_mem_MB_avg": 2929.6515693532347,
  "gpu_mem_MB_peak": 12628.525056,
  "gpu": {
    "enabled": true,
    "index": 0,
    "name": "Quadro RTX 6000",
    "mem_total_MB": 25769.803776,
    "samples": 201
  },
  "samples": 201,
  "interval_sec": 120.0,
  "runtime": {
    "initial": {
      "epoch": 1
    },
    "current": {
      "epoch": 10925
    }
  },
  "metadata": {}
}