{
  "job_type": "GPU training",
  "start_time": 1762626554.3178673,
  "end_time": 1762634669.7542691,
  "wall_clock_sec": 8115.436401844025,
  "cpu_percent_avg": 10.278260869565221,
  "cpu_percent_peak": 11.9,
  "ram_used_MB_avg": 418597.24023837666,
  "ram_used_MB_peak": 443011.39968,
  "gpu_util_avg": 6.405797101449275,
  "gpu_util_peak": 100.0,
  "gpu_mem_MB_avg": 1481.554305855072,
  "gpu_mem_MB_peak": 11271.667712,
  "gpu": {
    "enabled": true,
    "index": 0,
    "name": "Quadro RTX 6000",
    "mem_total_MB": 25769.803776,
    "samples": 69
  },
  "samples": 69,
  "interval_sec": 120.0,
  "runtime": {
    "initial": {
      "idx": 0
    },
    "current": {
      "idx": 49
    }
  },
  "metadata": {}
}