{
  "job_type": "GPU training",
  "start_time": 1761214698.6745253,
  "end_time": 1761215899.062701,
  "wall_clock_sec": 1200.388175725937,
  "cpu_percent_avg": 9.0,
  "cpu_percent_peak": 10.1,
  "ram_used_MB_avg": 23816.520052363634,
  "ram_used_MB_peak": 24266.62912,
  "gpu_util_avg": 98.0,
  "gpu_util_peak": 99.0,
  "gpu_mem_MB_avg": 4438.240907636363,
  "gpu_mem_MB_peak": 4438.622208,
  "gpu": {
    "enabled": true,
    "index": 0,
    "name": "NVIDIA GeForce RTX 3090",
    "mem_total_MB": 25769.803776,
    "samples": 11
  },
  "samples": 11,
  "interval_sec": 120.0,
  "runtime": {
    "initial": {
      "epoch": 1
    },
    "current": {
      "epoch": 74
    }
  },
  "metadata": {}
}