{
  "job_type": "GPU training",
  "start_time": 1762478372.6822422,
  "end_time": 1762493498.2287107,
  "wall_clock_sec": 15125.546468496323,
  "cpu_percent_avg": 10.032283464566929,
  "cpu_percent_peak": 10.2,
  "ram_used_MB_avg": 15077.869132598425,
  "ram_used_MB_peak": 15975.944192,
  "gpu_util_avg": 81.29133858267717,
  "gpu_util_peak": 100.0,
  "gpu_mem_MB_avg": 18409.848832,
  "gpu_mem_MB_peak": 18409.848832,
  "gpu": {
    "enabled": true,
    "index": 0,
    "name": "NVIDIA GeForce RTX 3090",
    "mem_total_MB": 25769.803776,
    "samples": 127
  },
  "samples": 127,
  "interval_sec": 120.0,
  "runtime": {
    "initial": {
      "epoch": 0
    },
    "current": {
      "epoch": 451
    }
  },
  "metadata": {}
}