{
  "job_type": "GPU training",
  "start_time": 1761042705.1332319,
  "end_time": 1761042947.9382827,
  "wall_clock_sec": 242.80505084991455,
  "cpu_percent_avg": 2.725,
  "cpu_percent_peak": 5.1,
  "ram_used_MB_avg": 19591.645184,
  "ram_used_MB_peak": 20915.785728,
  "gpu_util_avg": 73.25,
  "gpu_util_peak": 98.0,
  "gpu_mem_MB_avg": 3443.7038079999998,
  "gpu_mem_MB_peak": 4432.330752,
  "gpu": {
    "enabled": true,
    "index": 0,
    "name": "NVIDIA GeForce RTX 3090",
    "mem_total_MB": 25769.803776,
    "samples": 4
  },
  "samples": 4,
  "interval_sec": 120.0,
  "runtime": {
    "initial": {
      "epoch": 0
    },
    "current": {
      "epoch": 3
    }
  },
  "metadata": {}
}