{
  "job_type": "GPU training",
  "start_time": 1761042982.7642534,
  "end_time": 1761045863.6847284,
  "wall_clock_sec": 2880.9204750061035,
  "cpu_percent_avg": 4.896,
  "cpu_percent_peak": 5.1,
  "ram_used_MB_avg": 20654.7656704,
  "ram_used_MB_peak": 20813.144064,
  "gpu_util_avg": 72.84,
  "gpu_util_peak": 100.0,
  "gpu_mem_MB_avg": 21541.932236800003,
  "gpu_mem_MB_peak": 22419.603456,
  "gpu": {
    "enabled": true,
    "index": 0,
    "name": "NVIDIA GeForce RTX 3090",
    "mem_total_MB": 25769.803776,
    "samples": 25
  },
  "samples": 25,
  "interval_sec": 120.0,
  "runtime": {
    "initial": {
      "epoch": 0
    },
    "current": {
      "epoch": 67
    }
  },
  "metadata": {}
}