{
  "job_type": "GPU training",
  "start_time": 1761057713.9283001,
  "end_time": 1761061777.5864294,
  "wall_clock_sec": 4063.6581292152405,
  "cpu_percent_avg": 9.825714285714286,
  "cpu_percent_peak": 10.8,
  "ram_used_MB_avg": 24689.54591817143,
  "ram_used_MB_peak": 24965.214208,
  "gpu_util_avg": 84.6,
  "gpu_util_peak": 99.0,
  "gpu_mem_MB_avg": 4432.330752,
  "gpu_mem_MB_peak": 4432.330752,
  "gpu": {
    "enabled": true,
    "index": 0,
    "name": "NVIDIA GeForce RTX 3090",
    "mem_total_MB": 25769.803776,
    "samples": 35
  },
  "samples": 35,
  "interval_sec": 120.0,
  "runtime": {
    "initial": {
      "epoch": 0
    },
    "current": {
      "epoch": 69
    }
  },
  "metadata": {}
}