{
  "job_type": "GPU training",
  "start_time": 1764008604.2154963,
  "end_time": 1764057593.529707,
  "wall_clock_sec": 48989.314210653305,
  "cpu_percent_avg": 10.068872549019607,
  "cpu_percent_peak": 10.2,
  "ram_used_MB_avg": 12886.337234823528,
  "ram_used_MB_peak": 13386.125312,
  "gpu_util_avg": 83.74264705882354,
  "gpu_util_peak": 100.0,
  "gpu_mem_MB_avg": 11738.80832,
  "gpu_mem_MB_peak": 11738.80832,
  "gpu": {
    "enabled": true,
    "index": 0,
    "name": "NVIDIA GeForce RTX 3090",
    "mem_total_MB": 25769.803776,
    "samples": 408
  },
  "samples": 408,
  "interval_sec": 120.0,
  "runtime": {
    "initial": {
      "epoch": 0
    },
    "current": {
      "epoch": 1881
    }
  },
  "metadata": {}
}