{
  "job_type": "GPU training",
  "start_time": 1763375963.591581,
  "end_time": 1763382276.574211,
  "wall_clock_sec": 6312.982629776001,
  "cpu_percent_avg": 2.301886792452832,
  "cpu_percent_peak": 2.5,
  "ram_used_MB_avg": 120143.71411079241,
  "ram_used_MB_peak": 121372.909568,
  "gpu_util_avg": 16.07547169811321,
  "gpu_util_peak": 93.0,
  "gpu_mem_MB_avg": 3138.912256000001,
  "gpu_mem_MB_peak": 3138.912256,
  "gpu": {
    "enabled": true,
    "index": 0,
    "name": "Quadro RTX 6000",
    "mem_total_MB": 25769.803776,
    "samples": 53
  },
  "samples": 53,
  "interval_sec": 120.0,
  "runtime": {
    "initial": {
      "idx": 0
    },
    "current": {
      "idx": 3
    }
  },
  "metadata": {}
}