{
  "job_type": "GPU training",
  "start_time": 1764870817.8394418,
  "end_time": 1764963506.3531103,
  "wall_clock_sec": 92688.51366853714,
  "cpu_percent_avg": 11.07800776196636,
  "cpu_percent_peak": 17.2,
  "ram_used_MB_avg": 38079.162916429545,
  "ram_used_MB_peak": 54595.743744,
  "gpu_util_avg": 81.1875808538163,
  "gpu_util_peak": 100.0,
  "gpu_mem_MB_avg": 22363.109728372463,
  "gpu_mem_MB_peak": 25699.680256,
  "gpu": {
    "enabled": true,
    "index": 0,
    "name": "NVIDIA GeForce RTX 3090",
    "mem_total_MB": 25769.803776,
    "samples": 773
  },
  "samples": 773,
  "interval_sec": 120.0,
  "runtime": {
    "initial": {
      "epoch": 0
    },
    "current": {
      "epoch": 4197
    }
  },
  "metadata": {}
}