{
  "job_type": "GPU training",
  "start_time": 1758732078.2897735,
  "end_time": 1758814140.6182454,
  "wall_clock_sec": 82062.32847189903,
  "cpu_percent_avg": 10.078508771929824,
  "cpu_percent_peak": 10.8,
  "ram_used_MB_avg": 25502.39723040936,
  "ram_used_MB_peak": 25800.97024,
  "gpu_util_avg": 99.80994152046783,
  "gpu_util_peak": 100.0,
  "gpu_mem_MB_avg": 3308.2572800000003,
  "gpu_mem_MB_peak": 3308.25728,
  "gpu": {
    "enabled": true,
    "index": 0,
    "name": "NVIDIA GeForce RTX 3090",
    "mem_total_MB": 25769.803776,
    "samples": 684
  },
  "samples": 684,
  "interval_sec": 120.0,
  "runtime": {
    "initial": {
      "epoch": 4
    },
    "current": {
      "epoch": 97
    }
  },
  "metadata": {}
}