{
  "job_type": "GPU training",
  "start_time": 1758882302.345863,
  "end_time": 1758895147.0343928,
  "wall_clock_sec": 12844.688529729843,
  "cpu_percent_avg": 9.898148148148149,
  "cpu_percent_peak": 10.2,
  "ram_used_MB_avg": 24444.19712948148,
  "ram_used_MB_peak": 24676.896768,
  "gpu_util_avg": 98.4074074074074,
  "gpu_util_peak": 100.0,
  "gpu_mem_MB_avg": 2469.655589925926,
  "gpu_mem_MB_peak": 2488.270848,
  "gpu": {
    "enabled": true,
    "index": 0,
    "name": "NVIDIA GeForce RTX 3090",
    "mem_total_MB": 25769.803776,
    "samples": 108
  },
  "samples": 108,
  "interval_sec": 120.0,
  "runtime": {
    "initial": {
      "epoch": 0
    },
    "current": {
      "epoch": 23
    }
  },
  "metadata": {}
}