{
  "job_type": "GPU training",
  "start_time": 1761143932.8215578,
  "end_time": 1761145013.1544282,
  "wall_clock_sec": 1080.3328704833984,
  "cpu_percent_avg": 2.3400000000000003,
  "cpu_percent_peak": 2.6,
  "ram_used_MB_avg": 18276.9197056,
  "ram_used_MB_peak": 18382.815232,
  "gpu_util_avg": 0.0,
  "gpu_util_peak": 0.0,
  "gpu_mem_MB_avg": 477.82297600000004,
  "gpu_mem_MB_peak": 477.822976,
  "gpu": {
    "enabled": true,
    "index": 0,
    "name": "NVIDIA GeForce RTX 3090",
    "mem_total_MB": 25769.803776,
    "samples": 10
  },
  "samples": 10,
  "interval_sec": 120.0,
  "runtime": {
    "initial": {
      "epoch": 0
    },
    "current": {
      "epoch": 112
    }
  },
  "metadata": {}
}