{
  "job_type": "GPU training",
  "start_time": 1761046317.615754,
  "end_time": 1761059693.9952693,
  "wall_clock_sec": 13376.37951540947,
  "cpu_percent_avg": 5.775892857142857,
  "cpu_percent_peak": 10.8,
  "ram_used_MB_avg": 21394.782427428574,
  "ram_used_MB_peak": 24965.214208,
  "gpu_util_avg": 81.66964285714286,
  "gpu_util_peak": 99.0,
  "gpu_mem_MB_avg": 4397.022646857143,
  "gpu_mem_MB_peak": 4432.330752,
  "gpu": {
    "enabled": true,
    "index": 0,
    "name": "NVIDIA GeForce RTX 3090",
    "mem_total_MB": 25769.803776,
    "samples": 112
  },
  "samples": 112,
  "interval_sec": 120.0,
  "runtime": {
    "initial": {
      "epoch": 0
    },
    "current": {
      "epoch": 189
    }
  },
  "metadata": {}
}