{
  "job_type": "GPU training",
  "start_time": 1762893835.6615345,
  "end_time": 1762974924.797369,
  "wall_clock_sec": 81089.13583445549,
  "cpu_percent_avg": 3.6382570162481533,
  "cpu_percent_peak": 6.7,
  "ram_used_MB_avg": 146621.85810056137,
  "ram_used_MB_peak": 229487.706112,
  "gpu_util_avg": 95.8109305760709,
  "gpu_util_peak": 100.0,
  "gpu_mem_MB_avg": 19712.53278251126,
  "gpu_mem_MB_peak": 20530.593792,
  "gpu": {
    "enabled": true,
    "index": 0,
    "name": "Quadro RTX 6000",
    "mem_total_MB": 25769.803776,
    "samples": 677
  },
  "samples": 677,
  "interval_sec": 120.0,
  "runtime": {
    "initial": {
      "idx": 0
    },
    "current": {
      "idx": 49
    }
  },
  "metadata": {}
}