{
  "job_type": "GPU training",
  "start_time": 1764970435.3924634,
  "end_time": 1764972469.2214932,
  "wall_clock_sec": 2033.8290297985077,
  "cpu_percent_avg": 3.855555555555556,
  "cpu_percent_peak": 4.6,
  "ram_used_MB_avg": 318750.25328355556,
  "ram_used_MB_peak": 337467.400192,
  "gpu_util_avg": 0.0,
  "gpu_util_peak": 0.0,
  "gpu_mem_MB_avg": 716.701696,
  "gpu_mem_MB_peak": 716.701696,
  "gpu": {
    "enabled": true,
    "index": 0,
    "name": "Quadro RTX 6000",
    "mem_total_MB": 25769.803776,
    "samples": 18
  },
  "samples": 18,
  "interval_sec": 120.0,
  "runtime": {
    "initial": {
      "idx": 0
    },
    "current": {
      "idx": 59
    }
  },
  "metadata": {}
}