{
  "job_type": "GPU training",
  "start_time": 1765038442.0688314,
  "end_time": 1765132545.6632009,
  "wall_clock_sec": 94103.59436941147,
  "cpu_percent_avg": 18.687261146496624,
  "cpu_percent_peak": 25.0,
  "ram_used_MB_avg": 41759.89871400763,
  "ram_used_MB_peak": 52484.071424,
  "gpu_util_avg": 34.105732484076434,
  "gpu_util_peak": 100.0,
  "gpu_mem_MB_avg": 8382.341673090274,
  "gpu_mem_MB_peak": 25699.680256,
  "gpu": {
    "enabled": true,
    "index": 0,
    "name": "NVIDIA GeForce RTX 3090",
    "mem_total_MB": 25769.803776,
    "samples": 785
  },
  "samples": 785,
  "interval_sec": 120.0,
  "runtime": {
    "initial": {
      "epoch": 0
    },
    "current": {
      "epoch": 3585
    }
  },
  "metadata": {}
}