{
  "job_type": "GPU training",
  "start_time": 1759042304.764353,
  "end_time": 1759097048.590425,
  "wall_clock_sec": 54743.826071977615,
  "cpu_percent_avg": 10.085995623632385,
  "cpu_percent_peak": 10.9,
  "ram_used_MB_avg": 24787.55359593873,
  "ram_used_MB_peak": 25054.785536,
  "gpu_util_avg": 95.43326039387308,
  "gpu_util_peak": 96.0,
  "gpu_mem_MB_avg": 2488.270848,
  "gpu_mem_MB_peak": 2488.270848,
  "gpu": {
    "enabled": true,
    "index": 0,
    "name": "NVIDIA GeForce RTX 3090",
    "mem_total_MB": 25769.803776,
    "samples": 457
  },
  "samples": 457,
  "interval_sec": 120.0,
  "runtime": {
    "initial": {
      "epoch": 0
    },
    "current": {
      "epoch": 139
    }
  },
  "metadata": {}
}