{
  "job_type": "GPU training",
  "start_time": 1764009151.2030017,
  "end_time": 1764009151.2320604,
  "wall_clock_sec": 0.02905869483947754,
  "cpu_percent_avg": 0.0,
  "cpu_percent_peak": 0.0,
  "ram_used_MB_avg": 121148.973056,
  "ram_used_MB_peak": 121148.973056,
  "gpu_util_avg": 100.0,
  "gpu_util_peak": 100.0,
  "gpu_mem_MB_avg": 13614.186496,
  "gpu_mem_MB_peak": 13614.186496,
  "gpu": {
    "enabled": true,
    "index": 0,
    "name": "Quadro RTX 6000",
    "mem_total_MB": 25769.803776,
    "samples": 1
  },
  "samples": 1,
  "interval_sec": 120.0,
  "runtime": {
    "initial": null,
    "current": null
  },
  "metadata": {}
}