{
  "job_type": "GPU training",
  "start_time": 1761303715.1729577,
  "end_time": 1761339371.8454263,
  "wall_clock_sec": 35656.67246866226,
  "cpu_percent_avg": 10.061409395973154,
  "cpu_percent_peak": 10.9,
  "ram_used_MB_avg": 23577.1577144698,
  "ram_used_MB_peak": 23851.782144,
  "gpu_util_avg": 78.99664429530202,
  "gpu_util_peak": 100.0,
  "gpu_mem_MB_avg": 8398.638746630872,
  "gpu_mem_MB_peak": 8425.30816,
  "gpu": {
    "enabled": true,
    "index": 0,
    "name": "NVIDIA GeForce RTX 3090",
    "mem_total_MB": 25769.803776,
    "samples": 298
  },
  "samples": 298,
  "interval_sec": 120.0,
  "runtime": {
    "initial": {
      "epoch": 0
    },
    "current": {
      "epoch": 2087
    }
  },
  "metadata": {}
}