{
  "job_type": "GPU training",
  "start_time": 1762896466.251797,
  "end_time": 1762899712.6547565,
  "wall_clock_sec": 3246.40295958519,
  "cpu_percent_avg": 7.185714285714285,
  "cpu_percent_peak": 7.7,
  "ram_used_MB_avg": 8332.137618285715,
  "ram_used_MB_peak": 8382.091264,
  "gpu_util_avg": 29.75,
  "gpu_util_peak": 99.0,
  "gpu_mem_MB_avg": 2697.986048,
  "gpu_mem_MB_peak": 2697.986048,
  "gpu": {
    "enabled": true,
    "index": 0,
    "name": "NVIDIA GeForce RTX 3090",
    "mem_total_MB": 25769.803776,
    "samples": 28
  },
  "samples": 28,
  "interval_sec": 120.0,
  "runtime": {
    "initial": {
      "epoch": 0
    },
    "current": {
      "epoch": 361
    }
  },
  "metadata": {}
}