{
  "job_type": "GPU training",
  "start_time": 1765449500.2561767,
  "end_time": 1765555401.6085527,
  "wall_clock_sec": 105901.35237598419,
  "cpu_percent_avg": 15.542695356738124,
  "cpu_percent_peak": 47.0,
  "ram_used_MB_avg": 40183.33044258215,
  "ram_used_MB_peak": 69616.49664,
  "gpu_util_avg": 76.4167610419026,
  "gpu_util_peak": 99.0,
  "gpu_mem_MB_avg": 16419.589165227888,
  "gpu_mem_MB_peak": 18705.678336,
  "gpu": {
    "enabled": true,
    "index": 0,
    "name": "NVIDIA GeForce RTX 3090",
    "mem_total_MB": 25769.803776,
    "samples": 883
  },
  "samples": 883,
  "interval_sec": 120.0,
  "runtime": {
    "initial": {
      "epoch": 18646
    },
    "current": {
      "epoch": 23669
    }
  },
  "metadata": {}
}