{
  "job_type": "GPU training",
  "start_time": 1765202898.5742404,
  "end_time": 1765203618.9063668,
  "wall_clock_sec": 720.3321263790131,
  "cpu_percent_avg": 11.5,
  "cpu_percent_peak": 12.6,
  "ram_used_MB_avg": 39673.40836571429,
  "ram_used_MB_peak": 40554.778624,
  "gpu_util_avg": 70.42857142857143,
  "gpu_util_peak": 98.0,
  "gpu_mem_MB_avg": 14115.087506285712,
  "gpu_mem_MB_peak": 16410.411008,
  "gpu": {
    "enabled": true,
    "index": 0,
    "name": "NVIDIA GeForce RTX 3090",
    "mem_total_MB": 25769.803776,
    "samples": 7
  },
  "samples": 7,
  "interval_sec": 120.0,
  "runtime": {
    "initial": {
      "epoch": 6968
    },
    "current": {
      "epoch": 7000
    }
  },
  "metadata": {}
}