{
  "job_type": "GPU training",
  "start_time": 1761303756.0148702,
  "end_time": 1761313479.5582564,
  "wall_clock_sec": 9723.543386220932,
  "cpu_percent_avg": 9.978048780487804,
  "cpu_percent_peak": 10.2,
  "ram_used_MB_avg": 23573.153242536584,
  "ram_used_MB_peak": 23599.67744,
  "gpu_util_avg": 75.67073170731707,
  "gpu_util_peak": 99.0,
  "gpu_mem_MB_avg": 8425.30816,
  "gpu_mem_MB_peak": 8425.30816,
  "gpu": {
    "enabled": true,
    "index": 0,
    "name": "NVIDIA GeForce RTX 3090",
    "mem_total_MB": 25769.803776,
    "samples": 82
  },
  "samples": 82,
  "interval_sec": 120.0,
  "runtime": {
    "initial": {
      "epoch": 0
    },
    "current": {
      "epoch": 576
    }
  },
  "metadata": {}
}