{
  "job_type": "GPU training",
  "start_time": 1765243785.2541487,
  "end_time": 1765283178.1409178,
  "wall_clock_sec": 39392.88676905632,
  "cpu_percent_avg": 11.03100303951368,
  "cpu_percent_peak": 20.0,
  "ram_used_MB_avg": 233238.2522234165,
  "ram_used_MB_peak": 274741.731328,
  "gpu_util_avg": 2.5653495440729484,
  "gpu_util_peak": 100.0,
  "gpu_mem_MB_avg": 1065.4982318297898,
  "gpu_mem_MB_peak": 12628.525056,
  "gpu": {
    "enabled": true,
    "index": 0,
    "name": "Quadro RTX 6000",
    "mem_total_MB": 25769.803776,
    "samples": 329
  },
  "samples": 329,
  "interval_sec": 120.0,
  "runtime": {
    "initial": {
      "epoch": 0
    },
    "current": {
      "epoch": 2981
    }
  },
  "metadata": {}
}