{
  "job_type": "GPU training",
  "start_time": 1762985320.9794798,
  "end_time": 1763049905.2719483,
  "wall_clock_sec": 64584.29246854782,
  "cpu_percent_avg": 7.990130353817504,
  "cpu_percent_peak": 66.7,
  "ram_used_MB_avg": 12396.981661795158,
  "ram_used_MB_peak": 22620.319744,
  "gpu_util_avg": 36.82122905027933,
  "gpu_util_peak": 100.0,
  "gpu_mem_MB_avg": 9071.323605094973,
  "gpu_mem_MB_peak": 25248.661504,
  "gpu": {
    "enabled": true,
    "index": 0,
    "name": "NVIDIA GeForce RTX 3090",
    "mem_total_MB": 25769.803776,
    "samples": 537
  },
  "samples": 537,
  "interval_sec": 120.0,
  "runtime": {
    "initial": {
      "epoch": 0
    },
    "current": {
      "epoch": 7227
    }
  },
  "metadata": {}
}