{
  "job_type": "GPU training",
  "start_time": 1762262985.3986573,
  "end_time": 1762268026.9362183,
  "wall_clock_sec": 5041.537560939789,
  "cpu_percent_avg": 7.4325581395348825,
  "cpu_percent_peak": 7.7,
  "ram_used_MB_avg": 9323.819293767441,
  "ram_used_MB_peak": 9371.369472,
  "gpu_util_avg": 57.69767441860465,
  "gpu_util_peak": 96.0,
  "gpu_mem_MB_avg": 1443.889152,
  "gpu_mem_MB_peak": 1443.889152,
  "gpu": {
    "enabled": true,
    "index": 0,
    "name": "NVIDIA GeForce RTX 3090",
    "mem_total_MB": 25769.803776,
    "samples": 43
  },
  "samples": 43,
  "interval_sec": 120.0,
  "runtime": {
    "initial": {
      "epoch": 1
    },
    "current": {
      "epoch": 241
    }
  },
  "metadata": {}
}