{
  "job_type": "GPU training",
  "start_time": 1762427999.974835,
  "end_time": 1762428240.0510588,
  "wall_clock_sec": 240.07622385025024,
  "cpu_percent_avg": 10.933333333333332,
  "cpu_percent_peak": 14.3,
  "ram_used_MB_avg": 616527.200256,
  "ram_used_MB_peak": 632099.221504,
  "gpu_util_avg": 0.0,
  "gpu_util_peak": 0.0,
  "gpu_mem_MB_avg": 716.701696,
  "gpu_mem_MB_peak": 716.701696,
  "gpu": {
    "enabled": true,
    "index": 0,
    "name": "Quadro RTX 6000",
    "mem_total_MB": 25769.803776,
    "samples": 3
  },
  "samples": 3,
  "interval_sec": 120.0,
  "runtime": {
    "initial": {
      "idx": 10
    },
    "current": {
      "idx": 10
    }
  },
  "metadata": {}
}