{
  "job_type": "GPU training",
  "start_time": 1763372243.1141353,
  "end_time": 1763382160.107975,
  "wall_clock_sec": 9916.993839740753,
  "cpu_percent_avg": 7.894047619047615,
  "cpu_percent_peak": 14.3,
  "ram_used_MB_avg": 201964.5676495238,
  "ram_used_MB_peak": 255745.298432,
  "gpu_util_avg": 52.773809523809526,
  "gpu_util_peak": 97.0,
  "gpu_mem_MB_avg": 8874.622975999993,
  "gpu_mem_MB_peak": 8874.622976,
  "gpu": {
    "enabled": true,
    "index": 0,
    "name": "Quadro RTX 6000",
    "mem_total_MB": 25769.803776,
    "samples": 84
  },
  "samples": 84,
  "interval_sec": 120.0,
  "runtime": {
    "initial": {
      "idx": 0
    },
    "current": {
      "idx": 59
    }
  },
  "metadata": {}
}