{
  "job_type": "GPU training",
  "start_time": 1761223096.4907696,
  "end_time": 1761243988.6691318,
  "wall_clock_sec": 20892.17836213112,
  "cpu_percent_avg": 9.98,
  "cpu_percent_peak": 10.8,
  "ram_used_MB_avg": 24063.70279424,
  "ram_used_MB_peak": 24707.149824,
  "gpu_util_avg": 95.14857142857143,
  "gpu_util_peak": 98.0,
  "gpu_mem_MB_avg": 2708.2242691657143,
  "gpu_mem_MB_peak": 2721.05472,
  "gpu": {
    "enabled": true,
    "index": 0,
    "name": "NVIDIA GeForce RTX 3090",
    "mem_total_MB": 25769.803776,
    "samples": 175
  },
  "samples": 175,
  "interval_sec": 120.0,
  "runtime": {
    "initial": {
      "epoch": 0
    },
    "current": {
      "epoch": 1288
    }
  },
  "metadata": {}
}