{
  "job_type": "GPU training",
  "start_time": 1763182478.662088,
  "end_time": 1763279669.825397,
  "wall_clock_sec": 97191.16330909729,
  "cpu_percent_avg": 7.546329113924051,
  "cpu_percent_peak": 10.4,
  "ram_used_MB_avg": 281741.39803155436,
  "ram_used_MB_peak": 410378.932224,
  "gpu_util_avg": 84.3379746835443,
  "gpu_util_peak": 100.0,
  "gpu_mem_MB_avg": 16938.91040113388,
  "gpu_mem_MB_peak": 20775.960576,
  "gpu": {
    "enabled": true,
    "index": 0,
    "name": "Quadro RTX 6000",
    "mem_total_MB": 25769.803776,
    "samples": 790
  },
  "samples": 790,
  "interval_sec": 120.0,
  "runtime": {
    "initial": {
      "idx": 0
    },
    "current": {
      "idx": 59
    }
  },
  "metadata": {}
}