{
  "job_type": "GPU training",
  "start_time": 1762920584.5043151,
  "end_time": 1763001000.5568469,
  "wall_clock_sec": 80416.05253171921,
  "cpu_percent_avg": 6.02921013412816,
  "cpu_percent_peak": 14.3,
  "ram_used_MB_avg": 281821.05916661693,
  "ram_used_MB_peak": 370025.119744,
  "gpu_util_avg": 99.80923994038749,
  "gpu_util_peak": 100.0,
  "gpu_mem_MB_avg": 20104.800051505077,
  "gpu_mem_MB_peak": 20134.232064,
  "gpu": {
    "enabled": true,
    "index": 0,
    "name": "Quadro RTX 6000",
    "mem_total_MB": 25769.803776,
    "samples": 671
  },
  "samples": 671,
  "interval_sec": 120.0,
  "runtime": {
    "initial": {
      "idx": 0
    },
    "current": {
      "idx": 49
    }
  },
  "metadata": {}
}