{
  "job_type": "GPU training",
  "start_time": 1763083217.0252721,
  "end_time": 1763083217.2665465,
  "wall_clock_sec": 0.24127435684204102,
  "cpu_percent_avg": 6.699999999999999,
  "cpu_percent_peak": 7.1,
  "ram_used_MB_avg": 226302.69952,
  "ram_used_MB_peak": 226421.788672,
  "gpu_util_avg": 15.0,
  "gpu_util_peak": 15.0,
  "gpu_mem_MB_avg": 626.52416,
  "gpu_mem_MB_peak": 626.52416,
  "gpu": {
    "enabled": true,
    "index": 0,
    "name": "Quadro RTX 6000",
    "mem_total_MB": 25769.803776,
    "samples": 2
  },
  "samples": 2,
  "interval_sec": 120.0,
  "runtime": {
    "initial": null,
    "current": null
  },
  "metadata": {}
}