{
  "job_type": "GPU training",
  "start_time": 1763139933.0167675,
  "end_time": 1763149682.628707,
  "wall_clock_sec": 9749.611939430237,
  "cpu_percent_avg": 3.0421686746987917,
  "cpu_percent_peak": 7.1,
  "ram_used_MB_avg": 314841.9321707954,
  "ram_used_MB_peak": 355962.1632,
  "gpu_util_avg": 98.46987951807229,
  "gpu_util_peak": 100.0,
  "gpu_mem_MB_avg": 13626.996810024093,
  "gpu_mem_MB_peak": 25693.782016,
  "gpu": {
    "enabled": true,
    "index": 0,
    "name": "Quadro RTX 6000",
    "mem_total_MB": 25769.803776,
    "samples": 83
  },
  "samples": 83,
  "interval_sec": 120.0,
  "runtime": {
    "initial": {
      "idx": 0
    },
    "current": {
      "idx": 59
    }
  },
  "metadata": {}
}