{
  "job_type": "GPU training",
  "start_time": 1760995805.7739866,
  "end_time": 1761036980.8481593,
  "wall_clock_sec": 41175.074172735214,
  "cpu_percent_avg": 5.087209302325581,
  "cpu_percent_peak": 5.5,
  "ram_used_MB_avg": 20594.992949581396,
  "ram_used_MB_peak": 20775.64928,
  "gpu_util_avg": 82.40406976744185,
  "gpu_util_peak": 98.0,
  "gpu_mem_MB_avg": 4342.09225227907,
  "gpu_mem_MB_peak": 4342.153216,
  "gpu": {
    "enabled": true,
    "index": 0,
    "name": "NVIDIA GeForce RTX 3090",
    "mem_total_MB": 25769.803776,
    "samples": 344
  },
  "samples": 344,
  "interval_sec": 120.0,
  "runtime": {
    "initial": {
      "epoch": 0
    },
    "current": {
      "epoch": 705
    }
  },
  "metadata": {}
}