{
  "job_type": "GPU training",
  "start_time": 1760907679.164687,
  "end_time": 1760947583.976091,
  "wall_clock_sec": 39904.81140398979,
  "cpu_percent_avg": 7.566867469879518,
  "cpu_percent_peak": 7.7,
  "ram_used_MB_avg": 21843.666660240964,
  "ram_used_MB_peak": 22102.990848,
  "gpu_util_avg": 73.53614457831326,
  "gpu_util_peak": 100.0,
  "gpu_mem_MB_avg": 4817.678286650603,
  "gpu_mem_MB_peak": 4830.789632,
  "gpu": {
    "enabled": true,
    "index": 0,
    "name": "NVIDIA GeForce RTX 3090",
    "mem_total_MB": 25769.803776,
    "samples": 332
  },
  "samples": 332,
  "interval_sec": 120.0,
  "runtime": {
    "initial": {
      "epoch": 0
    },
    "current": {
      "epoch": 1059
    }
  },
  "metadata": {}
}