{
  "job_type": "GPU training",
  "start_time": 1759040969.6173701,
  "end_time": 1759213061.943574,
  "wall_clock_sec": 172092.3262038231,
  "cpu_percent_avg": 10.075121951219511,
  "cpu_percent_peak": 10.9,
  "ram_used_MB_avg": 24758.22953290035,
  "ram_used_MB_peak": 25018.322944,
  "gpu_util_avg": 95.45993031358886,
  "gpu_util_peak": 97.0,
  "gpu_mem_MB_avg": 2486.8683776000003,
  "gpu_mem_MB_peak": 2488.270848,
  "gpu": {
    "enabled": true,
    "index": 0,
    "name": "NVIDIA GeForce RTX 3090",
    "mem_total_MB": 25769.803776,
    "samples": 1435
  },
  "samples": 1435,
  "interval_sec": 120.0,
  "runtime": {
    "initial": {
      "epoch": 28
    },
    "current": {
      "epoch": 331
    }
  },
  "metadata": {}
}