{
  "job_type": "GPU training",
  "start_time": 1765410517.0370493,
  "end_time": 1765418678.6218598,
  "wall_clock_sec": 8161.584810495377,
  "cpu_percent_avg": 11.179710144927526,
  "cpu_percent_peak": 15.0,
  "ram_used_MB_avg": 36102.2552449855,
  "ram_used_MB_peak": 38605.06624,
  "gpu_util_avg": 77.81159420289855,
  "gpu_util_peak": 98.0,
  "gpu_mem_MB_avg": 16410.41100800001,
  "gpu_mem_MB_peak": 16410.411008,
  "gpu": {
    "enabled": true,
    "index": 0,
    "name": "NVIDIA GeForce RTX 3090",
    "mem_total_MB": 25769.803776,
    "samples": 69
  },
  "samples": 69,
  "interval_sec": 120.0,
  "runtime": {
    "initial": {
      "epoch": 22787
    },
    "current": {
      "epoch": 23387
    }
  },
  "metadata": {}
}