{
  "job_type": "GPU training",
  "start_time": 1765241607.7358766,
  "end_time": 1765241851.3380682,
  "wall_clock_sec": 243.60219168663025,
  "cpu_percent_avg": 16.0,
  "cpu_percent_peak": 25.0,
  "ram_used_MB_avg": 222584.589312,
  "ram_used_MB_peak": 234571.317248,
  "gpu_util_avg": 71.25,
  "gpu_util_peak": 95.0,
  "gpu_mem_MB_avg": 762.8390400000001,
  "gpu_mem_MB_peak": 888.66816,
  "gpu": {
    "enabled": true,
    "index": 0,
    "name": "Quadro RTX 6000",
    "mem_total_MB": 25769.803776,
    "samples": 4
  },
  "samples": 4,
  "interval_sec": 120.0,
  "runtime": {
    "initial": {
      "idx": 0
    },
    "current": {
      "idx": 59
    }
  },
  "metadata": {}
}