{
  "job_type": "GPU training",
  "start_time": 1761081080.717362,
  "end_time": 1761131269.073097,
  "wall_clock_sec": 50188.35573506355,
  "cpu_percent_avg": 4.344868735083533,
  "cpu_percent_peak": 5.2,
  "ram_used_MB_avg": 19684.0733155895,
  "ram_used_MB_peak": 20278.59968,
  "gpu_util_avg": 0.0,
  "gpu_util_peak": 0.0,
  "gpu_mem_MB_avg": 477.822976,
  "gpu_mem_MB_peak": 477.822976,
  "gpu": {
    "enabled": true,
    "index": 0,
    "name": "NVIDIA GeForce RTX 3090",
    "mem_total_MB": 25769.803776,
    "samples": 419
  },
  "samples": 419,
  "interval_sec": 120.0,
  "runtime": {
    "initial": {
      "epoch": 0
    },
    "current": {
      "epoch": 1139
    }
  },
  "metadata": {}
}