{
  "job_type": "GPU training",
  "start_time": 1764869600.8481305,
  "end_time": 1764928629.937238,
  "wall_clock_sec": 59029.08910751343,
  "cpu_percent_avg": 9.80630081300813,
  "cpu_percent_peak": 11.0,
  "ram_used_MB_avg": 12408.026378406503,
  "ram_used_MB_peak": 12985.30304,
  "gpu_util_avg": 81.34959349593495,
  "gpu_util_peak": 100.0,
  "gpu_mem_MB_avg": 15937.620450861788,
  "gpu_mem_MB_peak": 16870.539264,
  "gpu": {
    "enabled": true,
    "index": 0,
    "name": "NVIDIA GeForce RTX 3090",
    "mem_total_MB": 25769.803776,
    "samples": 492
  },
  "samples": 492,
  "interval_sec": 120.0,
  "runtime": {
    "initial": {
      "epoch": 22
    },
    "current": {
      "epoch": 1513
    }
  },
  "metadata": {}
}