{
  "job_type": "GPU training",
  "start_time": 1763601902.9629245,
  "end_time": 1763604888.728489,
  "wall_clock_sec": 2985.765564441681,
  "cpu_percent_avg": 5.449999999999999,
  "cpu_percent_peak": 6.0,
  "ram_used_MB_avg": 216894.01344,
  "ram_used_MB_peak": 217636.429824,
  "gpu_util_avg": 96.15384615384616,
  "gpu_util_peak": 100.0,
  "gpu_mem_MB_avg": 20022.1150916923,
  "gpu_mem_MB_peak": 20023.083008,
  "gpu": {
    "enabled": true,
    "index": 0,
    "name": "Quadro RTX 6000",
    "mem_total_MB": 25769.803776,
    "samples": 26
  },
  "samples": 26,
  "interval_sec": 120.0,
  "runtime": {
    "initial": {
      "idx": 0
    },
    "current": {
      "idx": 59
    }
  },
  "metadata": {}
}