{
  "job_type": "GPU training",
  "start_time": 1765449500.2561767,
  "end_time": 1765475787.724579,
  "wall_clock_sec": 26287.46840238571,
  "cpu_percent_avg": 18.798181818181796,
  "cpu_percent_peak": 47.0,
  "ram_used_MB_avg": 45364.893472581825,
  "ram_used_MB_peak": 69616.49664,
  "gpu_util_avg": 75.68636363636364,
  "gpu_util_peak": 99.0,
  "gpu_mem_MB_avg": 16398.736961163584,
  "gpu_mem_MB_peak": 18705.678336,
  "gpu": {
    "enabled": true,
    "index": 0,
    "name": "NVIDIA GeForce RTX 3090",
    "mem_total_MB": 25769.803776,
    "samples": 220
  },
  "samples": 220,
  "interval_sec": 120.0,
  "runtime": {
    "initial": {
      "epoch": 18646
    },
    "current": {
      "epoch": 19888
    }
  },
  "metadata": {}
}