{
  "job_type": "GPU training",
  "start_time": 1765242607.7464337,
  "end_time": 1765242885.3836353,
  "wall_clock_sec": 277.6372015476227,
  "cpu_percent_avg": 15.775,
  "cpu_percent_peak": 16.1,
  "ram_used_MB_avg": 247333.823488,
  "ram_used_MB_peak": 251752.779776,
  "gpu_util_avg": 71.75,
  "gpu_util_peak": 96.0,
  "gpu_mem_MB_avg": 850.9194239999999,
  "gpu_mem_MB_peak": 1006.108672,
  "gpu": {
    "enabled": true,
    "index": 0,
    "name": "Quadro RTX 6000",
    "mem_total_MB": 25769.803776,
    "samples": 4
  },
  "samples": 4,
  "interval_sec": 120.0,
  "runtime": {
    "initial": {
      "idx": 0
    },
    "current": {
      "idx": 59
    }
  },
  "metadata": {}
}