{
  "job_type": "GPU training",
  "start_time": 1765182216.7349212,
  "end_time": 1765199622.1733718,
  "wall_clock_sec": 17405.438450574875,
  "cpu_percent_avg": 21.128082191780823,
  "cpu_percent_peak": 27.2,
  "ram_used_MB_avg": 49627.79144416438,
  "ram_used_MB_peak": 80143.548416,
  "gpu_util_avg": 73.67808219178082,
  "gpu_util_peak": 98.0,
  "gpu_mem_MB_avg": 16300.36125106845,
  "gpu_mem_MB_peak": 16410.411008,
  "gpu": {
    "enabled": true,
    "index": 0,
    "name": "NVIDIA GeForce RTX 3090",
    "mem_total_MB": 25769.803776,
    "samples": 146
  },
  "samples": 146,
  "interval_sec": 120.0,
  "runtime": {
    "initial": {
      "epoch": 6000
    },
    "current": {
      "epoch": 6817
    }
  },
  "metadata": {}
}