{
  "job_type": "GPU training",
  "start_time": 1760982696.2003582,
  "end_time": 1760983896.7585764,
  "wall_clock_sec": 1200.558218240738,
  "cpu_percent_avg": 4.636363636363637,
  "cpu_percent_peak": 5.1,
  "ram_used_MB_avg": 20075.420951272725,
  "ram_used_MB_peak": 20193.64864,
  "gpu_util_avg": 60.0,
  "gpu_util_peak": 62.0,
  "gpu_mem_MB_avg": 11663.310848,
  "gpu_mem_MB_peak": 11663.310848,
  "gpu": {
    "enabled": true,
    "index": 0,
    "name": "NVIDIA GeForce RTX 3090",
    "mem_total_MB": 25769.803776,
    "samples": 11
  },
  "samples": 11,
  "interval_sec": 120.0,
  "runtime": {
    "initial": {
      "epoch": 0
    },
    "current": {
      "epoch": 71
    }
  },
  "metadata": {}
}