{
  "job_type": "GPU training",
  "start_time": 1762370997.1922035,
  "end_time": 1762372686.7640676,
  "wall_clock_sec": 1689.5718641281128,
  "cpu_percent_avg": 19.24375,
  "cpu_percent_peak": 22.4,
  "ram_used_MB_avg": 617215.36896,
  "ram_used_MB_peak": 630800.314368,
  "gpu_util_avg": 36.3125,
  "gpu_util_peak": 44.0,
  "gpu_mem_MB_avg": 6748.1108479999975,
  "gpu_mem_MB_peak": 6748.110848,
  "gpu": {
    "enabled": true,
    "index": 0,
    "name": "Quadro RTX 6000",
    "mem_total_MB": 25769.803776,
    "samples": 16
  },
  "samples": 16,
  "interval_sec": 120.0,
  "runtime": {
    "initial": {
      "idx": 20
    },
    "current": {
      "idx": 39
    }
  },
  "metadata": {}
}