{
  "job_type": "GPU training",
  "start_time": 1761223153.2887206,
  "end_time": 1761243923.8638818,
  "wall_clock_sec": 20770.575161218643,
  "cpu_percent_avg": 10.282183908045976,
  "cpu_percent_peak": 50.0,
  "ram_used_MB_avg": 24099.976886436783,
  "ram_used_MB_peak": 24697.36448,
  "gpu_util_avg": 95.35632183908046,
  "gpu_util_peak": 98.0,
  "gpu_mem_MB_avg": 2708.1625835402297,
  "gpu_mem_MB_peak": 2721.05472,
  "gpu": {
    "enabled": true,
    "index": 0,
    "name": "NVIDIA GeForce RTX 3090",
    "mem_total_MB": 25769.803776,
    "samples": 174
  },
  "samples": 174,
  "interval_sec": 120.0,
  "runtime": {
    "initial": {
      "epoch": 0
    },
    "current": {
      "epoch": 356
    }
  },
  "metadata": {}
}