{
  "job_type": "GPU training",
  "start_time": 1761214760.2300265,
  "end_time": 1761218121.395819,
  "wall_clock_sec": 3361.16579246521,
  "cpu_percent_avg": 10.906896551724138,
  "cpu_percent_peak": 33.3,
  "ram_used_MB_avg": 24184.846689103448,
  "ram_used_MB_peak": 24278.880256,
  "gpu_util_avg": 98.24137931034483,
  "gpu_util_peak": 99.0,
  "gpu_mem_MB_avg": 4438.477576827586,
  "gpu_mem_MB_peak": 4438.622208,
  "gpu": {
    "enabled": true,
    "index": 0,
    "name": "NVIDIA GeForce RTX 3090",
    "mem_total_MB": 25769.803776,
    "samples": 29
  },
  "samples": 29,
  "interval_sec": 120.0,
  "runtime": {
    "initial": {
      "epoch": 0
    },
    "current": {
      "epoch": 286
    }
  },
  "metadata": {}
}