{
  "job_type": "GPU training",
  "start_time": 1765325136.4131074,
  "end_time": 1765365585.3060274,
  "wall_clock_sec": 40448.89292001724,
  "cpu_percent_avg": 10.026331360946765,
  "cpu_percent_peak": 12.8,
  "ram_used_MB_avg": 30738.044067597646,
  "ram_used_MB_peak": 37325.0048,
  "gpu_util_avg": 76.01479289940828,
  "gpu_util_peak": 98.0,
  "gpu_mem_MB_avg": 16410.411008000043,
  "gpu_mem_MB_peak": 16410.411008,
  "gpu": {
    "enabled": true,
    "index": 0,
    "name": "NVIDIA GeForce RTX 3090",
    "mem_total_MB": 25769.803776,
    "samples": 338
  },
  "samples": 338,
  "interval_sec": 120.0,
  "runtime": {
    "initial": {
      "epoch": 16497
    },
    "current": {
      "epoch": 19487
    }
  },
  "metadata": {}
}