{
  "job_type": "GPU training",
  "start_time": 1761067356.1192229,
  "end_time": 1761068436.4651334,
  "wall_clock_sec": 1080.3459105491638,
  "cpu_percent_avg": 4.569999999999999,
  "cpu_percent_peak": 5.1,
  "ram_used_MB_avg": 19957.5257088,
  "ram_used_MB_peak": 20267.114496,
  "gpu_util_avg": 0.0,
  "gpu_util_peak": 0.0,
  "gpu_mem_MB_avg": 477.82297600000004,
  "gpu_mem_MB_peak": 477.822976,
  "gpu": {
    "enabled": true,
    "index": 0,
    "name": "NVIDIA GeForce RTX 3090",
    "mem_total_MB": 25769.803776,
    "samples": 10
  },
  "samples": 10,
  "interval_sec": 120.0,
  "runtime": {
    "initial": {
      "epoch": 145
    },
    "current": {
      "epoch": 235
    }
  },
  "metadata": {}
}