{
  "job_type": "GPU training",
  "start_time": 1759042304.764353,
  "end_time": 1759100890.2191222,
  "wall_clock_sec": 58585.45476913452,
  "cpu_percent_avg": 10.086298568507157,
  "cpu_percent_peak": 10.9,
  "ram_used_MB_avg": 24785.56200624949,
  "ram_used_MB_peak": 25054.785536,
  "gpu_util_avg": 95.34560327198363,
  "gpu_util_peak": 97.0,
  "gpu_mem_MB_avg": 2488.270848,
  "gpu_mem_MB_peak": 2488.270848,
  "gpu": {
    "enabled": true,
    "index": 0,
    "name": "NVIDIA GeForce RTX 3090",
    "mem_total_MB": 25769.803776,
    "samples": 489
  },
  "samples": 489,
  "interval_sec": 120.0,
  "runtime": {
    "initial": {
      "epoch": 0
    },
    "current": {
      "epoch": 148
    }
  },
  "metadata": {}
}