{
  "job_type": "GPU training",
  "start_time": 1765038557.8406148,
  "end_time": 1765132545.6631901,
  "wall_clock_sec": 93987.82257533073,
  "cpu_percent_avg": 18.698341836734496,
  "cpu_percent_peak": 25.1,
  "ram_used_MB_avg": 41770.77182693877,
  "ram_used_MB_peak": 52483.821568,
  "gpu_util_avg": 34.128826530612244,
  "gpu_util_peak": 100.0,
  "gpu_mem_MB_avg": 8360.253231020235,
  "gpu_mem_MB_peak": 25699.680256,
  "gpu": {
    "enabled": true,
    "index": 0,
    "name": "NVIDIA GeForce RTX 3090",
    "mem_total_MB": 25769.803776,
    "samples": 784
  },
  "samples": 784,
  "interval_sec": 120.0,
  "runtime": {
    "initial": {
      "epoch": 0
    },
    "current": {
      "epoch": 3573
    }
  },
  "metadata": {}
}