{
  "job_type": "GPU training",
  "start_time": 1763429094.5913088,
  "end_time": 1763539454.5068195,
  "wall_clock_sec": 110359.91551065445,
  "cpu_percent_avg": 9.673173391494002,
  "cpu_percent_peak": 15.2,
  "ram_used_MB_avg": 12020.461134726282,
  "ram_used_MB_peak": 21349.822464,
  "gpu_util_avg": 82.30643402399127,
  "gpu_util_peak": 100.0,
  "gpu_mem_MB_avg": 12098.668425631407,
  "gpu_mem_MB_peak": 25000.476672,
  "gpu": {
    "enabled": true,
    "index": 0,
    "name": "NVIDIA GeForce RTX 3090",
    "mem_total_MB": 25769.803776,
    "samples": 917
  },
  "samples": 917,
  "interval_sec": 120.0,
  "runtime": {
    "initial": {
      "epoch": 0
    },
    "current": {
      "epoch": 4088
    }
  },
  "metadata": {}
}