{
  "job_type": "GPU training",
  "start_time": 1763375506.5209856,
  "end_time": 1763382876.3866286,
  "wall_clock_sec": 7369.865643024445,
  "cpu_percent_avg": 7.39672131147541,
  "cpu_percent_peak": 8.3,
  "ram_used_MB_avg": 177844.3503045246,
  "ram_used_MB_peak": 180705.685504,
  "gpu_util_avg": 47.98360655737705,
  "gpu_util_peak": 97.0,
  "gpu_mem_MB_avg": 8874.622976000008,
  "gpu_mem_MB_peak": 8874.622976,
  "gpu": {
    "enabled": true,
    "index": 0,
    "name": "Quadro RTX 6000",
    "mem_total_MB": 25769.803776,
    "samples": 61
  },
  "samples": 61,
  "interval_sec": 120.0,
  "runtime": {
    "initial": {
      "idx": 0
    },
    "current": {
      "idx": 44
    }
  },
  "metadata": {}
}