{
  "job_type": "GPU training",
  "start_time": 1763408943.7382421,
  "end_time": 1763467147.2092564,
  "wall_clock_sec": 58203.471014261246,
  "cpu_percent_avg": 4.7916666666666705,
  "cpu_percent_peak": 6.3,
  "ram_used_MB_avg": 195894.64110080004,
  "ram_used_MB_peak": 270035.034112,
  "gpu_util_avg": 19.845833333333335,
  "gpu_util_peak": 96.0,
  "gpu_mem_MB_avg": 3525.7606144000174,
  "gpu_mem_MB_peak": 9073.852416,
  "gpu": {
    "enabled": true,
    "index": 0,
    "name": "Quadro RTX 6000",
    "mem_total_MB": 25769.803776,
    "samples": 480
  },
  "samples": 480,
  "interval_sec": 120.0,
  "runtime": {
    "initial": {
      "idx": 0
    },
    "current": {
      "idx": 35
    }
  },
  "metadata": {}
}