{
  "job_type": "GPU training",
  "start_time": 1764870817.8394418,
  "end_time": 1764935522.8170524,
  "wall_clock_sec": 64704.977610588074,
  "cpu_percent_avg": 10.744814814814797,
  "cpu_percent_peak": 17.2,
  "ram_used_MB_avg": 35328.3948164741,
  "ram_used_MB_peak": 43816.742912,
  "gpu_util_avg": 76.28148148148148,
  "gpu_util_peak": 100.0,
  "gpu_mem_MB_avg": 20923.44133404431,
  "gpu_mem_MB_peak": 25699.680256,
  "gpu": {
    "enabled": true,
    "index": 0,
    "name": "NVIDIA GeForce RTX 3090",
    "mem_total_MB": 25769.803776,
    "samples": 540
  },
  "samples": 540,
  "interval_sec": 120.0,
  "runtime": {
    "initial": {
      "epoch": 0
    },
    "current": {
      "epoch": 2924
    }
  },
  "metadata": {}
}