{
  "job_type": "GPU training",
  "start_time": 1763429094.5913088,
  "end_time": 1763586072.897575,
  "wall_clock_sec": 156978.3062660694,
  "cpu_percent_avg": 9.594478527607361,
  "cpu_percent_peak": 15.2,
  "ram_used_MB_avg": 11940.302175803681,
  "ram_used_MB_peak": 21349.822464,
  "gpu_util_avg": 82.3213190184049,
  "gpu_util_peak": 100.0,
  "gpu_mem_MB_avg": 11991.869452564417,
  "gpu_mem_MB_peak": 25000.476672,
  "gpu": {
    "enabled": true,
    "index": 0,
    "name": "NVIDIA GeForce RTX 3090",
    "mem_total_MB": 25769.803776,
    "samples": 1304
  },
  "samples": 1304,
  "interval_sec": 120.0,
  "runtime": {
    "initial": {
      "epoch": 0
    },
    "current": {
      "epoch": 5869
    }
  },
  "metadata": {}
}