{
  "job_type": "GPU training",
  "start_time": 1764800069.1110883,
  "end_time": 1764851285.047154,
  "wall_clock_sec": 51215.93606567383,
  "cpu_percent_avg": 10.076580796252927,
  "cpu_percent_peak": 11.0,
  "ram_used_MB_avg": 12849.702312468384,
  "ram_used_MB_peak": 13309.288448,
  "gpu_util_avg": 86.01873536299766,
  "gpu_util_peak": 100.0,
  "gpu_mem_MB_avg": 16774.125985274004,
  "gpu_mem_MB_peak": 16824.40192,
  "gpu": {
    "enabled": true,
    "index": 0,
    "name": "NVIDIA GeForce RTX 3090",
    "mem_total_MB": 25769.803776,
    "samples": 427
  },
  "samples": 427,
  "interval_sec": 120.0,
  "runtime": {
    "initial": {
      "epoch": 0
    },
    "current": {
      "epoch": 1272
    }
  },
  "metadata": {}
}