{
  "job_type": "GPU training",
  "start_time": 1765418714.2960846,
  "end_time": 1765530932.5120971,
  "wall_clock_sec": 112218.21601247787,
  "cpu_percent_avg": 7.6295064377682404,
  "cpu_percent_peak": 50.0,
  "ram_used_MB_avg": 10800.266771776824,
  "ram_used_MB_peak": 14719.05792,
  "gpu_util_avg": 73.62875536480686,
  "gpu_util_peak": 98.0,
  "gpu_mem_MB_avg": 7848.990412360515,
  "gpu_mem_MB_peak": 7856.979968,
  "gpu": {
    "enabled": true,
    "index": 0,
    "name": "NVIDIA GeForce RTX 3090",
    "mem_total_MB": 25769.803776,
    "samples": 932
  },
  "samples": 932,
  "interval_sec": 120.0,
  "runtime": {
    "initial": {
      "epoch": 0
    },
    "current": {
      "epoch": 5999
    }
  },
  "metadata": {}
}