{
  "job_type": "GPU training",
  "start_time": 1764869603.6855853,
  "end_time": 1765010811.114386,
  "wall_clock_sec": 141207.4288008213,
  "cpu_percent_avg": 9.973191489361701,
  "cpu_percent_peak": 11.0,
  "ram_used_MB_avg": 12311.33495383149,
  "ram_used_MB_peak": 13019.426816,
  "gpu_util_avg": 84.70382978723404,
  "gpu_util_peak": 100.0,
  "gpu_mem_MB_avg": 16481.265519332766,
  "gpu_mem_MB_peak": 16870.539264,
  "gpu": {
    "enabled": true,
    "index": 0,
    "name": "NVIDIA GeForce RTX 3090",
    "mem_total_MB": 25769.803776,
    "samples": 1175
  },
  "samples": 1175,
  "interval_sec": 120.0,
  "runtime": {
    "initial": {
      "epoch": 36
    },
    "current": {
      "epoch": 5999
    }
  },
  "metadata": {}
}