{
  "job_type": "GPU training",
  "start_time": 1765303444.4747796,
  "end_time": 1765308005.3086443,
  "wall_clock_sec": 4560.833864688873,
  "cpu_percent_avg": 17.056410256410256,
  "cpu_percent_peak": 19.3,
  "ram_used_MB_avg": 285060.8708791795,
  "ram_used_MB_peak": 306091.982848,
  "gpu_util_avg": 2.5641025641025643,
  "gpu_util_peak": 100.0,
  "gpu_mem_MB_avg": 1022.1330642051273,
  "gpu_mem_MB_peak": 12628.525056,
  "gpu": {
    "enabled": true,
    "index": 0,
    "name": "Quadro RTX 6000",
    "mem_total_MB": 25769.803776,
    "samples": 39
  },
  "samples": 39,
  "interval_sec": 120.0,
  "runtime": {
    "initial": {
      "epoch": 0
    },
    "current": {
      "epoch": 1087
    }
  },
  "metadata": {}
}