{
  "job_type": "GPU training",
  "start_time": 1762985341.0145507,
  "end_time": 1762987144.5613227,
  "wall_clock_sec": 1803.5467720031738,
  "cpu_percent_avg": 9.9375,
  "cpu_percent_peak": 25.0,
  "ram_used_MB_avg": 12976.210432,
  "ram_used_MB_peak": 16070.844416,
  "gpu_util_avg": 76.125,
  "gpu_util_peak": 100.0,
  "gpu_mem_MB_avg": 14968.557568,
  "gpu_mem_MB_peak": 21048.066048,
  "gpu": {
    "enabled": true,
    "index": 0,
    "name": "NVIDIA GeForce RTX 3090",
    "mem_total_MB": 25769.803776,
    "samples": 16
  },
  "samples": 16,
  "interval_sec": 120.0,
  "runtime": {
    "initial": {
      "epoch": 0
    },
    "current": {
      "epoch": 201
    }
  },
  "metadata": {}
}