{
  "job_type": "GPU training",
  "start_time": 1764800070.9533796,
  "end_time": 1764804279.9899857,
  "wall_clock_sec": 4209.0366060733795,
  "cpu_percent_avg": 9.727777777777778,
  "cpu_percent_peak": 10.2,
  "ram_used_MB_avg": 12746.038385777778,
  "ram_used_MB_peak": 13115.199488,
  "gpu_util_avg": 84.52777777777777,
  "gpu_util_peak": 100.0,
  "gpu_mem_MB_avg": 16228.073471999998,
  "gpu_mem_MB_peak": 16824.40192,
  "gpu": {
    "enabled": true,
    "index": 0,
    "name": "NVIDIA GeForce RTX 3090",
    "mem_total_MB": 25769.803776,
    "samples": 36
  },
  "samples": 36,
  "interval_sec": 120.0,
  "runtime": {
    "initial": {
      "epoch": 0
    },
    "current": {
      "epoch": 162
    }
  },
  "metadata": {}
}