{
  "job_type": "GPU training",
  "start_time": 1761046330.5213532,
  "end_time": 1761055693.9353318,
  "wall_clock_sec": 9363.41397857666,
  "cpu_percent_avg": 5.035443037974683,
  "cpu_percent_peak": 5.1,
  "ram_used_MB_avg": 20834.087793417722,
  "ram_used_MB_peak": 20908.17536,
  "gpu_util_avg": 85.72151898734177,
  "gpu_util_peak": 99.0,
  "gpu_mem_MB_avg": 4432.038743493671,
  "gpu_mem_MB_peak": 4432.330752,
  "gpu": {
    "enabled": true,
    "index": 0,
    "name": "NVIDIA GeForce RTX 3090",
    "mem_total_MB": 25769.803776,
    "samples": 79
  },
  "samples": 79,
  "interval_sec": 120.0,
  "runtime": {
    "initial": {
      "epoch": 0
    },
    "current": {
      "epoch": 154
    }
  },
  "metadata": {}
}